Route,From,To,Year,Month,Passenger,OwnShFli,RouteHHI,AirHHI_From,AirHHI_To,AirFli_From,AirFli_To,Business_From,Business_To,Accommodation_From,Accommodation_To,Port_From,Port_To,EGrowth_From,EGrowth_To,OFW_From,OFW_To,Travelers_From,Travelers_To,Establishment_From,Establishment_To,Entry,Cluster_Scenario1,Cluster_Scenario2
BCD-CEB,BCD,CEB,2023.7837837837837,6.594594594594595,2641.0484324324325,46.26810810810811,5254.664864864865,3584.3729729729725,3082.4816216216213,503.5945945945946,2071.5405405405404,0.0525,0.0056,0.1407,0.5096,1.7466000000000002,1.891,0.1829,0.0813,2618.0,2606.0,5909568.0,7517450.0,147.0,386.0,0.9459459459459459,0,1
BCD-DVO,BCD,DVO,2023.7837837837837,6.594594594594595,2889.359135135135,97.29729729729729,9729.72972972973,3584.3729729729725,5105.256756756757,503.5945945945946,783.7297297297297,0.0525,0.6037,0.1407,0.4554,1.7466000000000002,1.7601,0.1829,0.1592,2618.0,1837.0,5909568.0,4116016.0,147.0,205.0,0.972972972972973,0,1
BCD-MNL,BCD,MNL,2023.7837837837837,6.594594594594595,31168.1527027027,46.54243243243243,3742.2437837837833,3584.3729729729725,3733.60027027027,503.5945945945946,5801.648648648648,0.0525,0.1691,0.1407,0.5725,1.7466000000000002,1.9890999999999999,0.1829,0.1717,2618.0,4565.0,5909568.0,7348669.0,147.0,1351.0,1.0,2,0
BPA-CEB,BPA,CEB,2023.7837837837837,6.594594594594595,0.0,0.0,9189.18918918919,9189.18918918919,3082.4816216216213,8.594594594594595,2071.5405405405404,0.0,0.0056,0.0491,0.5096,1.9297999999999997,1.891,0.007199999999999999,0.0813,1528.0,2606.0,1695713.0,7517450.0,103.0,386.0,0.0,0,1
BSO-CRK,BSO,CRK,2023.7837837837837,6.594594594594595,0.0,0.0,4054.054054054054,4054.054054054054,7781.164594594594,6.27027027027027,176.67567567567568,0.0348,0.0065,0.2377,0.1865,1.996,1.2661,0.0006,0.1108,1216.0,3779.0,1113791.0,5691259.0,46.0,243.0,0.0,0,1
BSO-MNL,BSO,MNL,2023.7837837837837,6.594594594594595,0.0,0.0,270.27027027027026,4054.054054054054,3733.60027027027,6.27027027027027,5801.648648648648,0.0348,0.1691,0.2377,0.5725,1.996,1.9890999999999999,0.0006,0.1717,1216.0,4565.0,1113791.0,7348669.0,46.0,1351.0,0.0,2,0
BXU-CEB,BXU,CEB,2023.7837837837837,6.594594594594595,2555.9435675675677,63.08513513513514,5604.774594594594,4742.987297297297,3082.4816216216213,230.0,2071.5405405405404,0.018,0.0056,0.0452,0.5096,1.8643,1.891,0.2916,0.0813,920.0,2606.0,1728856.0,7517450.0,47.0,386.0,1.0,0,1
BXU-MNL,BXU,MNL,2023.7837837837837,6.594594594594595,18230.16454054054,69.36594594594594,5833.833513513513,4742.987297297297,3733.60027027027,230.0,5801.648648648648,0.018,0.1691,0.0452,0.5725,1.8643,1.9890999999999999,0.2916,0.1717,920.0,4565.0,1728856.0,7348669.0,47.0,1351.0,1.0,2,0
CBO-CEB,CBO,CEB,2023.7837837837837,6.594594594594595,0.0,0.0,8648.648648648648,9189.18918918919,3082.4816216216213,42.2972972972973,2071.5405405405404,0.165,0.0056,0.0388,0.5096,1.9501,1.891,0.0101,0.0813,940.0,2606.0,1878952.0,7517450.0,6.0,386.0,0.0,0,1
CBO-MNL,CBO,MNL,2023.7837837837837,6.594594594594595,0.0,0.0,8918.918918918918,9189.18918918919,3733.60027027027,42.2972972972973,5801.648648648648,0.165,0.1691,0.0388,0.5725,1.9501,1.9890999999999999,0.0101,0.1717,940.0,4565.0,1878952.0,7348669.0,6.0,1351.0,0.0,2,0
CBO-TAG,CBO,TAG,2023.7837837837837,6.594594594594595,0.0,0.0,270.27027027027026,9189.18918918919,3962.4800000000005,42.2972972972973,296.6756756756757,0.165,0.0022,0.0388,0.746,1.9501,1.9782,0.0101,0.0036999999999999997,940.0,2606.0,1878952.0,7517450.0,6.0,386.0,0.0,0,1
CBO-TWT,CBO,TWT,2023.7837837837837,6.594594594594595,0.0,0.0,8918.918918918918,9189.18918918919,6409.242432432433,42.2972972972973,40.351351351351354,0.165,0.007,0.0388,0.0,1.9501,1.9938,0.0101,0.0007,940.0,940.0,1878952.0,1878952.0,6.0,6.0,0.0,0,1
CEB-BAG,CEB,BAG,2023.7837837837837,6.594594594594595,0.0,0.0,270.27027027027026,3240.667027027027,540.5405405405405,2008.1081081081081,0.08108108108108109,0.0056,0.2033,0.5096,0.5139,1.891,1.4349,0.0813,0.1274,2606.0,627.0,7517450.0,1983511.0,386.0,38.0,0.0,0,1
CEB-BCD,CEB,BCD,2023.7837837837837,6.594594594594595,2646.5806486486485,45.73864864864865,5208.336756756757,3240.667027027027,3453.4864864864867,2008.1081081081081,465.0,0.0056,0.0525,0.5096,0.1407,1.891,1.7466000000000002,0.0813,0.1829,2606.0,2618.0,7517450.0,5909568.0,386.0,147.0,0.972972972972973,1,1
CEB-BPA,CEB,BPA,2023.7837837837837,6.594594594594595,0.0,0.0,9189.18918918919,3240.667027027027,9189.18918918919,2008.1081081081081,8.91891891891892,0.0056,0.0,0.5096,0.0491,1.891,1.9297999999999997,0.0813,0.007199999999999999,2606.0,1528.0,7517450.0,1695713.0,386.0,103.0,0.0,1,1
CEB-BXU,CEB,BXU,2023.7837837837837,6.594594594594595,1445.1252432432432,47.51135135135135,5850.709459459459,3240.667027027027,5054.772432432433,2008.1081081081081,212.0810810810811,0.0056,0.018,0.5096,0.0452,1.891,1.8643,0.0813,0.2916,2606.0,920.0,7517450.0,1728856.0,386.0,47.0,0.972972972972973,1,1
CEB-CBO,CEB,CBO,2023.7837837837837,6.594594594594595,0.0,0.0,8648.648648648648,3240.667027027027,9189.18918918919,2008.1081081081081,43.21621621621622,0.0056,0.165,0.5096,0.0388,1.891,1.9501,0.0813,0.0101,2606.0,940.0,7517450.0,1878952.0,386.0,6.0,0.0,1,1
CEB-CGM,CEB,CGM,2023.7837837837837,6.594594594594595,1183.1156756756757,59.45945945945946,5945.945945945946,3240.667027027027,5839.831621621622,2008.1081081081081,19.35135135135135,0.0056,0.0017,0.5096,0.0699,1.891,1.9936,0.0813,0.0058,2606.0,1573.0,7517450.0,2941319.0,386.0,135.0,0.5945945945945946,1,1
CEB-CGY,CEB,CGY,2023.7837837837837,6.594594594594595,5924.761783783783,60.02513513513513,4995.93054054054,3240.667027027027,3336.0097297297298,2008.1081081081081,495.2972972972973,0.0056,0.072,0.5096,0.0369,1.891,1.9531,0.0813,0.0014,2606.0,1573.0,7517450.0,2941319.0,386.0,135.0,1.0,1,1
CEB-CRK,CEB,CRK,2023.7837837837837,6.594594594594595,5305.433783783784,98.25378378378377,8955.221081081081,3240.667027027027,7781.164594594594,2008.1081081081081,176.67567567567568,0.0056,0.0065,0.5096,0.1865,1.891,1.2661,0.0813,0.1108,2606.0,3779.0,7517450.0,5691259.0,386.0,243.0,1.0,1,1
CEB-CRM,CEB,CRM,2023.7837837837837,6.594594594594595,0.0,0.0,1891.8918918918919,3240.667027027027,9729.72972972973,2008.1081081081081,17.783783783783782,0.0056,0.058600000000000006,0.5096,0.0541,1.891,1.9967,0.0813,0.0006,2606.0,1528.0,7517450.0,1695713.0,386.0,103.0,0.0,1,1
CEB-CYP,CEB,CYP,2023.7837837837837,6.594594594594595,1088.8112432432433,97.29729729729729,9729.72972972973,3240.667027027027,5118.798378378378,2008.1081081081081,30.89189189189189,0.0056,0.0008999999999999999,0.5096,0.3387,1.891,1.9297,0.0813,0.0019,2606.0,1528.0,7517450.0,1695713.0,386.0,103.0,0.972972972972973,1,1
CEB-DGT,CEB,DGT,2023.7837837837837,6.594594594594595,1097.014054054054,78.37837837837837,7587.139729729729,3240.667027027027,5218.503783783784,2008.1081081081081,177.9189189189189,0.0056,0.0,0.5096,0.1754,1.891,1.9427,0.0813,0.0084,2606.0,2606.0,7517450.0,7517450.0,386.0,386.0,0.7837837837837838,1,1
CEB-DPL,CEB,DPL,2023.7837837837837,6.594594594594595,490.82075675675674,50.87432432432432,4983.544594594595,3240.667027027027,5162.585945945946,2008.1081081081081,72.4054054054054,0.0056,0.0248,0.5096,0.2653,1.891,1.9408999999999998,0.0813,0.0123,2606.0,1263.0,7517450.0,1953463.0,386.0,64.0,0.5135135135135135,1,1
CEB-DRP,CEB,DRP,2023.7837837837837,6.594594594594595,961.1137297297297,64.86486486486487,6216.163513513513,3240.667027027027,4778.798918918919,2008.1081081081081,170.16216216216216,0.0056,2.0,0.5096,0.0165,1.891,1.3268,0.0813,0.0008,2606.0,1909.0,7517450.0,4631579.0,386.0,93.0,0.6486486486486487,1,1
CEB-DVO,CEB,DVO,2023.7837837837837,6.594594594594595,15218.39427027027,68.11297297297297,5988.516216216216,3240.667027027027,5105.256756756757,2008.1081081081081,783.7297297297297,0.0056,0.6037,0.5096,0.4554,1.891,1.7601,0.0813,0.1592,2606.0,1837.0,7517450.0,4116016.0,386.0,205.0,1.0,1,1
CEB-ENI,CEB,ENI,2023.7837837837837,6.594594594594595,111.8018918918919,8.108108108108109,1081.081081081081,3240.667027027027,2428.8813513513514,2008.1081081081081,23.594594594594593,0.0056,0.014099999999999998,0.5096,0.2391,1.891,1.9942,0.0813,0.0021,2606.0,1095.0,7517450.0,2810208.0,386.0,51.0,0.08108108108108109,0,1
CEB-GES,CEB,GES,2023.7837837837837,6.594594594594595,4054.8745945945943,78.98513513513512,7500.074594594595,3240.667027027027,5577.708648648649,2008.1081081081081,197.56756756756758,0.0056,0.0677,0.5096,0.0731,1.891,1.8291999999999997,0.0813,0.1054,2606.0,1625.0,7517450.0,1705910.0,386.0,82.0,0.972972972972973,1,1
CEB-IAO,CEB,IAO,2023.7837837837837,6.594594594594595,4154.717189189189,55.5445945945946,5053.073243243243,3240.667027027027,5256.712432432432,2008.1081081081081,240.56756756756758,0.0056,0.0426,0.5096,0.0,1.891,1.977,0.0813,0.0025,2606.0,920.0,7517450.0,1728856.0,386.0,47.0,1.0,1,1
CEB-ILO,CEB,ILO,2023.7837837837837,6.594594594594595,4255.811351351351,55.030270270270265,5104.361081081081,3240.667027027027,3840.8597297297297,2008.1081081081081,617.081081081081,0.0056,2.0,0.5096,0.001,1.891,1.9148999999999998,0.0813,0.0007,2606.0,2618.0,7517450.0,5909568.0,386.0,147.0,1.0,1,1
CEB-MBT,CEB,MBT,2023.7837837837837,6.594594594594595,246.56108108108108,32.87081081081081,3440.0589189189186,3240.667027027027,4791.424054054054,2008.1081081081081,7.621621621621622,0.0056,0.0,0.5096,0.052,1.891,1.9706,0.0813,0.0011,2606.0,1909.0,7517450.0,4631579.0,386.0,93.0,0.35135135135135137,1,1
CEB-MNL,CEB,MNL,2023.7837837837837,6.594594594594595,53228.27448648649,41.483783783783785,3600.318108108108,3240.667027027027,3733.60027027027,2008.1081081081081,5801.648648648648,0.0056,0.1691,0.5096,0.5725,1.891,1.9890999999999999,0.0813,0.1717,2606.0,4565.0,7517450.0,7348669.0,386.0,1351.0,1.0,2,0
CEB-MPH,CEB,MPH,2023.7837837837837,6.594594594594595,7963.508108108108,68.37756756756757,5937.174594594594,3240.667027027027,4068.8778378378383,2008.1081081081081,642.2162162162163,0.0056,0.0902,0.5096,1.3168,1.891,1.9746,0.0813,0.0014,2606.0,2618.0,7517450.0,5909568.0,386.0,147.0,1.0,0,1
CEB-OZC,CEB,OZC,2023.7837837837837,6.594594594594595,1141.6138378378378,68.87675675675676,6796.974324324324,3240.667027027027,4652.915405405405,2008.1081081081081,96.78378378378379,0.0056,0.0094,0.5096,0.069,1.891,1.9415,0.0813,0.007799999999999999,2606.0,1573.0,7517450.0,2941319.0,386.0,135.0,0.918918918918919,1,1
CEB-PAG,CEB,PAG,2023.7837837837837,6.594594594594595,2050.5852972972975,100.0,10000.0,3240.667027027027,6919.556486486486,2008.1081081081081,87.70270270270271,0.0056,0.1565,0.5096,0.0837,1.891,1.9398999999999997,0.0813,0.0091,2606.0,1263.0,7517450.0,1953463.0,386.0,64.0,1.0,1,1
CEB-PPS,CEB,PPS,2023.7837837837837,6.594594594594595,4730.8170270270275,55.7672972972973,7236.411891891892,3240.667027027027,3870.23027027027,2008.1081081081081,429.3783783783784,0.0056,0.0354,0.5096,0.2292,1.891,1.3649,0.0813,0.1602,2606.0,1095.0,7517450.0,2810208.0,386.0,51.0,0.8648648648648649,1,1
CEB-SJI,CEB,SJI,2023.7837837837837,6.594594594594595,4.6307027027027035,6.306216216216216,690.6967567567567,3240.667027027027,2130.3786486486483,2008.1081081081081,3.4324324324324325,0.0056,0.22500000000000003,0.5096,0.0171,1.891,1.9857,0.0813,0.0183,2606.0,1095.0,7517450.0,2810208.0,386.0,51.0,0.08108108108108109,0,1
CEB-SUG,CEB,SUG,2023.7837837837837,6.594594594594595,1159.9271351351351,85.48513513513512,8292.44027027027,3240.667027027027,8280.032162162162,2008.1081081081081,19.945945945945947,0.0056,0.028199999999999996,0.5096,0.0533,1.891,1.8999000000000001,0.0813,0.0128,2606.0,920.0,7517450.0,1728856.0,386.0,47.0,0.8918918918918919,1,1
CEB-TAC,CEB,TAC,2023.7837837837837,6.594594594594595,1282.6830810810811,42.383783783783784,5519.395945945946,3240.667027027027,3548.258108108108,2008.1081081081081,350.6216216216216,0.0056,0.0177,0.5096,0.1266,1.891,1.7168,0.0813,0.1699,2606.0,1528.0,7517450.0,1695713.0,386.0,103.0,1.0,1,1
CEB-TAG,CEB,TAG,2023.7837837837837,6.594594594594595,5.246486486486487,2.7027027027027026,540.5405405405405,3240.667027027027,3962.4800000000005,2008.1081081081081,296.6756756756757,0.0056,0.0022,0.5096,0.746,1.891,1.9782,0.0813,0.0036999999999999997,2606.0,2606.0,7517450.0,7517450.0,386.0,386.0,0.02702702702702703,0,1
CEB-USU,CEB,USU,2023.7837837837837,6.594594594594595,1637.5563243243244,37.00783783783784,5482.765135135135,3240.667027027027,4928.383513513513,2008.1081081081081,158.67567567567568,0.0056,0.0053,0.5096,0.0456,1.891,1.9756999999999998,0.0813,0.0016,2606.0,1095.0,7517450.0,2810208.0,386.0,51.0,1.0,1,1
CEB-ZAM,CEB,ZAM,2023.7837837837837,6.594594594594595,2217.384972972973,67.47108108108108,7266.4445945945945,3240.667027027027,6137.459459459459,2008.1081081081081,61.54054054054054,0.0056,0.0394,0.5096,0.0863,1.891,1.405,0.0813,0.2669,2606.0,1263.0,7517450.0,1953463.0,386.0,64.0,0.6756756756756757,1,1
CGM-CEB,CGM,CEB,2023.7837837837837,6.594594594594595,1159.3595675675676,56.75675675675676,5675.675675675676,5675.675675675676,3082.4816216216213,18.91891891891892,2071.5405405405404,0.0017,0.0056,0.0699,0.5096,1.9936,1.891,0.0058,0.0813,1573.0,2606.0,2941319.0,7517450.0,135.0,386.0,0.5675675675675675,0,1
CGY-CEB,CGY,CEB,2023.7837837837837,6.594594594594595,5982.842918918919,60.582702702702704,5030.009189189189,3384.2959459459457,3082.4816216216213,526.972972972973,2071.5405405405404,0.072,0.0056,0.0369,0.5096,1.9531,1.891,0.0014,0.0813,1573.0,2606.0,2941319.0,7517450.0,135.0,386.0,1.0,0,1
CGY-DVO,CGY,DVO,2023.7837837837837,6.594594594594595,928.3232432432433,97.29729729729729,9665.038378378378,3384.2959459459457,5105.256756756757,526.972972972973,783.7297297297297,0.072,0.6037,0.0369,0.4554,1.9531,1.7601,0.0014,0.1592,1573.0,1837.0,2941319.0,4116016.0,135.0,205.0,0.972972972972973,0,1
CGY-ILO,CGY,ILO,2023.7837837837837,6.594594594594595,1354.6444324324323,45.945945945945944,4594.594594594595,3384.2959459459457,3840.8597297297297,526.972972972973,617.081081081081,0.072,2.0,0.0369,0.001,1.9531,1.9148999999999998,0.0014,0.0007,1573.0,2618.0,2941319.0,5909568.0,135.0,147.0,0.4594594594594595,0,1
CGY-MNL,CGY,MNL,2023.7837837837837,6.594594594594595,27444.587567567567,46.6027027027027,3936.7005405405407,3384.2959459459457,3733.60027027027,526.972972972973,5801.648648648648,0.072,0.1691,0.0369,0.5725,1.9531,1.9890999999999999,0.0014,0.1717,1573.0,4565.0,2941319.0,7348669.0,135.0,1351.0,1.0,2,0
CGY-TAC,CGY,TAC,2023.7837837837837,6.594594594594595,4.092,2.7027027027027026,270.27027027027026,3384.2959459459457,3548.258108108108,526.972972972973,350.6216216216216,0.072,0.0177,0.0369,0.1266,1.9531,1.7168,0.0014,0.1699,1573.0,1528.0,2941319.0,1695713.0,135.0,103.0,0.02702702702702703,0,1
CRK-BSO,CRK,BSO,2023.7837837837837,6.594594594594595,0.0,0.0,4054.054054054054,7287.679459459459,9729.72972972973,151.0,32.62162162162162,0.0065,0.0348,0.1865,0.2377,1.2661,1.996,0.1108,0.0006,3779.0,1216.0,5691259.0,1113791.0,243.0,46.0,0.0,0,1
CRK-CEB,CRK,CEB,2023.7837837837837,6.594594594594595,5767.751891891892,95.86486486486487,8531.224054054055,7287.679459459459,3082.4816216216213,151.0,2071.5405405405404,0.0065,0.0056,0.1865,0.5096,1.2661,1.891,0.1108,0.0813,3779.0,2606.0,5691259.0,7517450.0,243.0,386.0,1.0,0,1
CRK-DVO,CRK,DVO,2023.7837837837837,6.594594594594595,960.0384324324324,32.432432432432435,3243.2432432432433,7287.679459459459,5105.256756756757,151.0,783.7297297297297,0.0065,0.6037,0.1865,0.4554,1.2661,1.7601,0.1108,0.1592,3779.0,1837.0,5691259.0,4116016.0,243.0,205.0,0.32432432432432434,0,1
CRK-ENI,CRK,ENI,2023.7837837837837,6.594594594594595,256.8784864864865,18.91891891891892,1891.8918918918919,7287.679459459459,2428.8813513513514,151.0,23.594594594594593,0.0065,0.014099999999999998,0.1865,0.2391,1.2661,1.9942,0.1108,0.0021,3779.0,1095.0,5691259.0,2810208.0,243.0,51.0,0.1891891891891892,0,1
CRK-IAO,CRK,IAO,2023.7837837837837,6.594594594594595,276.1491891891892,8.457567567567567,1505.9005405405405,7287.679459459459,5256.712432432432,151.0,240.56756756756758,0.0065,0.0426,0.1865,0.0,1.2661,1.977,0.1108,0.0025,3779.0,920.0,5691259.0,1728856.0,243.0,47.0,0.1891891891891892,0,1
CRK-ILO,CRK,ILO,2023.7837837837837,6.594594594594595,182.82794594594594,10.81081081081081,1081.081081081081,7287.679459459459,3840.8597297297297,151.0,617.081081081081,0.0065,2.0,0.1865,0.001,1.2661,1.9148999999999998,0.1108,0.0007,3779.0,2618.0,5691259.0,5909568.0,243.0,147.0,0.10810810810810811,0,1
CRK-KLO,CRK,KLO,2023.7837837837837,6.594594594594595,4.242810810810811,2.7027027027027026,270.27027027027026,7287.679459459459,7125.63918918919,151.0,103.64864864864865,0.0065,0.0773,0.1865,0.1044,1.2661,1.8404000000000003,0.1108,0.0029,3779.0,2618.0,5691259.0,5909568.0,243.0,147.0,0.02702702702702703,0,1
CRK-MBT,CRK,MBT,2023.7837837837837,6.594594594594595,205.78962162162162,18.91891891891892,1891.8918918918919,7287.679459459459,4791.424054054054,151.0,7.621621621621622,0.0065,0.0,0.1865,0.052,1.2661,1.9706,0.1108,0.0011,3779.0,1909.0,5691259.0,4631579.0,243.0,93.0,0.1891891891891892,0,1
CRK-MNL,CRK,MNL,2023.7837837837837,6.594594594594595,61.32670270270271,30.510540540540543,4431.261351351352,7287.679459459459,3733.60027027027,151.0,5801.648648648648,0.0065,0.1691,0.1865,0.5725,1.2661,1.9890999999999999,0.1108,0.1717,3779.0,4565.0,5691259.0,7348669.0,243.0,1351.0,0.35135135135135137,2,0
CRK-MPH,CRK,MPH,2023.7837837837837,6.594594594594595,6137.641459459459,82.98189189189189,8235.805135135135,7287.679459459459,4068.8778378378383,151.0,642.2162162162163,0.0065,0.0902,0.1865,1.3168,1.2661,1.9746,0.1108,0.0014,3779.0,2618.0,5691259.0,5909568.0,243.0,147.0,0.8378378378378378,0,1
CRK-PPS,CRK,PPS,2023.7837837837837,6.594594594594595,935.7219459459459,43.24324324324324,4207.251891891892,7287.679459459459,3870.23027027027,151.0,429.3783783783784,0.0065,0.0354,0.1865,0.2292,1.2661,1.3649,0.1108,0.1602,3779.0,1095.0,5691259.0,2810208.0,243.0,51.0,0.43243243243243246,0,1
CRK-SJI,CRK,SJI,2023.7837837837837,6.594594594594595,0.0,0.0,0.0,7287.679459459459,2130.3786486486483,151.0,3.4324324324324325,0.0065,0.22500000000000003,0.1865,0.0171,1.2661,1.9857,0.1108,0.0183,3779.0,1095.0,5691259.0,2810208.0,243.0,51.0,0.0,0,1
CRK-TAG,CRK,TAG,2023.7837837837837,6.594594594594595,222.48778378378375,18.91891891891892,1891.8918918918919,7287.679459459459,3962.4800000000005,151.0,296.6756756756757,0.0065,0.0022,0.1865,0.746,1.2661,1.9782,0.1108,0.0036999999999999997,3779.0,2606.0,5691259.0,7517450.0,243.0,386.0,0.1891891891891892,0,1
CRK-TBH,CRK,TBH,2023.7837837837837,6.594594594594595,7.606054054054053,8.64864864864865,994.5945945945946,7287.679459459459,994.5945945945946,151.0,0.24324324324324326,0.0065,0.0,0.1865,0.0035999999999999995,1.2661,1.9984,0.1108,0.0002,3779.0,1095.0,5691259.0,2810208.0,243.0,51.0,0.10810810810810811,0,1
CRK-USU,CRK,USU,2023.7837837837837,6.594594594594595,354.8841081081081,11.221081081081081,7280.115945945945,7287.679459459459,4928.383513513513,151.0,158.67567567567568,0.0065,0.0053,0.1865,0.0456,1.2661,1.9756999999999998,0.1108,0.0016,3779.0,1095.0,5691259.0,2810208.0,243.0,51.0,0.21621621621621623,0,1
CRM-CEB,CRM,CEB,2023.7837837837837,6.594594594594595,0.0,0.0,1891.8918918918919,9729.72972972973,3082.4816216216213,17.054054054054053,2071.5405405405404,0.058600000000000006,0.0056,0.0541,0.5096,1.9967,1.891,0.0006,0.0813,1528.0,2606.0,1695713.0,7517450.0,103.0,386.0,0.0,0,1
CRM-MNL,CRM,MNL,2023.7837837837837,6.594594594594595,0.0,0.0,9729.72972972973,9729.72972972973,3733.60027027027,17.054054054054053,5801.648648648648,0.058600000000000006,0.1691,0.0541,0.5725,1.9967,1.9890999999999999,0.0006,0.1717,1528.0,4565.0,1695713.0,7348669.0,103.0,1351.0,0.0,2,0
CYP-CEB,CYP,CEB,2023.7837837837837,6.594594594594595,1034.682810810811,97.29729729729729,9729.72972972973,5119.27054054054,3082.4816216216213,29.594594594594593,2071.5405405405404,0.0008999999999999999,0.0056,0.3387,0.5096,1.9297,1.891,0.0019,0.0813,1528.0,2606.0,1695713.0,7517450.0,103.0,386.0,0.972972972972973,0,1
CYP-MNL,CYP,MNL,2023.7837837837837,6.594594594594595,0.0,0.0,9729.72972972973,5119.27054054054,3733.60027027027,29.594594594594593,5801.648648648648,0.0008999999999999999,0.1691,0.3387,0.5725,1.9297,1.9890999999999999,0.0019,0.1717,1528.0,4565.0,1695713.0,7348669.0,103.0,1351.0,0.0,2,0
CYP-TAC,CYP,TAC,2023.7837837837837,6.594594594594595,0.0,0.0,270.27027027027026,5119.27054054054,3548.258108108108,29.594594594594593,350.6216216216216,0.0008999999999999999,0.0177,0.3387,0.1266,1.9297,1.7168,0.0019,0.1699,1528.0,1528.0,1695713.0,1695713.0,103.0,103.0,0.0,0,1
CYZ-MNL,CYZ,MNL,2023.7837837837837,6.594594594594595,5264.483675675676,90.27918918918918,9061.56054054054,9061.574864864866,3733.60027027027,39.729729729729726,5801.648648648648,0.1052,0.1691,0.0793,0.5725,1.6779,1.9890999999999999,0.0065,0.1717,1216.0,4565.0,1113791.0,7348669.0,46.0,1351.0,0.972972972972973,2,0
DGT-CEB,DGT,CEB,2023.7837837837837,6.594594594594595,1070.6614054054055,72.97297297297297,7297.2972972972975,4888.949189189189,3082.4816216216213,151.67567567567568,2071.5405405405404,0.0,0.0056,0.1754,0.5096,1.9427,1.891,0.0084,0.0813,2606.0,2606.0,7517450.0,7517450.0,386.0,386.0,0.7297297297297297,0,1
DGT-ILO,DGT,ILO,2023.7837837837837,6.594594594594595,13.154594594594593,5.405405405405405,540.5405405405405,4888.949189189189,3840.8597297297297,151.67567567567568,617.081081081081,0.0,2.0,0.1754,0.001,1.9427,1.9148999999999998,0.0084,0.0007,2606.0,2618.0,7517450.0,5909568.0,386.0,147.0,0.05405405405405406,0,1
DGT-MNL,DGT,MNL,2023.7837837837837,6.594594594594595,12714.351729729731,60.41486486486486,5346.04027027027,4888.949189189189,3733.60027027027,151.67567567567568,5801.648648648648,0.0,0.1691,0.1754,0.5725,1.9427,1.9890999999999999,0.0084,0.1717,2606.0,4565.0,7517450.0,7348669.0,386.0,1351.0,1.0,2,0
DPL-CEB,DPL,CEB,2023.7837837837837,6.594594594594595,647.1321081081081,48.648648648648646,4864.864864864865,4985.225405405406,3082.4816216216213,74.35135135135135,2071.5405405405404,0.0248,0.0056,0.2653,0.5096,1.9408999999999998,1.891,0.0123,0.0813,1263.0,2606.0,1953463.0,7517450.0,64.0,386.0,0.4864864864864865,0,1
DPL-MNL,DPL,MNL,2023.7837837837837,6.594594594594595,5965.060216216216,59.41594594594594,5499.236216216216,4985.225405405406,3733.60027027027,74.35135135135135,5801.648648648648,0.0248,0.1691,0.2653,0.5725,1.9408999999999998,1.9890999999999999,0.0123,0.1717,1263.0,4565.0,1953463.0,7348669.0,64.0,1351.0,0.972972972972973,2,0
DRP-CEB,DRP,CEB,2023.7837837837837,6.594594594594595,947.1679459459459,59.45945945945946,5657.1986486486485,4671.664594594595,3082.4816216216213,169.40540540540542,2071.5405405405404,2.0,0.0056,0.0165,0.5096,1.3268,1.891,0.0008,0.0813,1909.0,2606.0,4631579.0,7517450.0,93.0,386.0,0.5945945945945946,0,1
DRP-ILO,DRP,ILO,2023.7837837837837,6.594594594594595,580.4757297297297,29.72972972972973,2972.972972972973,4671.664594594595,3840.8597297297297,169.40540540540542,617.081081081081,2.0,2.0,0.0165,0.001,1.3268,1.9148999999999998,0.0008,0.0007,1909.0,2618.0,4631579.0,5909568.0,93.0,147.0,0.2972972972972973,0,1
DRP-MNL,DRP,MNL,2023.7837837837837,6.594594594594595,12433.012486486487,49.475675675675674,4856.406756756756,4671.664594594595,3733.60027027027,169.40540540540542,5801.648648648648,2.0,0.1691,0.0165,0.5725,1.3268,1.9890999999999999,0.0008,0.1717,1909.0,4565.0,4631579.0,7348669.0,93.0,1351.0,0.9459459459459459,2,0
DVO-BCD,DVO,BCD,2023.7837837837837,6.594594594594595,2856.7605405405407,97.29729729729729,9729.72972972973,5014.385675675675,3453.4864864864867,804.3243243243244,465.0,0.6037,0.0525,0.4554,0.1407,1.7601,1.7466000000000002,0.1592,0.1829,1837.0,2618.0,4116016.0,5909568.0,205.0,147.0,0.972972972972973,0,1
DVO-CBO,DVO,CBO,2023.7837837837837,6.594594594594595,0.0,0.0,270.27027027027026,5014.385675675675,9189.18918918919,804.3243243243244,43.21621621621622,0.6037,0.165,0.4554,0.0388,1.7601,1.9501,0.1592,0.0101,1837.0,940.0,4116016.0,1878952.0,205.0,6.0,0.0,0,1
DVO-CEB,DVO,CEB,2023.7837837837837,6.594594594594595,14625.230324324324,67.67027027027028,5948.110810810811,5014.385675675675,3082.4816216216213,804.3243243243244,2071.5405405405404,0.6037,0.0056,0.4554,0.5096,1.7601,1.891,0.1592,0.0813,1837.0,2606.0,4116016.0,7517450.0,205.0,386.0,1.0,0,1
DVO-CGY,DVO,CGY,2023.7837837837837,6.594594594594595,912.0356756756756,96.9581081081081,9670.405405405405,5014.385675675675,3336.0097297297298,804.3243243243244,495.2972972972973,0.6037,0.072,0.4554,0.0369,1.7601,1.9531,0.1592,0.0014,1837.0,1573.0,4116016.0,2941319.0,205.0,135.0,0.972972972972973,0,1
DVO-CRK,DVO,CRK,2023.7837837837837,6.594594594594595,947.0485945945946,32.432432432432435,3243.2432432432433,5014.385675675675,7781.164594594594,804.3243243243244,176.67567567567568,0.6037,0.0065,0.4554,0.1865,1.7601,1.2661,0.1592,0.1108,1837.0,3779.0,4116016.0,5691259.0,205.0,243.0,0.32432432432432434,0,1
DVO-DGT,DVO,DGT,2023.7837837837837,6.594594594594595,10.580000000000002,5.405405405405405,540.5405405405405,5014.385675675675,5218.503783783784,804.3243243243244,177.9189189189189,0.6037,0.0,0.4554,0.1754,1.7601,1.9427,0.1592,0.0084,1837.0,2606.0,4116016.0,7517450.0,205.0,386.0,0.05405405405405406,0,1
DVO-IAO,DVO,IAO,2023.7837837837837,6.594594594594595,986.1684324324325,94.5945945945946,9459.45945945946,5014.385675675675,5256.712432432432,804.3243243243244,240.56756756756758,0.6037,0.0426,0.4554,0.0,1.7601,1.977,0.1592,0.0025,1837.0,920.0,4116016.0,1728856.0,205.0,47.0,0.9459459459459459,0,1
DVO-ILO,DVO,ILO,2023.7837837837837,6.594594594594595,1384.6589189189187,40.54054054054054,4054.054054054054,5014.385675675675,3840.8597297297297,804.3243243243244,617.081081081081,0.6037,2.0,0.4554,0.001,1.7601,1.9148999999999998,0.1592,0.0007,1837.0,2618.0,4116016.0,5909568.0,205.0,147.0,0.40540540540540543,0,1
DVO-MNL,DVO,MNL,2023.7837837837837,6.594594594594595,51789.203432432434,51.45864864864865,5061.626756756757,5014.385675675675,3733.60027027027,804.3243243243244,5801.648648648648,0.6037,0.1691,0.4554,0.5725,1.7601,1.9890999999999999,0.1592,0.1717,1837.0,4565.0,4116016.0,7348669.0,205.0,1351.0,1.0,2,0
DVO-MPH,DVO,MPH,2023.7837837837837,6.594594594594595,966.1594054054054,32.432432432432435,3243.2432432432433,5014.385675675675,4068.8778378378383,804.3243243243244,642.2162162162163,0.6037,0.0902,0.4554,1.3168,1.7601,1.9746,0.1592,0.0014,1837.0,2618.0,4116016.0,5909568.0,205.0,147.0,0.32432432432432434,0,1
DVO-PPS,DVO,PPS,2023.7837837837837,6.594594594594595,1134.1787027027028,35.13513513513514,3513.5135135135133,5014.385675675675,3870.23027027027,804.3243243243244,429.3783783783784,0.6037,0.0354,0.4554,0.2292,1.7601,1.3649,0.1592,0.1602,1837.0,1095.0,4116016.0,2810208.0,205.0,51.0,0.35135135135135137,0,1
DVO-TAG,DVO,TAG,2023.7837837837837,6.594594594594595,1770.095945945946,37.427567567567564,8146.909189189189,5014.385675675675,3962.4800000000005,804.3243243243244,296.6756756756757,0.6037,0.0022,0.4554,0.746,1.7601,1.9782,0.1592,0.0036999999999999997,1837.0,2606.0,4116016.0,7517450.0,205.0,386.0,0.5135135135135135,0,1
DVO-ZAM,DVO,ZAM,2023.7837837837837,6.594594594594595,1.728,2.7027027027027026,270.27027027027026,5014.385675675675,6137.459459459459,804.3243243243244,61.54054054054054,0.6037,0.0394,0.4554,0.0863,1.7601,1.405,0.1592,0.2669,1837.0,1263.0,4116016.0,1953463.0,205.0,64.0,0.02702702702702703,0,1
ENI-CEB,ENI,CEB,2023.7837837837837,6.594594594594595,107.33286486486486,8.108108108108109,810.8108108108108,2026.9478378378376,3082.4816216216213,23.243243243243242,2071.5405405405404,0.014099999999999998,0.0056,0.2391,0.5096,1.9942,1.891,0.0021,0.0813,1095.0,2606.0,2810208.0,7517450.0,51.0,386.0,0.08108108108108109,0,1
ENI-CRK,ENI,CRK,2023.7837837837837,6.594594594594595,250.0598918918919,18.91891891891892,1891.8918918918919,2026.9478378378376,7781.164594594594,23.243243243243242,176.67567567567568,0.014099999999999998,0.0065,0.2391,0.1865,1.9942,1.2661,0.0021,0.1108,1095.0,3779.0,2810208.0,5691259.0,51.0,243.0,0.1891891891891892,0,1
ENI-MNL,ENI,MNL,2023.7837837837837,6.594594594594595,742.7055675675675,10.81081081081081,1081.081081081081,2026.9478378378376,3733.60027027027,23.243243243243242,5801.648648648648,0.014099999999999998,0.1691,0.2391,0.5725,1.9942,1.9890999999999999,0.0021,0.1717,1095.0,4565.0,2810208.0,7348669.0,51.0,1351.0,0.10810810810810811,2,0
ENI-MPH,ENI,MPH,2023.7837837837837,6.594594594594595,102.86027027027026,8.108108108108109,810.8108108108108,2026.9478378378376,4068.8778378378383,23.243243243243242,642.2162162162163,0.014099999999999998,0.0902,0.2391,1.3168,1.9942,1.9746,0.0021,0.0014,1095.0,2618.0,2810208.0,5909568.0,51.0,147.0,0.08108108108108109,0,1
ENI-TAG,ENI,TAG,2023.7837837837837,6.594594594594595,42.46913513513513,8.108108108108109,810.8108108108108,2026.9478378378376,3962.4800000000005,23.243243243243242,296.6756756756757,0.014099999999999998,0.0022,0.2391,0.746,1.9942,1.9782,0.0021,0.0036999999999999997,1095.0,2606.0,2810208.0,7517450.0,51.0,386.0,0.08108108108108109,0,1
ENI-USU,ENI,USU,2023.7837837837837,6.594594594594595,104.78205405405406,8.108108108108109,810.8108108108108,2026.9478378378376,4928.383513513513,23.243243243243242,158.67567567567568,0.014099999999999998,0.0053,0.2391,0.0456,1.9942,1.9756999999999998,0.0021,0.0016,1095.0,1095.0,2810208.0,2810208.0,51.0,51.0,0.08108108108108109,0,1
EUQ-MNL,EUQ,MNL,2023.7837837837837,6.594594594594595,0.0,0.0,9729.72972972973,9729.72972972973,3733.60027027027,11.513513513513514,5801.648648648648,0.0176,0.1691,0.2494,0.5725,1.9871,1.9890999999999999,0.0008999999999999999,0.1717,2618.0,4565.0,5909568.0,7348669.0,147.0,1351.0,0.0,2,0
GES-CEB,GES,CEB,2023.7837837837837,6.594594594594595,4057.3854054054054,79.00702702702704,7495.95972972973,5563.20081081081,3082.4816216216213,197.24324324324326,2071.5405405405404,0.0677,0.0056,0.0731,0.5096,1.8291999999999997,1.891,0.1054,0.0813,1625.0,2606.0,1705910.0,7517450.0,82.0,386.0,0.972972972972973,0,1
GES-ILO,GES,ILO,2023.7837837837837,6.594594594594595,2649.0224324324327,97.29729729729729,9729.72972972973,5563.20081081081,3840.8597297297297,197.24324324324326,617.081081081081,0.0677,2.0,0.0731,0.001,1.8291999999999997,1.9148999999999998,0.1054,0.0007,1625.0,2618.0,1705910.0,5909568.0,82.0,147.0,0.972972972972973,0,1
GES-MNL,GES,MNL,2023.7837837837837,6.594594594594595,20585.43910810811,60.498108108108106,5284.989459459459,5563.20081081081,3733.60027027027,197.24324324324326,5801.648648648648,0.0677,0.1691,0.0731,0.5725,1.8291999999999997,1.9890999999999999,0.1054,0.1717,1625.0,4565.0,1705910.0,7348669.0,82.0,1351.0,1.0,2,0
IAO-CEB,IAO,CEB,2023.7837837837837,6.594594594594595,4982.853405405405,59.44135135135135,5300.237027027027,5038.875135135136,3082.4816216216213,227.64864864864865,2071.5405405405404,0.0426,0.0056,0.0,0.5096,1.977,1.891,0.0025,0.0813,920.0,2606.0,1728856.0,7517450.0,47.0,386.0,1.0,0,1
IAO-CRK,IAO,CRK,2023.7837837837837,6.594594594594595,272.8858378378378,6.8516216216216215,1142.704864864865,5038.875135135136,7781.164594594594,227.64864864864865,176.67567567567568,0.0426,0.0065,0.0,0.1865,1.977,1.2661,0.0025,0.1108,920.0,3779.0,1728856.0,5691259.0,47.0,243.0,0.1891891891891892,0,1
IAO-DVO,IAO,DVO,2023.7837837837837,6.594594594594595,983.0023783783785,94.5945945945946,9459.45945945946,5038.875135135136,5105.256756756757,227.64864864864865,783.7297297297297,0.0426,0.6037,0.0,0.4554,1.977,1.7601,0.0025,0.1592,920.0,1837.0,1728856.0,4116016.0,47.0,205.0,0.9459459459459459,0,1
IAO-MNL,IAO,MNL,2023.7837837837837,6.594594594594595,0.0,0.0,9705.127027027027,5038.875135135136,3733.60027027027,227.64864864864865,5801.648648648648,0.0426,0.1691,0.0,0.5725,1.977,1.9890999999999999,0.0025,0.1717,920.0,4565.0,1728856.0,7348669.0,47.0,1351.0,0.0,2,0
ILO-BCD,ILO,BCD,2023.7837837837837,6.594594594594595,8.586162162162163,5.405405405405405,810.8108108108108,3689.074324324324,3453.4864864864867,630.9459459459459,465.0,2.0,0.0525,0.001,0.1407,1.9148999999999998,1.7466000000000002,0.0007,0.1829,2618.0,2618.0,5909568.0,5909568.0,147.0,147.0,0.05405405405405406,0,1
ILO-CEB,ILO,CEB,2023.7837837837837,6.594594594594595,4802.835243243244,58.64162162162162,4814.62027027027,3689.074324324324,3082.4816216216213,630.9459459459459,2071.5405405405404,2.0,0.0056,0.001,0.5096,1.9148999999999998,1.891,0.0007,0.0813,2618.0,2606.0,5909568.0,7517450.0,147.0,386.0,1.0,0,1
ILO-CGY,ILO,CGY,2023.7837837837837,6.594594594594595,1350.275945945946,45.945945945945944,4594.594594594595,3689.074324324324,3336.0097297297298,630.9459459459459,495.2972972972973,2.0,0.072,0.001,0.0369,1.9148999999999998,1.9531,0.0007,0.0014,2618.0,1573.0,5909568.0,2941319.0,147.0,135.0,0.4594594594594595,0,1
ILO-CRK,ILO,CRK,2023.7837837837837,6.594594594594595,1017.6998918918919,37.83783783783784,3783.7837837837837,3689.074324324324,7781.164594594594,630.9459459459459,176.67567567567568,2.0,0.0065,0.001,0.1865,1.9148999999999998,1.2661,0.0007,0.1108,2618.0,3779.0,5909568.0,5691259.0,147.0,243.0,0.3783783783783784,0,1
ILO-DGT,ILO,DGT,2023.7837837837837,6.594594594594595,11.496648648648648,2.7027027027027026,270.27027027027026,3689.074324324324,5218.503783783784,630.9459459459459,177.9189189189189,2.0,0.0,0.001,0.1754,1.9148999999999998,1.9427,0.0007,0.0084,2618.0,2606.0,5909568.0,7517450.0,147.0,386.0,0.02702702702702703,0,1
ILO-DRP,ILO,DRP,2023.7837837837837,6.594594594594595,584.8542702702703,29.72972972972973,2972.972972972973,3689.074324324324,4778.798918918919,630.9459459459459,170.16216216216216,2.0,2.0,0.001,0.0165,1.9148999999999998,1.3268,0.0007,0.0008,2618.0,1909.0,5909568.0,4631579.0,147.0,93.0,0.2972972972972973,0,1
ILO-DVO,ILO,DVO,2023.7837837837837,6.594594594594595,1375.3371891891893,35.04783783783784,3496.618108108108,3689.074324324324,5105.256756756757,630.9459459459459,783.7297297297297,2.0,0.6037,0.001,0.4554,1.9148999999999998,1.7601,0.0007,0.1592,2618.0,1837.0,5909568.0,4116016.0,147.0,205.0,0.35135135135135137,0,1
ILO-GES,ILO,GES,2023.7837837837837,6.594594594594595,2631.618864864865,97.29729729729729,9729.72972972973,3689.074324324324,5577.708648648649,630.9459459459459,197.56756756756758,2.0,0.0677,0.001,0.0731,1.9148999999999998,1.8291999999999997,0.0007,0.1054,2618.0,1625.0,5909568.0,1705910.0,147.0,82.0,0.972972972972973,0,1
ILO-KLO,ILO,KLO,2023.7837837837837,6.594594594594595,4.242810810810811,2.7027027027027026,270.27027027027026,3689.074324324324,7125.63918918919,630.9459459459459,103.64864864864865,2.0,0.0773,0.001,0.1044,1.9148999999999998,1.8404000000000003,0.0007,0.0029,2618.0,2618.0,5909568.0,5909568.0,147.0,147.0,0.02702702702702703,0,1
ILO-MNL,ILO,MNL,2023.7837837837837,6.594594594594595,33102.81091891892,43.68297297297297,3590.027567567567,3689.074324324324,3733.60027027027,630.9459459459459,5801.648648648648,2.0,0.1691,0.001,0.5725,1.9148999999999998,1.9890999999999999,0.0007,0.1717,2618.0,4565.0,5909568.0,7348669.0,147.0,1351.0,1.0,2,0
ILO-MPH,ILO,MPH,2023.7837837837837,6.594594594594595,8.60627027027027,5.405405405405405,540.5405405405405,3689.074324324324,4068.8778378378383,630.9459459459459,642.2162162162163,2.0,0.0902,0.001,1.3168,1.9148999999999998,1.9746,0.0007,0.0014,2618.0,2618.0,5909568.0,5909568.0,147.0,147.0,0.05405405405405406,0,1
ILO-PPS,ILO,PPS,2023.7837837837837,6.594594594594595,1943.4677297297296,75.67567567567568,7567.5675675675675,3689.074324324324,3870.23027027027,630.9459459459459,429.3783783783784,2.0,0.0354,0.001,0.2292,1.9148999999999998,1.3649,0.0007,0.1602,2618.0,1095.0,5909568.0,2810208.0,147.0,51.0,0.7567567567567568,0,1
ILO-TAC,ILO,TAC,2023.7837837837837,6.594594594594595,726.7623243243243,35.13513513513514,3513.5135135135133,3689.074324324324,3548.258108108108,630.9459459459459,350.6216216216216,2.0,0.0177,0.001,0.1266,1.9148999999999998,1.7168,0.0007,0.1699,2618.0,1528.0,5909568.0,1695713.0,147.0,103.0,0.35135135135135137,0,1
ILO-TAG,ILO,TAG,2023.7837837837837,6.594594594594595,810.6834594594595,29.72972972972973,2972.972972972973,3689.074324324324,3962.4800000000005,630.9459459459459,296.6756756756757,2.0,0.0022,0.001,0.746,1.9148999999999998,1.9782,0.0007,0.0036999999999999997,2618.0,2606.0,5909568.0,7517450.0,147.0,386.0,0.2972972972972973,0,1
ILO-ZAM,ILO,ZAM,2023.7837837837837,6.594594594594595,745.314,35.13513513513514,3513.5135135135133,3689.074324324324,6137.459459459459,630.9459459459459,61.54054054054054,2.0,0.0394,0.001,0.0863,1.9148999999999998,1.405,0.0007,0.2669,2618.0,1263.0,5909568.0,1953463.0,147.0,64.0,0.35135135135135137,0,1
KLO-MNL,KLO,MNL,2023.7837837837837,6.594594594594595,4389.36372972973,27.11891891891892,6369.523243243243,6370.6748648648645,3733.60027027027,110.8108108108108,5801.648648648648,0.0773,0.1691,0.1044,0.5725,1.8404000000000003,1.9890999999999999,0.0029,0.1717,2618.0,4565.0,5909568.0,7348669.0,147.0,1351.0,1.0,2,0
KLO-MPH,KLO,MPH,2023.7837837837837,6.594594594594595,0.0,0.0,270.27027027027026,6370.6748648648645,4068.8778378378383,110.8108108108108,642.2162162162163,0.0773,0.0902,0.1044,1.3168,1.8404000000000003,1.9746,0.0029,0.0014,2618.0,2618.0,5909568.0,5909568.0,147.0,147.0,0.0,0,1
LAO-MNL,LAO,MNL,2023.7837837837837,6.594594594594595,3490.0537297297296,31.203783783783784,6453.117567567568,6453.0913513513515,3733.60027027027,68.78378378378379,5801.648648648648,0.1189,0.1691,0.4868,0.5725,1.9366999999999999,1.9890999999999999,0.0129,0.1717,1736.0,4565.0,1857396.0,7348669.0,58.0,1351.0,0.8108108108108109,2,0
LGP-MNL,LGP,MNL,2023.7837837837837,6.594594594594595,898.2291891891892,7.210540540540539,683.5016216216216,683.5062162162162,3733.60027027027,10.891891891891891,5801.648648648648,2.0,0.1691,1.1444,0.5725,1.9183,1.9890999999999999,0.0098,0.1717,1909.0,4565.0,4631579.0,7348669.0,93.0,1351.0,0.10810810810810811,2,0
MBT-CEB,MBT,CEB,2023.7837837837837,6.594594594594595,226.77275675675676,35.13513513513514,3513.5135135135133,4054.054054054054,3082.4816216216213,6.972972972972973,2071.5405405405404,0.0,0.0056,0.052,0.5096,1.9706,1.891,0.0011,0.0813,1909.0,2606.0,4631579.0,7517450.0,93.0,386.0,0.35135135135135137,0,1
MBT-CRK,MBT,CRK,2023.7837837837837,6.594594594594595,197.43762162162162,18.91891891891892,1891.8918918918919,4054.054054054054,7781.164594594594,6.972972972972973,176.67567567567568,0.0,0.0065,0.052,0.1865,1.9706,1.2661,0.0011,0.1108,1909.0,3779.0,4631579.0,5691259.0,93.0,243.0,0.1891891891891892,0,1
MBT-MNL,MBT,MNL,2023.7837837837837,6.594594594594595,3.288648648648649,5.405405405405405,540.5405405405405,4054.054054054054,3733.60027027027,6.972972972972973,5801.648648648648,0.0,0.1691,0.052,0.5725,1.9706,1.9890999999999999,0.0011,0.1717,1909.0,4565.0,4631579.0,7348669.0,93.0,1351.0,0.05405405405405406,2,0
MNL-BAG,MNL,BAG,2023.7837837837837,6.594594594594595,10.107567567567568,2.7027027027027026,270.27027027027026,3829.864864864865,540.5405405405405,5254.0,0.08108108108108109,0.1691,0.2033,0.5725,0.5139,1.9890999999999999,1.4349,0.1717,0.1274,4565.0,627.0,7348669.0,1983511.0,1351.0,38.0,0.02702702702702703,1,2
MNL-BCD,MNL,BCD,2023.7837837837837,6.594594594594595,26853.964054054057,43.81540540540541,3587.5272972972975,3829.864864864865,3453.4864864864867,5254.0,465.0,0.1691,0.0525,0.5725,0.1407,1.9890999999999999,1.7466000000000002,0.1717,0.1829,4565.0,2618.0,7348669.0,5909568.0,1351.0,147.0,1.0,1,2
MNL-BSO,MNL,BSO,2023.7837837837837,6.594594594594595,0.0,0.0,9729.72972972973,3829.864864864865,9729.72972972973,5254.0,32.62162162162162,0.1691,0.0348,0.5725,0.2377,1.9890999999999999,1.996,0.1717,0.0006,4565.0,1216.0,7348669.0,1113791.0,1351.0,46.0,0.0,1,2
MNL-BXU,MNL,BXU,2023.7837837837837,6.594594594594595,18077.123621621624,68.62675675675676,5757.291081081081,3829.864864864865,5054.772432432433,5254.0,212.0810810810811,0.1691,0.018,0.5725,0.0452,1.9890999999999999,1.8643,0.1717,0.2916,4565.0,920.0,7348669.0,1728856.0,1351.0,47.0,1.0,1,2
MNL-CBO,MNL,CBO,2023.7837837837837,6.594594594594595,0.0,0.0,8918.918918918918,3829.864864864865,9189.18918918919,5254.0,43.21621621621622,0.1691,0.165,0.5725,0.0388,1.9890999999999999,1.9501,0.1717,0.0101,4565.0,940.0,7348669.0,1878952.0,1351.0,6.0,0.0,1,2
MNL-CEB,MNL,CEB,2023.7837837837837,6.594594594594595,47044.64275675675,39.325135135135135,3468.898108108108,3829.864864864865,3082.4816216216213,5254.0,2071.5405405405404,0.1691,0.0056,0.5725,0.5096,1.9890999999999999,1.891,0.1717,0.0813,4565.0,2606.0,7348669.0,7517450.0,1351.0,386.0,1.0,1,2
MNL-CGY,MNL,CGY,2023.7837837837837,6.594594594594595,26090.35745945946,47.119729729729734,3931.0827027027026,3829.864864864865,3336.0097297297298,5254.0,495.2972972972973,0.1691,0.072,0.5725,0.0369,1.9890999999999999,1.9531,0.1717,0.0014,4565.0,1573.0,7348669.0,2941319.0,1351.0,135.0,0.972972972972973,1,2
MNL-CRK,MNL,CRK,2023.7837837837837,6.594594594594595,5.748324324324325,5.405405405405405,540.5405405405405,3829.864864864865,7781.164594594594,5254.0,176.67567567567568,0.1691,0.0065,0.5725,0.1865,1.9890999999999999,1.2661,0.1717,0.1108,4565.0,3779.0,7348669.0,5691259.0,1351.0,243.0,0.05405405405405406,1,2
MNL-CRM,MNL,CRM,2023.7837837837837,6.594594594594595,0.0,0.0,9729.72972972973,3829.864864864865,9729.72972972973,5254.0,17.783783783783782,0.1691,0.058600000000000006,0.5725,0.0541,1.9890999999999999,1.9967,0.1717,0.0006,4565.0,1528.0,7348669.0,1695713.0,1351.0,103.0,0.0,1,2
MNL-CYP,MNL,CYP,2023.7837837837837,6.594594594594595,0.0,0.0,9729.72972972973,3829.864864864865,5118.798378378378,5254.0,30.89189189189189,0.1691,0.0008999999999999999,0.5725,0.3387,1.9890999999999999,1.9297,0.1717,0.0019,4565.0,1528.0,7348669.0,1695713.0,1351.0,103.0,0.0,1,2
MNL-CYZ,MNL,CYZ,2023.7837837837837,6.594594594594595,5367.185837837837,90.17837837837837,9057.722162162161,3829.864864864865,9057.732702702702,5254.0,40.513513513513516,0.1691,0.1052,0.5725,0.0793,1.9890999999999999,1.6779,0.1717,0.0065,4565.0,1216.0,7348669.0,1113791.0,1351.0,46.0,0.972972972972973,1,2
MNL-DGT,MNL,DGT,2023.7837837837837,6.594594594594595,16758.172702702705,66.9,5653.938108108108,3829.864864864865,5218.503783783784,5254.0,177.9189189189189,0.1691,0.0,0.5725,0.1754,1.9890999999999999,1.9427,0.1717,0.0084,4565.0,2606.0,7348669.0,7517450.0,1351.0,386.0,1.0,1,2
MNL-DPL,MNL,DPL,2023.7837837837837,6.594594594594595,6032.482702702703,59.56459459459459,5505.894324324324,3829.864864864865,5162.585945945946,5254.0,72.4054054054054,0.1691,0.0248,0.5725,0.2653,1.9890999999999999,1.9408999999999998,0.1717,0.0123,4565.0,1263.0,7348669.0,1953463.0,1351.0,64.0,0.972972972972973,1,2
MNL-DRP,MNL,DRP,2023.7837837837837,6.594594594594595,12255.530324324325,47.68,4965.608918918919,3829.864864864865,4778.798918918919,5254.0,170.16216216216216,0.1691,2.0,0.5725,0.0165,1.9890999999999999,1.3268,0.1717,0.0008,4565.0,1909.0,7348669.0,4631579.0,1351.0,93.0,0.9459459459459459,1,2
MNL-DVO,MNL,DVO,2023.7837837837837,6.594594594594595,49446.892324324326,52.97891891891892,5102.547027027027,3829.864864864865,5105.256756756757,5254.0,783.7297297297297,0.1691,0.6037,0.5725,0.4554,1.9890999999999999,1.7601,0.1717,0.1592,4565.0,1837.0,7348669.0,4116016.0,1351.0,205.0,1.0,1,2
MNL-ENI,MNL,ENI,2023.7837837837837,6.594594594594595,737.1544864864865,13.513513513513514,1621.6216216216217,3829.864864864865,2428.8813513513514,5254.0,23.594594594594593,0.1691,0.014099999999999998,0.5725,0.2391,1.9890999999999999,1.9942,0.1717,0.0021,4565.0,1095.0,7348669.0,2810208.0,1351.0,51.0,0.13513513513513514,1,2
MNL-EUQ,MNL,EUQ,2023.7837837837837,6.594594594594595,0.0,0.0,9729.72972972973,3829.864864864865,9729.72972972973,5254.0,12.027027027027026,0.1691,0.0176,0.5725,0.2494,1.9890999999999999,1.9871,0.1717,0.0008999999999999999,4565.0,2618.0,7348669.0,5909568.0,1351.0,147.0,0.0,1,2
MNL-GES,MNL,GES,2023.7837837837837,6.594594594594595,20717.421648648648,60.74324324324324,5303.551891891892,3829.864864864865,5577.708648648649,5254.0,197.56756756756758,0.1691,0.0677,0.5725,0.0731,1.9890999999999999,1.8291999999999997,0.1717,0.1054,4565.0,1625.0,7348669.0,1705910.0,1351.0,82.0,1.0,1,2
MNL-IAO,MNL,IAO,2023.7837837837837,6.594594594594595,5.098378378378378,0.0954054054054054,9710.873243243243,3829.864864864865,5256.712432432432,5254.0,240.56756756756758,0.1691,0.0426,0.5725,0.0,1.9890999999999999,1.977,0.1717,0.0025,4565.0,920.0,7348669.0,1728856.0,1351.0,47.0,0.08108108108108109,1,2
MNL-ILO,MNL,ILO,2023.7837837837837,6.594594594594595,35172.42702702703,47.9527027027027,3760.4575675675674,3829.864864864865,3840.8597297297297,5254.0,617.081081081081,0.1691,2.0,0.5725,0.001,1.9890999999999999,1.9148999999999998,0.1717,0.0007,4565.0,2618.0,7348669.0,5909568.0,1351.0,147.0,1.0,1,2
MNL-KLO,MNL,KLO,2023.7837837837837,6.594594594594595,3108.9497837837835,17.317027027027027,7134.427297297298,3829.864864864865,7125.63918918919,5254.0,103.64864864864865,0.1691,0.0773,0.5725,0.1044,1.9890999999999999,1.8404000000000003,0.1717,0.0029,4565.0,2618.0,7348669.0,5909568.0,1351.0,147.0,0.7567567567567568,1,2
MNL-LAO,MNL,LAO,2023.7837837837837,6.594594594594595,3485.9114594594594,28.802432432432433,6359.49027027027,3829.864864864865,6359.501081081081,5254.0,71.37837837837837,0.1691,0.1189,0.5725,0.4868,1.9890999999999999,1.9366999999999999,0.1717,0.0129,4565.0,1736.0,7348669.0,1857396.0,1351.0,58.0,0.8108108108108109,1,2
MNL-LGP,MNL,LGP,2023.7837837837837,6.594594594594595,1123.0227567567567,7.452162162162162,697.4983783783784,3829.864864864865,697.5016216216216,5254.0,12.216216216216216,0.1691,2.0,0.5725,1.1444,1.9890999999999999,1.9183,0.1717,0.0098,4565.0,1909.0,7348669.0,4631579.0,1351.0,93.0,0.10810810810810811,1,2
MNL-MBT,MNL,MBT,2023.7837837837837,6.594594594594595,11.689297297297298,13.513513513513514,1351.3513513513512,3829.864864864865,4791.424054054054,5254.0,7.621621621621622,0.1691,0.0,0.5725,0.052,1.9890999999999999,1.9706,0.1717,0.0011,4565.0,1909.0,7348669.0,4631579.0,1351.0,93.0,0.13513513513513514,1,2
MNL-MPH,MNL,MPH,2023.7837837837837,6.594594594594595,36258.42875675676,51.072432432432436,3684.6005405405404,3829.864864864865,4068.8778378378383,5254.0,642.2162162162163,0.1691,0.0902,0.5725,1.3168,1.9890999999999999,1.9746,0.1717,0.0014,4565.0,2618.0,7348669.0,5909568.0,1351.0,147.0,1.0,1,2
MNL-OZC,MNL,OZC,2023.7837837837837,6.594594594594595,6837.918000000001,60.01648648648649,5530.808918918919,3829.864864864865,4652.915405405405,5254.0,96.78378378378379,0.1691,0.0094,0.5725,0.069,1.9890999999999999,1.9415,0.1717,0.007799999999999999,4565.0,1573.0,7348669.0,2941319.0,1351.0,135.0,0.972972972972973,1,2
MNL-PAG,MNL,PAG,2023.7837837837837,6.594594594594595,8570.663837837837,100.0,10000.0,3829.864864864865,6919.556486486486,5254.0,87.70270270270271,0.1691,0.1565,0.5725,0.0837,1.9890999999999999,1.9398999999999997,0.1717,0.0091,4565.0,1263.0,7348669.0,1953463.0,1351.0,64.0,1.0,1,2
MNL-PPS,MNL,PPS,2023.7837837837837,6.594594594594595,26153.840756756756,46.512972972972975,3626.1343243243246,3829.864864864865,3870.23027027027,5254.0,429.3783783783784,0.1691,0.0354,0.5725,0.2292,1.9890999999999999,1.3649,0.1717,0.1602,4565.0,1095.0,7348669.0,2810208.0,1351.0,51.0,1.0,1,2
MNL-RXS,MNL,RXS,2023.7837837837837,6.594594594594595,7807.0031351351345,54.48567567567568,4309.464054054054,3829.864864864865,4296.041081081081,5254.0,90.97297297297297,0.1691,0.0162,0.5725,0.1767,1.9890999999999999,1.9047,0.1717,0.0026,4565.0,2618.0,7348669.0,5909568.0,1351.0,147.0,1.0,1,2
MNL-SJI,MNL,SJI,2023.7837837837837,6.594594594594595,511.0762702702703,21.62162162162162,2162.162162162162,3829.864864864865,2130.3786486486483,5254.0,3.4324324324324325,0.1691,0.22500000000000003,0.5725,0.0171,1.9890999999999999,1.9857,0.1717,0.0183,4565.0,1095.0,7348669.0,2810208.0,1351.0,51.0,0.21621621621621623,1,2
MNL-TAC,MNL,TAC,2023.7837837837837,6.594594594594595,20418.704918918917,42.69810810810811,3697.961891891892,3829.864864864865,3548.258108108108,5254.0,350.6216216216216,0.1691,0.0177,0.5725,0.1266,1.9890999999999999,1.7168,0.1717,0.1699,4565.0,1528.0,7348669.0,1695713.0,1351.0,103.0,1.0,1,2
MNL-TAG,MNL,TAG,2023.7837837837837,6.594594594594595,21548.096486486487,50.02864864864865,3914.1064864864866,3829.864864864865,3962.4800000000005,5254.0,296.6756756756757,0.1691,0.0022,0.5725,0.746,1.9890999999999999,1.9782,0.1717,0.0036999999999999997,4565.0,2606.0,7348669.0,7517450.0,1351.0,386.0,1.0,1,2
MNL-TUG,MNL,TUG,2023.7837837837837,6.594594594594595,9541.04091891892,81.54513513513514,7366.221351351352,3829.864864864865,7366.195945945946,5254.0,77.10810810810811,0.1691,0.1667,0.5725,0.1568,1.9890999999999999,1.6703,0.1717,0.0064,4565.0,1216.0,7348669.0,1113791.0,1351.0,46.0,1.0,1,2
MNL-USU,MNL,USU,2023.7837837837837,6.594594594594595,1718.2235675675674,49.950540540540544,4991.548918918919,3829.864864864865,4928.383513513513,5254.0,158.67567567567568,0.1691,0.0053,0.5725,0.0456,1.9890999999999999,1.9756999999999998,0.1717,0.0016,4565.0,1095.0,7348669.0,2810208.0,1351.0,51.0,1.0,1,2
MNL-VRC,MNL,VRC,2023.7837837837837,6.594594594594595,4552.963297297297,97.29729729729729,9729.72972972973,3829.864864864865,9729.72972972973,5254.0,28.783783783783782,0.1691,0.0996,0.5725,0.0298,1.9890999999999999,1.9966000000000002,0.1717,0.0008999999999999999,4565.0,1909.0,7348669.0,4631579.0,1351.0,93.0,0.972972972972973,1,2
MNL-WNP,MNL,WNP,2023.7837837837837,6.594594594594595,3014.8002162162165,97.29729729729729,9729.72972972973,3829.864864864865,9729.72972972973,5254.0,49.270270270270274,0.1691,1.1518,0.5725,0.0089,1.9890999999999999,1.9089999999999998,0.1717,0.0013,4565.0,1909.0,7348669.0,4631579.0,1351.0,93.0,0.972972972972973,1,2
MNL-ZAM,MNL,ZAM,2023.7837837837837,6.594594594594595,218.40924324324322,5.158108108108108,9111.243243243243,3829.864864864865,6137.459459459459,5254.0,61.54054054054054,0.1691,0.0394,0.5725,0.0863,1.9890999999999999,1.405,0.1717,0.2669,4565.0,1263.0,7348669.0,1953463.0,1351.0,64.0,0.24324324324324326,1,2
MPH-CEB,MPH,CEB,2023.7837837837837,6.594594594594595,9034.514756756756,70.46324324324324,5101.608378378379,3396.845135135135,3082.4816216216213,812.5675675675676,2071.5405405405404,0.0902,0.0056,1.3168,0.5096,1.9746,1.891,0.0014,0.0813,2618.0,2606.0,5909568.0,7517450.0,147.0,386.0,1.0,0,1
MPH-CRK,MPH,CRK,2023.7837837837837,6.594594594594595,6700.95972972973,82.28648648648648,8010.506486486486,3396.845135135135,7781.164594594594,812.5675675675676,176.67567567567568,0.0902,0.0065,1.3168,0.1865,1.9746,1.2661,0.0014,0.1108,2618.0,3779.0,5909568.0,5691259.0,147.0,243.0,0.8378378378378378,1,1
MPH-DVO,MPH,DVO,2023.7837837837837,6.594594594594595,970.5228648648648,32.432432432432435,3243.2432432432433,3396.845135135135,5105.256756756757,812.5675675675676,783.7297297297297,0.0902,0.6037,1.3168,0.4554,1.9746,1.7601,0.0014,0.1592,2618.0,1837.0,5909568.0,4116016.0,147.0,205.0,0.32432432432432434,0,1
MPH-ENI,MPH,ENI,2023.7837837837837,6.594594594594595,102.17059459459459,8.108108108108109,810.8108108108108,3396.845135135135,2428.8813513513514,812.5675675675676,23.594594594594593,0.0902,0.014099999999999998,1.3168,0.2391,1.9746,1.9942,0.0014,0.0021,2618.0,1095.0,5909568.0,2810208.0,147.0,51.0,0.08108108108108109,0,1
MPH-ILO,MPH,ILO,2023.7837837837837,6.594594594594595,17.353297297297296,10.81081081081081,1081.081081081081,3396.845135135135,3840.8597297297297,812.5675675675676,617.081081081081,0.0902,2.0,1.3168,0.001,1.9746,1.9148999999999998,0.0014,0.0007,2618.0,2618.0,5909568.0,5909568.0,147.0,147.0,0.10810810810810811,0,1
MPH-KLO,MPH,KLO,2023.7837837837837,6.594594594594595,0.0,0.0,270.27027027027026,3396.845135135135,7125.63918918919,812.5675675675676,103.64864864864865,0.0902,0.0773,1.3168,0.1044,1.9746,1.8404000000000003,0.0014,0.0029,2618.0,2618.0,5909568.0,5909568.0,147.0,147.0,0.0,0,1
MPH-MNL,MPH,MNL,2023.7837837837837,6.594594594594595,36544.10643243243,38.9772972972973,3326.988108108108,3396.845135135135,3733.60027027027,812.5675675675676,5801.648648648648,0.0902,0.1691,1.3168,0.5725,1.9746,1.9890999999999999,0.0014,0.1717,2618.0,4565.0,5909568.0,7348669.0,147.0,1351.0,1.0,2,0
OZC-CEB,OZC,CEB,2023.7837837837837,6.594594594594595,2078.316162162162,84.62675675675676,7560.999459459459,4050.536486486487,3082.4816216216213,110.54054054054055,2071.5405405405404,0.0094,0.0056,0.069,0.5096,1.9415,1.891,0.007799999999999999,0.0813,1573.0,2606.0,2941319.0,7517450.0,135.0,386.0,1.0,0,1
OZC-MNL,OZC,MNL,2023.7837837837837,6.594594594594595,6837.912972972973,60.55540540540541,5173.171081081081,4050.536486486487,3733.60027027027,110.54054054054055,5801.648648648648,0.0094,0.1691,0.069,0.5725,1.9415,1.9890999999999999,0.007799999999999999,0.1717,1573.0,4565.0,2941319.0,7348669.0,135.0,1351.0,0.972972972972973,2,0
PAG-CEB,PAG,CEB,2023.7837837837837,6.594594594594595,2008.7494054054055,97.29729729729729,9704.005405405405,6725.126486486486,3082.4816216216213,85.86486486486487,2071.5405405405404,0.1565,0.0056,0.0837,0.5096,1.9398999999999997,1.891,0.0091,0.0813,1263.0,2606.0,1953463.0,7517450.0,64.0,386.0,0.972972972972973,0,1
PAG-MNL,PAG,MNL,2023.7837837837837,6.594594594594595,8395.567459459458,97.29729729729729,9729.72972972973,6725.126486486486,3733.60027027027,85.86486486486487,5801.648648648648,0.1565,0.1691,0.0837,0.5725,1.9398999999999997,1.9890999999999999,0.0091,0.1717,1263.0,4565.0,1953463.0,7348669.0,64.0,1351.0,0.972972972972973,2,0
PPS-CEB,PPS,CEB,2023.7837837837837,6.594594594594595,4736.095891891892,64.98756756756757,7678.165945945946,4182.722702702702,3082.4816216216213,399.4864864864865,2071.5405405405404,0.0354,0.0056,0.2292,0.5096,1.3649,1.891,0.1602,0.0813,1095.0,2606.0,2810208.0,7517450.0,51.0,386.0,0.8648648648648649,0,1
PPS-CRK,PPS,CRK,2023.7837837837837,6.594594594594595,932.068864864865,43.24324324324324,4123.2102702702705,4182.722702702702,7781.164594594594,399.4864864864865,176.67567567567568,0.0354,0.0065,0.2292,0.1865,1.3649,1.2661,0.1602,0.1108,1095.0,3779.0,2810208.0,5691259.0,51.0,243.0,0.43243243243243246,0,1
PPS-DVO,PPS,DVO,2023.7837837837837,6.594594594594595,1132.8886486486485,35.13513513513514,3513.5135135135133,4182.722702702702,5105.256756756757,399.4864864864865,783.7297297297297,0.0354,0.6037,0.2292,0.4554,1.3649,1.7601,0.1602,0.1592,1095.0,1837.0,2810208.0,4116016.0,51.0,205.0,0.35135135135135137,0,1
PPS-ENI,PPS,ENI,2023.7837837837837,6.594594594594595,8.788540540540541,8.108108108108109,810.8108108108108,4182.722702702702,2428.8813513513514,399.4864864864865,23.594594594594593,0.0354,0.014099999999999998,0.2292,0.2391,1.3649,1.9942,0.1602,0.0021,1095.0,1095.0,2810208.0,2810208.0,51.0,51.0,0.08108108108108109,0,1
PPS-ILO,PPS,ILO,2023.7837837837837,6.594594594594595,1941.537945945946,75.67567567567568,7567.5675675675675,4182.722702702702,3840.8597297297297,399.4864864864865,617.081081081081,0.0354,2.0,0.2292,0.001,1.3649,1.9148999999999998,0.1602,0.0007,1095.0,2618.0,2810208.0,5909568.0,51.0,147.0,0.7567567567567568,0,1
PPS-MNL,PPS,MNL,2023.7837837837837,6.594594594594595,26071.322162162163,47.05162162162162,3877.8221621621624,4182.722702702702,3733.60027027027,399.4864864864865,5801.648648648648,0.0354,0.1691,0.2292,0.5725,1.3649,1.9890999999999999,0.1602,0.1717,1095.0,4565.0,2810208.0,7348669.0,51.0,1351.0,1.0,2,0
RXS-MNL,RXS,MNL,2023.7837837837837,6.594594594594595,7644.605027027027,53.48027027027027,4153.231891891893,4153.255405405405,3733.60027027027,87.1891891891892,5801.648648648648,0.0162,0.1691,0.1767,0.5725,1.9047,1.9890999999999999,0.0026,0.1717,2618.0,4565.0,5909568.0,7348669.0,147.0,1351.0,0.972972972972973,2,0
SJI-CRK,SJI,CRK,2023.7837837837837,6.594594594594595,1.6423783783783783,2.7027027027027026,270.27027027027026,2152.903513513513,7781.164594594594,3.27027027027027,176.67567567567568,0.22500000000000003,0.0065,0.0171,0.1865,1.9857,1.2661,0.0183,0.1108,1095.0,3779.0,2810208.0,5691259.0,51.0,243.0,0.02702702702702703,0,1
SJI-MNL,SJI,MNL,2023.7837837837837,6.594594594594595,509.4338918918919,18.91891891891892,1891.8918918918919,2152.903513513513,3733.60027027027,3.27027027027027,5801.648648648648,0.22500000000000003,0.1691,0.0171,0.5725,1.9857,1.9890999999999999,0.0183,0.1717,1095.0,4565.0,2810208.0,7348669.0,51.0,1351.0,0.1891891891891892,2,0
SUG-BXU,SUG,BXU,2023.7837837837837,6.594594594594595,0.0,0.0,540.5405405405405,8681.744864864864,5054.772432432433,17.216216216216218,212.0810810810811,0.028199999999999996,0.018,0.0533,0.0452,1.8999000000000001,1.8643,0.0128,0.2916,920.0,920.0,1728856.0,1728856.0,47.0,47.0,0.0,0,1
SUG-CEB,SUG,CEB,2023.7837837837837,6.594594594594595,1036.0605405405404,88.81270270270271,8847.422702702703,8681.744864864864,3082.4816216216213,17.216216216216218,2071.5405405405404,0.028199999999999996,0.0056,0.0533,0.5096,1.8999000000000001,1.891,0.0128,0.0813,920.0,2606.0,1728856.0,7517450.0,47.0,386.0,0.8918918918918919,0,1
SUG-TAG,SUG,TAG,2023.7837837837837,6.594594594594595,0.0,0.0,270.27027027027026,8681.744864864864,3962.4800000000005,17.216216216216218,296.6756756756757,0.028199999999999996,0.0022,0.0533,0.746,1.8999000000000001,1.9782,0.0128,0.0036999999999999997,920.0,2606.0,1728856.0,7517450.0,47.0,386.0,0.0,0,1
SWL-CEB,SWL,CEB,2023.7837837837837,6.594594594594595,260.1301621621622,32.432432432432435,3243.2432432432433,3243.2432432432433,3082.4816216216213,4.243243243243243,2071.5405405405404,0.0,0.0056,0.0325,0.5096,1.9922999999999997,1.891,0.0008999999999999999,0.0813,1095.0,2606.0,2810208.0,7517450.0,51.0,386.0,0.32432432432432434,0,1
TAC-CEB,TAC,CEB,2023.7837837837837,6.594594594594595,2286.598054054054,58.16594594594594,5292.3378378378375,3329.6567567567567,3082.4816216216213,440.56756756756755,2071.5405405405404,0.0177,0.0056,0.1266,0.5096,1.7168,1.891,0.1699,0.0813,1528.0,2606.0,1695713.0,7517450.0,103.0,386.0,1.0,0,1
TAC-DVO,TAC,DVO,2023.7837837837837,6.594594594594595,535.2175135135135,32.432432432432435,3243.2432432432433,3329.6567567567567,5105.256756756757,440.56756756756755,783.7297297297297,0.0177,0.6037,0.1266,0.4554,1.7168,1.7601,0.1699,0.1592,1528.0,1837.0,1695713.0,4116016.0,103.0,205.0,0.32432432432432434,0,1
TAC-ILO,TAC,ILO,2023.7837837837837,6.594594594594595,646.148918918919,32.432432432432435,3243.2432432432433,3329.6567567567567,3840.8597297297297,440.56756756756755,617.081081081081,0.0177,2.0,0.1266,0.001,1.7168,1.9148999999999998,0.1699,0.0007,1528.0,2618.0,1695713.0,5909568.0,103.0,147.0,0.32432432432432434,0,1
TAC-MNL,TAC,MNL,2023.7837837837837,6.594594594594595,23975.356702702702,40.14594594594595,3636.6221621621617,3329.6567567567567,3733.60027027027,440.56756756756755,5801.648648648648,0.0177,0.1691,0.1266,0.5725,1.7168,1.9890999999999999,0.1699,0.1717,1528.0,4565.0,1695713.0,7348669.0,103.0,1351.0,0.972972972972973,2,0
TAG-CEB,TAG,CEB,2023.7837837837837,6.594594594594595,1.728,2.7027027027027026,540.5405405405405,3973.769189189189,3082.4816216216213,343.4864864864865,2071.5405405405404,0.0022,0.0056,0.746,0.5096,1.9782,1.891,0.0036999999999999997,0.0813,2606.0,2606.0,7517450.0,7517450.0,386.0,386.0,0.02702702702702703,0,1
TAG-CRK,TAG,CRK,2023.7837837837837,6.594594594594595,222.48778378378375,18.91891891891892,1891.8918918918919,3973.769189189189,7781.164594594594,343.4864864864865,176.67567567567568,0.0022,0.0065,0.746,0.1865,1.9782,1.2661,0.0036999999999999997,0.1108,2606.0,3779.0,7517450.0,5691259.0,386.0,243.0,0.1891891891891892,0,1
TAG-DRP,TAG,DRP,2023.7837837837837,6.594594594594595,8.631405405405404,5.405405405405405,540.5405405405405,3973.769189189189,4778.798918918919,343.4864864864865,170.16216216216216,0.0022,2.0,0.746,0.0165,1.9782,1.3268,0.0036999999999999997,0.0008,2606.0,1909.0,7517450.0,4631579.0,386.0,93.0,0.05405405405405406,0,1
TAG-DVO,TAG,DVO,2023.7837837837837,6.594594594594595,1778.1037297297298,38.10945945945946,8078.638918918919,3973.769189189189,5105.256756756757,343.4864864864865,783.7297297297297,0.0022,0.6037,0.746,0.4554,1.9782,1.7601,0.0036999999999999997,0.1592,2606.0,1837.0,7517450.0,4116016.0,386.0,205.0,0.5405405405405406,0,1
TAG-ENI,TAG,ENI,2023.7837837837837,6.594594594594595,42.46913513513513,8.108108108108109,810.8108108108108,3973.769189189189,2428.8813513513514,343.4864864864865,23.594594594594593,0.0022,0.014099999999999998,0.746,0.2391,1.9782,1.9942,0.0036999999999999997,0.0021,2606.0,1095.0,7517450.0,2810208.0,386.0,51.0,0.08108108108108109,0,1
TAG-ILO,TAG,ILO,2023.7837837837837,6.594594594594595,810.6834594594595,29.72972972972973,2972.972972972973,3973.769189189189,3840.8597297297297,343.4864864864865,617.081081081081,0.0022,2.0,0.746,0.001,1.9782,1.9148999999999998,0.0036999999999999997,0.0007,2606.0,2618.0,7517450.0,5909568.0,386.0,147.0,0.2972972972972973,0,1
TAG-MNL,TAG,MNL,2023.7837837837837,6.594594594594595,26808.28335135135,52.29648648648649,3943.29027027027,3973.769189189189,3733.60027027027,343.4864864864865,5801.648648648648,0.0022,0.1691,0.746,0.5725,1.9782,1.9890999999999999,0.0036999999999999997,0.1717,2606.0,4565.0,7517450.0,7348669.0,386.0,1351.0,1.0,2,0
TBH-MNL,TBH,MNL,2023.7837837837837,6.594594594594595,0.0,0.0,810.8108108108108,810.8108108108108,3733.60027027027,0.24324324324324326,5801.648648648648,0.0,0.1691,0.0035999999999999995,0.5725,1.9984,1.9890999999999999,0.0002,0.1717,1095.0,4565.0,2810208.0,7348669.0,51.0,1351.0,0.0,2,0
TBH-MPH,TBH,MPH,2023.7837837837837,6.594594594594595,0.0,0.0,810.8108108108108,810.8108108108108,4068.8778378378383,0.24324324324324326,642.2162162162163,0.0,0.0902,0.0035999999999999995,1.3168,1.9984,1.9746,0.0002,0.0014,1095.0,2618.0,2810208.0,5909568.0,51.0,147.0,0.0,0,1
TUG-MNL,TUG,MNL,2023.7837837837837,6.594594594594595,14021.847675675675,86.25621621621622,7914.820000000001,7914.783513513513,3733.60027027027,104.5945945945946,5801.648648648648,0.1667,0.1691,0.1568,0.5725,1.6703,1.9890999999999999,0.0064,0.1717,1216.0,4565.0,1113791.0,7348669.0,46.0,1351.0,0.972972972972973,2,0
TWT-CBO,TWT,CBO,2023.7837837837837,6.594594594594595,0.0,0.0,8918.918918918918,6651.43054054054,9189.18918918919,31.16216216216216,43.21621621621622,0.007,0.165,0.0,0.0388,1.9938,1.9501,0.0007,0.0101,940.0,940.0,1878952.0,1878952.0,6.0,6.0,0.0,0,1
TWT-ZAM,TWT,ZAM,2023.7837837837837,6.594594594594595,2184.3136216216217,41.579459459459464,6755.2735135135135,6651.43054054054,6137.459459459459,31.16216216216216,61.54054054054054,0.007,0.0394,0.0,0.0863,1.9938,1.405,0.0007,0.2669,940.0,1263.0,1878952.0,1953463.0,6.0,64.0,0.7027027027027027,0,1
USU-CEB,USU,CEB,2023.7837837837837,6.594594594594595,2774.5725405405406,50.475405405405404,5135.897297297298,5262.391351351352,3082.4816216216213,232.59459459459458,2071.5405405405404,0.0053,0.0056,0.0456,0.5096,1.9756999999999998,1.891,0.0016,0.0813,1095.0,2606.0,2810208.0,7517450.0,51.0,386.0,1.0,0,1
USU-CRK,USU,CRK,2023.7837837837837,6.594594594594595,351.52540540540537,11.192162162162163,7446.159729729729,5262.391351351352,7781.164594594594,232.59459459459458,176.67567567567568,0.0053,0.0065,0.0456,0.1865,1.9756999999999998,1.2661,0.0016,0.1108,1095.0,3779.0,2810208.0,5691259.0,51.0,243.0,0.21621621621621623,0,1
USU-ENI,USU,ENI,2023.7837837837837,6.594594594594595,104.6361081081081,8.108108108108109,810.8108108108108,5262.391351351352,2428.8813513513514,232.59459459459458,23.594594594594593,0.0053,0.014099999999999998,0.0456,0.2391,1.9756999999999998,1.9942,0.0016,0.0021,1095.0,1095.0,2810208.0,2810208.0,51.0,51.0,0.08108108108108109,0,1
USU-MNL,USU,MNL,2023.7837837837837,6.594594594594595,5427.021405405405,74.75837837837838,6298.013243243243,5262.391351351352,3733.60027027027,232.59459459459458,5801.648648648648,0.0053,0.1691,0.0456,0.5725,1.9756999999999998,1.9890999999999999,0.0016,0.1717,1095.0,4565.0,2810208.0,7348669.0,51.0,1351.0,0.972972972972973,2,0
VRC-MNL,VRC,MNL,2023.7837837837837,6.594594594594595,587.2623243243243,35.13513513513514,3513.5135135135133,3513.5135135135133,3733.60027027027,3.72972972972973,5801.648648648648,0.0996,0.1691,0.0298,0.5725,1.9966000000000002,1.9890999999999999,0.0008999999999999999,0.1717,1909.0,4565.0,4631579.0,7348669.0,93.0,1351.0,0.35135135135135137,2,0
WNP-MNL,WNP,MNL,2023.7837837837837,6.594594594594595,3018.275351351351,97.29729729729729,9729.72972972973,9729.72972972973,3733.60027027027,49.32432432432432,5801.648648648648,1.1518,0.1691,0.0089,0.5725,1.9089999999999998,1.9890999999999999,0.0013,0.1717,1909.0,4565.0,4631579.0,7348669.0,93.0,1351.0,0.972972972972973,2,0
ZAM-CEB,ZAM,CEB,2023.7837837837837,6.594594594594595,3559.071027027027,59.102162162162166,7254.151351351351,5726.256756756757,3082.4816216216213,259.0,2071.5405405405404,0.0394,0.0056,0.0863,0.5096,1.405,1.891,0.2669,0.0813,1263.0,2606.0,1953463.0,7517450.0,64.0,386.0,0.8108108108108109,0,1
ZAM-DVO,ZAM,DVO,2023.7837837837837,6.594594594594595,871.5684324324324,40.54054054054054,4054.054054054054,5726.256756756757,5105.256756756757,259.0,783.7297297297297,0.0394,0.6037,0.0863,0.4554,1.405,1.7601,0.2669,0.1592,1263.0,1837.0,1953463.0,4116016.0,64.0,205.0,0.40540540540540543,0,1
ZAM-GES,ZAM,GES,2023.7837837837837,6.594594594594595,4.348378378378378,2.7027027027027026,270.27027027027026,5726.256756756757,5577.708648648649,259.0,197.56756756756758,0.0394,0.0677,0.0863,0.0731,1.405,1.8291999999999997,0.2669,0.1054,1263.0,1625.0,1953463.0,1705910.0,64.0,82.0,0.02702702702702703,0,1
ZAM-ILO,ZAM,ILO,2023.7837837837837,6.594594594594595,740.9656216216216,35.13513513513514,3513.5135135135133,5726.256756756757,3840.8597297297297,259.0,617.081081081081,0.0394,2.0,0.0863,0.001,1.405,1.9148999999999998,0.2669,0.0007,1263.0,2618.0,1953463.0,5909568.0,64.0,147.0,0.35135135135135137,0,1
ZAM-MNL,ZAM,MNL,2023.7837837837837,6.594594594594595,18592.19751351351,65.80243243243244,5623.146756756757,5726.256756756757,3733.60027027027,259.0,5801.648648648648,0.0394,0.1691,0.0863,0.5725,1.405,1.9890999999999999,0.2669,0.1717,1263.0,4565.0,1953463.0,7348669.0,64.0,1351.0,1.0,2,0
ZAM-TWT,ZAM,TWT,2023.7837837837837,6.594594594594595,3601.874918918919,57.07000000000001,6637.11027027027,5726.256756756757,6409.242432432433,259.0,40.351351351351354,0.0394,0.007,0.0863,0.0,1.405,1.9938,0.2669,0.0007,1263.0,940.0,1953463.0,1878952.0,64.0,6.0,0.8378378378378378,0,1
