Route,cluster
BXU-MNL,0
BSO-MNL,0
BCD-MNL,0
SJI-MNL,0
RXS-MNL,0
TUG-MNL,0
TBH-MNL,0
TAG-MNL,0
BCD-MNL,0
MPH-MNL,0
SJI-MNL,0
CGY-MNL,0
USU-MNL,0
VRC-MNL,0
WNP-MNL,0
IAO-MNL,0
CBO-MNL,0
BXU-MNL,0
BSO-MNL,0
BCD-MNL,0
ZAM-MNL,0
WNP-MNL,0
VRC-MNL,0
TAC-MNL,0
PPS-MNL,0
PAG-MNL,0
OZC-MNL,0
MPH-MNL,0
CRM-MNL,0
CRK-MNL,0
TAC-MNL,0
CBO-MNL,0
CYZ-MNL,0
CYP-MNL,0
CRM-MNL,0
CRK-MNL,0
IAO-MNL,0
GES-MNL,0
EUQ-MNL,0
OZC-MNL,0
MPH-MNL,0
DVO-MNL,0
DRP-MNL,0
DPL-MNL,0
DGT-MNL,0
TBH-MNL,0
TAG-MNL,0
GES-MNL,0
LAO-MNL,0
ILO-MNL,0
IAO-MNL,0
GES-MNL,0
EUQ-MNL,0
ENI-MNL,0
DVO-MNL,0
DRP-MNL,0
DPL-MNL,0
DGT-MNL,0
CYZ-MNL,0
CYP-MNL,0
RXS-MNL,0
PPS-MNL,0
PAG-MNL,0
OZC-MNL,0
PPS-MNL,0
PAG-MNL,0
ENI-MNL,0
DVO-MNL,0
CGY-MNL,0
MBT-MNL,0
LGP-MNL,0
LAO-MNL,0
KLO-MNL,0
MBT-MNL,0
SJI-MNL,0
RXS-MNL,0
PPS-MNL,0
PAG-MNL,0
OZC-MNL,0
LGP-MNL,0
IAO-MNL,0
DRP-MNL,0
DPL-MNL,0
DGT-MNL,0
CYZ-MNL,0
CYP-MNL,0
KLO-MNL,0
ILO-MNL,0
IAO-MNL,0
GES-MNL,0
EUQ-MNL,0
ENI-MNL,0
EUQ-MNL,0
ENI-MNL,0
SJI-MNL,0
RXS-MNL,0
CEB-MNL,0
MBT-MNL,0
LGP-MNL,0
LAO-MNL,0
KLO-MNL,0
CRM-MNL,0
CRM-MNL,0
CRK-MNL,0
DRP-MNL,0
DPL-MNL,0
DGT-MNL,0
CYZ-MNL,0
CYP-MNL,0
CRK-MNL,0
CGY-MNL,0
ILO-MNL,0
USU-MNL,0
TUG-MNL,0
TUG-MNL,0
TBH-MNL,0
RXS-MNL,0
PPS-MNL,0
PAG-MNL,0
OZC-MNL,0
MPH-MNL,0
CBO-MNL,0
BXU-MNL,0
BSO-MNL,0
BCD-MNL,0
ZAM-MNL,0
EUQ-MNL,0
SJI-MNL,0
TAC-MNL,0
DVO-MNL,0
DRP-MNL,0
TAC-MNL,0
SJI-MNL,0
RXS-MNL,0
PPS-MNL,0
PAG-MNL,0
OZC-MNL,0
MPH-MNL,0
TAG-MNL,0
TAC-MNL,0
ENI-MNL,0
DVO-MNL,0
WNP-MNL,0
VRC-MNL,0
USU-MNL,0
TUG-MNL,0
TBH-MNL,0
TAG-MNL,0
BCD-MNL,0
ZAM-MNL,0
WNP-MNL,0
VRC-MNL,0
USU-MNL,0
DPL-MNL,0
DGT-MNL,0
CYZ-MNL,0
CYP-MNL,0
TUG-MNL,0
TBH-MNL,0
TAG-MNL,0
BSO-MNL,0
BCD-MNL,0
ZAM-MNL,0
WNP-MNL,0
VRC-MNL,0
CBO-MNL,0
BXU-MNL,0
BSO-MNL,0
CBO-MNL,0
BXU-MNL,0
BSO-MNL,0
BCD-MNL,0
CEB-MNL,0
CRM-MNL,0
CRK-MNL,0
CGY-MNL,0
BXU-MNL,0
BSO-MNL,0
BCD-MNL,0
ZAM-MNL,0
WNP-MNL,0
VRC-MNL,0
USU-MNL,0
TUG-MNL,0
TBH-MNL,0
TAG-MNL,0
MBT-MNL,0
LGP-MNL,0
LAO-MNL,0
KLO-MNL,0
CBO-MNL,0
BXU-MNL,0
MPH-MNL,0
CEB-MNL,0
TAC-MNL,0
SJI-MNL,0
RXS-MNL,0
PPS-MNL,0
PAG-MNL,0
OZC-MNL,0
ZAM-MNL,0
WNP-MNL,0
TBH-MNL,0
TAG-MNL,0
TAC-MNL,0
SJI-MNL,0
RXS-MNL,0
CBO-MNL,0
CRK-MNL,0
CGY-MNL,0
MBT-MNL,0
MBT-MNL,0
LGP-MNL,0
CRK-MNL,0
CGY-MNL,0
MPH-MNL,0
VRC-MNL,0
USU-MNL,0
CEB-MNL,0
IAO-MNL,0
GES-MNL,0
PPS-MNL,0
PAG-MNL,0
OZC-MNL,0
CRM-MNL,0
CEB-MNL,0
DVO-MNL,0
DVO-MNL,0
DRP-MNL,0
IAO-MNL,0
DPL-MNL,0
DGT-MNL,0
CYZ-MNL,0
CYP-MNL,0
CRM-MNL,0
LAO-MNL,0
KLO-MNL,0
MBT-MNL,0
LGP-MNL,0
LAO-MNL,0
DPL-MNL,0
DGT-MNL,0
GES-MNL,0
EUQ-MNL,0
ENI-MNL,0
LGP-MNL,0
LAO-MNL,0
KLO-MNL,0
ILO-MNL,0
ILO-MNL,0
IAO-MNL,0
GES-MNL,0
DPL-MNL,0
DGT-MNL,0
CYZ-MNL,0
CYP-MNL,0
CYP-MNL,0
LAO-MNL,0
KLO-MNL,0
ILO-MNL,0
IAO-MNL,0
GES-MNL,0
CGY-MNL,0
KLO-MNL,0
ILO-MNL,0
IAO-MNL,0
GES-MNL,0
EUQ-MNL,0
ENI-MNL,0
MBT-MNL,0
LGP-MNL,0
DRP-MNL,0
DGT-MNL,0
CYZ-MNL,0
CYP-MNL,0
DRP-MNL,0
DPL-MNL,0
CYZ-MNL,0
CYP-MNL,0
CRM-MNL,0
CRK-MNL,0
LAO-MNL,0
EUQ-MNL,0
ENI-MNL,0
DVO-MNL,0
EUQ-MNL,0
ENI-MNL,0
DVO-MNL,0
DRP-MNL,0
CYP-MNL,0
MBT-MNL,0
LGP-MNL,0
CGY-MNL,0
DGT-MNL,0
CYZ-MNL,0
GES-MNL,0
EUQ-MNL,0
ENI-MNL,0
DVO-MNL,0
CRM-MNL,0
CRM-MNL,0
CRK-MNL,0
DRP-MNL,0
DPL-MNL,0
DPL-MNL,0
CRM-MNL,0
CRK-MNL,0
KLO-MNL,0
ILO-MNL,0
IAO-MNL,0
DRP-MNL,0
DPL-MNL,0
DGT-MNL,0
CYZ-MNL,0
EUQ-MNL,0
ENI-MNL,0
KLO-MNL,0
ILO-MNL,0
ENI-MNL,0
DVO-MNL,0
BXU-MNL,0
BSO-MNL,0
MBT-MNL,0
LGP-MNL,0
LAO-MNL,0
CEB-MNL,0
GES-MNL,0
EUQ-MNL,0
IAO-MNL,0
GES-MNL,0
CGY-MNL,0
CYP-MNL,0
CRM-MNL,0
CRK-MNL,0
DVO-MNL,0
DRP-MNL,0
BSO-MNL,0
BCD-MNL,0
ILO-MNL,0
TAC-MNL,0
SJI-MNL,0
RXS-MNL,0
PPS-MNL,0
PAG-MNL,0
OZC-MNL,0
MPH-MNL,0
CEB-MNL,0
CRK-MNL,0
CGY-MNL,0
DGT-MNL,0
CYZ-MNL,0
CBO-MNL,0
OZC-MNL,0
MPH-MNL,0
MPH-MNL,0
TAC-MNL,0
TUG-MNL,0
TBH-MNL,0
TAG-MNL,0
IAO-MNL,0
ZAM-MNL,0
WNP-MNL,0
VRC-MNL,0
USU-MNL,0
TUG-MNL,0
TBH-MNL,0
CBO-MNL,0
BXU-MNL,0
MBT-MNL,0
LGP-MNL,0
LAO-MNL,0
KLO-MNL,0
SJI-MNL,0
RXS-MNL,0
PPS-MNL,0
PAG-MNL,0
OZC-MNL,0
TAG-MNL,0
BCD-MNL,0
ZAM-MNL,0
WNP-MNL,0
VRC-MNL,0
USU-MNL,0
PAG-MNL,0
TBH-MNL,0
TAG-MNL,0
TAC-MNL,0
SJI-MNL,0
RXS-MNL,0
PPS-MNL,0
CBO-MNL,0
BXU-MNL,0
BSO-MNL,0
BCD-MNL,0
ZAM-MNL,0
WNP-MNL,0
VRC-MNL,0
MPH-MNL,0
USU-MNL,0
CEB-MNL,0
SJI-MNL,0
RXS-MNL,0
PPS-MNL,0
PAG-MNL,0
OZC-MNL,0
MPH-MNL,0
ZAM-MNL,0
WNP-MNL,0
VRC-MNL,0
USU-MNL,0
TUG-MNL,0
TBH-MNL,0
TAG-MNL,0
MBT-MNL,0
CEB-MNL,0
TUG-MNL,0
DPL-MNL,0
MBT-MNL,0
CEB-MNL,0
CGY-MNL,0
DGT-MNL,0
CYZ-MNL,0
CBO-MNL,0
CGY-MNL,0
BXU-MNL,0
BSO-MNL,0
BCD-MNL,0
CEB-MNL,0
CGY-MNL,0
PAG-MNL,0
OZC-MNL,0
TAC-MNL,0
ILO-MNL,0
CYP-MNL,0
CRM-MNL,0
CRK-MNL,0
TAC-MNL,0
SJI-MNL,0
RXS-MNL,0
PPS-MNL,0
LGP-MNL,0
LAO-MNL,0
KLO-MNL,0
ILO-MNL,0
IAO-MNL,0
CBO-MNL,0
DVO-MNL,0
DRP-MNL,0
DPL-MNL,0
DGT-MNL,0
CYZ-MNL,0
IAO-MNL,0
GES-MNL,0
EUQ-MNL,0
ENI-MNL,0
CBO-MNL,0
BXU-MNL,0
BSO-MNL,0
CYP-MNL,0
CRM-MNL,0
CRK-MNL,0
LGP-MNL,0
LAO-MNL,0
KLO-MNL,0
USU-MNL,0
BXU-MNL,0
BSO-MNL,0
BCD-MNL,0
ZAM-MNL,0
WNP-MNL,0
VRC-MNL,0
BCD-MNL,0
ZAM-MNL,0
WNP-MNL,0
DVO-MNL,0
DRP-MNL,0
DPL-MNL,0
VRC-MNL,0
USU-MNL,0
DRP-MNL,0
TAC-MNL,0
ILO-MNL,0
IAO-MNL,0
GES-MNL,0
EUQ-MNL,0
ENI-MNL,0
DVO-MNL,0
IAO-MNL,0
GES-MNL,0
EUQ-MNL,0
ENI-MNL,0
GES-MNL,0
EUQ-MNL,0
ENI-MNL,0
WNP-MNL,0
VRC-MNL,0
TUG-MNL,0
TBH-MNL,0
TAG-MNL,0
CGY-MNL,0
MBT-MNL,0
LGP-MNL,0
LAO-MNL,0
KLO-MNL,0
DGT-MNL,0
CYZ-MNL,0
CYP-MNL,0
CRM-MNL,0
PPS-MNL,0
TUG-MNL,0
TBH-MNL,0
TAG-MNL,0
OZC-MNL,0
MPH-MNL,0
CRK-MNL,0
KLO-MNL,0
ILO-MNL,0
TUG-MNL,0
TBH-MNL,0
TAG-MNL,0
DVO-MNL,0
DRP-MNL,0
CBO-MNL,0
BXU-MNL,0
MBT-MNL,0
LGP-MNL,0
LAO-MNL,0
USU-MNL,0
TUG-MNL,0
CEB-MNL,0
PAG-MNL,0
OZC-MNL,0
MPH-MNL,0
CRK-MNL,0
CGY-MNL,0
BSO-MNL,0
BCD-MNL,0
ZAM-MNL,0
DPL-MNL,0
DGT-MNL,0
CYZ-MNL,0
CYP-MNL,0
CRM-MNL,0
PAG-MNL,0
PAG-MNL,0
OZC-MNL,0
MPH-MNL,0
CEB-MNL,0
TAG-MNL,0
TAC-MNL,0
SJI-MNL,0
RXS-MNL,0
PPS-MNL,0
SJI-MNL,0
RXS-MNL,0
PPS-MNL,0
ZAM-MNL,0
WNP-MNL,0
VRC-MNL,0
USU-MNL,0
TUG-MNL,0
TBH-MNL,0
TAG-MNL,0
TAC-MNL,0
CBO-MNL,0
BXU-MNL,0
BSO-MNL,0
BCD-MNL,0
ZAM-MNL,0
WNP-MNL,0
VRC-MNL,0
USU-MNL,0
SJI-MNL,0
RXS-MNL,0
PPS-MNL,0
PAG-MNL,0
TUG-MNL,0
TBH-MNL,0
TAG-MNL,0
PPS-MNL,0
PAG-MNL,0
OZC-MNL,0
MPH-MNL,0
SJI-MNL,0
RXS-MNL,0
TAC-MNL,0
SJI-MNL,0
RXS-MNL,0
TAC-MNL,0
SJI-MNL,0
RXS-MNL,0
PPS-MNL,0
BCD-MNL,0
TAC-MNL,0
CEB-MNL,0
CBO-MNL,0
BXU-MNL,0
BSO-MNL,0
BCD-MNL,0
ZAM-MNL,0
WNP-MNL,0
MPH-MNL,0
BSO-MNL,0
BCD-MNL,0
ZAM-MNL,0
WNP-MNL,0
VRC-MNL,0
USU-MNL,0
TBH-MNL,0
TAG-MNL,0
DVO-MNL,0
DRP-MNL,0
DPL-MNL,0
DGT-MNL,0
CYZ-MNL,0
CYP-MNL,0
OZC-MNL,0
MPH-MNL,0
CBO-MNL,0
BXU-MNL,0
TBH-MNL,0
CBO-MNL,0
BXU-MNL,0
BSO-MNL,0
RXS-MNL,0
PPS-MNL,0
PAG-MNL,0
OZC-MNL,0
MPH-MNL,0
ILO-MNL,0
WNP-MNL,0
VRC-MNL,0
USU-MNL,0
CEB-MNL,0
CRM-MNL,0
CRK-MNL,0
CGY-MNL,0
VRC-MNL,0
USU-MNL,0
TUG-MNL,0
TBH-MNL,0
TAG-MNL,0
IAO-MNL,0
GES-MNL,0
EUQ-MNL,0
CRM-MNL,0
CRK-MNL,0
CGY-MNL,0
MBT-MNL,0
LGP-MNL,0
LAO-MNL,0
KLO-MNL,0
PAG-MNL,0
OZC-MNL,0
TAC-MNL,0
SJI-MNL,0
GES-MNL,0
EUQ-MNL,0
ENI-MNL,0
DPL-MNL,0
DGT-MNL,0
CYZ-MNL,0
CYP-MNL,0
CBO-MNL,0
BXU-MNL,0
BSO-MNL,0
BCD-MNL,0
ZAM-MNL,0
ENI-MNL,0
DVO-MNL,0
DRP-MNL,0
TUG-MNL,0
MBT-MNL,0
LGP-MNL,0
LAO-MNL,0
KLO-MNL,0
CRK-MNL,0
CGY-MNL,0
ILO-MNL,0
IAO-MNL,0
GES-MNL,0
DRP-MNL,0
DPL-MNL,0
DGT-MNL,0
CYZ-MNL,0
CYP-MNL,0
CRM-MNL,0
IAO-MNL,0
GES-MNL,0
EUQ-MNL,0
ENI-MNL,0
DGT-MNL,0
CYZ-MNL,0
CYP-MNL,0
CRM-MNL,0
EUQ-MNL,0
ENI-MNL,0
DPL-MNL,0
LAO-MNL,0
KLO-MNL,0
ILO-MNL,0
MBT-MNL,0
DVO-MNL,0
CEB-MNL,0
GES-MNL,0
EUQ-MNL,0
CRK-MNL,0
CGY-MNL,0
ENI-MNL,0
MBT-MNL,0
LGP-MNL,0
DVO-MNL,0
DVO-MNL,0
DRP-MNL,0
DRP-MNL,0
DPL-MNL,0
DGT-MNL,0
CYZ-MNL,0
CYP-MNL,0
IAO-MNL,0
CRM-MNL,0
CBO-MNL,0
BXU-MNL,0
BSO-MNL,0
BCD-MNL,0
ZAM-MNL,0
WNP-MNL,0
VRC-MNL,0
USU-MNL,0
CEB-MNL,0
MBT-MNL,0
LGP-MNL,0
LAO-MNL,0
KLO-MNL,0
ILO-MNL,0
IAO-MNL,0
OZC-MNL,0
CEB-MNL,0
ZAM-MNL,0
WNP-MNL,0
VRC-MNL,0
USU-MNL,0
TUG-MNL,0
TBH-MNL,0
TAG-MNL,0
MBT-MNL,0
CRK-MNL,0
CGY-MNL,0
MPH-MNL,0
LAO-MNL,0
KLO-MNL,0
ILO-MNL,0
ZAM-MNL,0
CEB-MNL,0
IAO-MNL,0
GES-MNL,0
TAG-MNL,0
TAC-MNL,0
TUG-MNL,0
PPS-MNL,0
PAG-MNL,0
OZC-MNL,0
MPH-MNL,0
TAC-MNL,0
SJI-MNL,0
RXS-MNL,0
PPS-MNL,0
PAG-MNL,0
OZC-MNL,0
MPH-MNL,0
CEB-MNL,0
TBH-MNL,0
LGP-MNL,0
LAO-MNL,0
KLO-MNL,0
ILO-MNL,0
CBO-MNL,0
BXU-MNL,0
BSO-MNL,0
BCD-MNL,0
CBO-MNL,0
BXU-MNL,0
BSO-MNL,0
BCD-MNL,0
TUG-MNL,0
TBH-MNL,0
TAG-MNL,0
TAC-MNL,0
LGP-MNL,0
LAO-MNL,0
KLO-MNL,0
ILO-MNL,0
SJI-MNL,0
RXS-MNL,0
CRK-MNL,0
CGY-MNL,0
SJI-MNL,0
RXS-MNL,0
PPS-MNL,0
PAG-MNL,0
EUQ-MNL,0
CRK-MNL,0
CGY-MNL,0
WNP-MNL,0
VRC-MNL,0
USU-MNL,0
TUG-MNL,0
TBH-MNL,0
TAG-MNL,0
ENI-MNL,0
DVO-MNL,0
DPL-MNL,0
DGT-MNL,0
CYZ-MNL,0
CYP-MNL,0
CRM-MNL,0
MBT-MNL,0
LGP-MNL,0
LAO-MNL,0
KLO-MNL,0
CBO-MNL,0
BXU-MNL,0
BSO-MNL,0
BCD-MNL,0
ZAM-MNL,0
WNP-MNL,0
VRC-MNL,0
USU-MNL,0
IAO-MNL,0
GES-MNL,0
EUQ-MNL,0
ENI-MNL,0
PPS-MNL,0
PAG-MNL,0
OZC-MNL,0
MPH-MNL,0
DGT-MNL,0
CYZ-MNL,0
CYP-MNL,0
CRM-MNL,0
ENI-MNL,0
DVO-MNL,0
CEB-MNL,0
TAC-MNL,0
DRP-MNL,0
DPL-MNL,0
DGT-MNL,0
CYZ-MNL,0
ILO-MNL,0
IAO-MNL,0
GES-MNL,0
EUQ-MNL,0
ENI-MNL,0
IAO-MNL,0
DRP-MNL,0
DPL-MNL,0
CYP-MNL,0
CRM-MNL,0
DVO-MNL,0
DRP-MNL,0
MBT-MNL,0
LGP-MNL,0
SJI-MNL,0
RXS-MNL,0
CYP-MNL,0
CRM-MNL,0
CYZ-MNL,0
CYP-MNL,0
GES-MNL,0
EUQ-MNL,0
DVO-MNL,0
DRP-MNL,0
DPL-MNL,0
DGT-MNL,0
LGP-MNL,0
CRM-MNL,0
CRK-MNL,0
DVO-MNL,0
DRP-MNL,0
CGY-MNL,0
CRK-MNL,0
CGY-MNL,0
DRP-MNL,0
DPL-MNL,0
DGT-MNL,0
LAO-MNL,0
KLO-MNL,0
ILO-MNL,0
CYZ-MNL,0
CYP-MNL,0
CRM-MNL,0
CRK-MNL,0
CGY-MNL,0
DPL-MNL,0
DGT-MNL,0
CYZ-MNL,0
GES-MNL,0
EUQ-MNL,0
ENI-MNL,0
MBT-MNL,0
BSO-MNL,0
BCD-MNL,0
ZAM-MNL,0
WNP-MNL,0
VRC-MNL,0
USU-MNL,0
ENI-MNL,0
DVO-MNL,0
CBO-MNL,0
BXU-MNL,0
CEB-MNL,0
CEB-MNL,0
PPS-MNL,0
PAG-MNL,0
OZC-MNL,0
MPH-MNL,0
TUG-MNL,0
TBH-MNL,0
TAG-MNL,0
TAC-MNL,0
ILO-MNL,0
IAO-MNL,0
GES-MNL,0
EUQ-MNL,0
KLO-MNL,0
ILO-MNL,0
CRK-MNL,0
IAO-MNL,0
DPL-MNL,0
DGT-MNL,0
IAO-MNL,0
GES-MNL,0
EUQ-MNL,0
ENI-MNL,0
MBT-MNL,0
CEB-MNL,0
LAO-MNL,0
KLO-MNL,0
ILO-MNL,0
SJI-MNL,0
RXS-MNL,0
MBT-MNL,0
LGP-MNL,0
LAO-MNL,0
PAG-MNL,0
OZC-MNL,0
CRK-MNL,0
CGY-MNL,0
CYZ-MNL,0
CYP-MNL,0
CRM-MNL,0
MBT-MNL,0
LGP-MNL,0
LAO-MNL,0
KLO-MNL,0
LGP-MNL,0
CGY-MNL,0
MPH-MNL,0
DVO-MNL,0
DRP-MNL,0
CYP-MNL,0
SJI-MNL,0
RXS-MNL,0
PPS-MNL,0
PAG-MNL,0
OZC-MNL,0
MPH-MNL,0
TAC-MNL,0
CEB-MNL,0
WNP-MNL,0
VRC-MNL,0
USU-MNL,0
TUG-MNL,0
SJI-MNL,0
RXS-MNL,0
PPS-MNL,0
MPH-MNL,0
TBH-MNL,0
TAG-MNL,0
CBO-MNL,0
BXU-MNL,0
BSO-MNL,0
BCD-MNL,0
ZAM-MNL,0
CEB-MNL,0
CRK-MNL,0
CGY-MNL,0
CBO-MNL,0
CBO-MNL,0
BXU-MNL,0
BSO-MNL,0
BCD-MNL,0
WNP-MNL,0
VRC-MNL,0
USU-MNL,0
TUG-MNL,0
USU-MNL,0
TUG-MNL,0
TBH-MNL,0
DRP-MNL,0
DPL-MNL,0
DGT-MNL,0
CYZ-MNL,0
SJI-MNL,0
RXS-MNL,0
PPS-MNL,0
PAG-MNL,0
OZC-MNL,0
TBH-MNL,0
TAG-MNL,0
TUG-MNL,0
TBH-MNL,0
TAG-MNL,0
KLO-MNL,0
ILO-MNL,0
IAO-MNL,0
GES-MNL,0
TAG-MNL,0
TAC-MNL,0
CRM-MNL,0
BXU-MNL,0
BSO-MNL,0
BCD-MNL,0
ZAM-MNL,0
BXU-MNL,0
BSO-MNL,0
BCD-MNL,0
ZAM-MNL,0
WNP-MNL,0
VRC-MNL,0
USU-MNL,0
TUG-MNL,0
TBH-MNL,0
SJI-MNL,0
EUQ-MNL,0
ENI-MNL,0
DVO-MNL,0
ZAM-MNL,0
WNP-MNL,0
VRC-MNL,0
LGP-MNL,0
EUQ-MNL,0
OZC-MNL,0
MPH-MNL,0
MBT-MNL,0
LGP-MNL,0
LAO-MNL,0
KLO-MNL,0
ILO-MNL,0
IAO-MNL,0
CBO-MNL,0
BXU-MNL,0
BSO-MNL,0
BCD-MNL,0
ZAM-MNL,0
CBO-MNL,0
CYP-MNL,0
CRM-MNL,0
CEB-MNL,0
ENI-MNL,0
DVO-MNL,0
GES-MNL,0
TAG-MNL,0
TAC-MNL,0
TAC-MNL,0
TAC-MNL,0
SJI-MNL,0
RXS-MNL,0
PPS-MNL,0
PAG-MNL,0
MPH-MNL,0
MBT-MNL,0
TAG-MNL,0
TAC-MNL,0
USU-MNL,0
TUG-MNL,0
TBH-MNL,0
TAG-MNL,0
CRK-MNL,0
CGY-MNL,0
SJI-MNL,0
RXS-MNL,0
PPS-MNL,0
PAG-MNL,0
DRP-MNL,0
DPL-MNL,0
DGT-MNL,0
CYZ-MNL,0
CYZ-MNL,0
CYP-MNL,0
CRM-MNL,0
WNP-MNL,0
VRC-MNL,0
CBO-MNL,0
BXU-MNL,0
BSO-MNL,0
BCD-MNL,0
ZAM-MNL,0
WNP-MNL,0
CEB-MNL,0
CRK-MNL,0
CGY-MNL,0
TUG-MNL,0
TBH-MNL,0
SJI-MNL,0
RXS-MNL,0
PPS-MNL,0
ENI-MNL,0
VRC-MNL,0
USU-MNL,0
TUG-MNL,0
TBH-MNL,0
TAG-MNL,0
BSO-MNL,0
BCD-MNL,0
ZAM-MNL,0
DVO-MNL,0
DRP-MNL,0
DPL-MNL,0
DGT-MNL,0
MPH-MNL,0
MPH-MNL,0
IAO-MNL,0
GES-MNL,0
EUQ-MNL,0
RXS-MNL,0
PPS-MNL,0
PAG-MNL,0
OZC-MNL,0
MPH-MNL,0
WNP-MNL,0
VRC-MNL,0
USU-MNL,0
TAC-MNL,0
SJI-MNL,0
TAC-MNL,0
PPS-MNL,0
PAG-MNL,0
OZC-MNL,0
BCD-MNL,0
ZAM-MNL,0
WNP-MNL,0
VRC-MNL,0
USU-MNL,0
MBT-MNL,0
LGP-MNL,0
LAO-MNL,0
ILO-MNL,0
PAG-MNL,0
OZC-MNL,0
LAO-MNL,0
OZC-MNL,0
ENI-MNL,0
DVO-MNL,0
DRP-MNL,0
DPL-MNL,0
OZC-MNL,0
MPH-MNL,0
IAO-MNL,0
GES-MNL,0
EUQ-MNL,0
MBT-MNL,0
LGP-MNL,0
LAO-MNL,0
KLO-MNL,0
KLO-MNL,0
ILO-MNL,0
RXS-MNL,0
CGY-MNL,0
BCD-MNL,0
ZAM-MNL,0
TAC-MNL,0
SJI-MNL,0
RXS-MNL,0
PPS-MNL,0
PAG-MNL,0
DGT-MNL,0
CYZ-MNL,0
CYP-MNL,0
CRM-MNL,0
CEB-MNL,0
CBO-MNL,0
BXU-MNL,0
BSO-MNL,0
DVO-MNL,0
CBO-MNL,0
BXU-MNL,0
BSO-MNL,0
CEB-MNL,0
CEB-MNL,0
CRK-MNL,0
CGY-MNL,0
CYP-MNL,0
WNP-MNL,0
VRC-MNL,0
USU-MNL,0
TUG-MNL,0
TBH-MNL,0
TAG-MNL,0
CRK-MNL,0
BSO-MNL,0
BCD-MNL,0
CGY-MNL,0
GES-MNL,0
EUQ-MNL,0
ENI-MNL,0
SJI-MNL,0
RXS-MNL,0
PPS-MNL,0
PAG-MNL,0
OZC-MNL,0
MPH-MNL,0
CRM-MNL,0
LGP-MNL,0
LAO-MNL,0
KLO-MNL,0
WNP-MNL,0
VRC-MNL,0
USU-MNL,0
TUG-MNL,0
CYP-MNL,0
MBT-MNL,0
ILO-MNL,0
IAO-MNL,0
LGP-MNL,0
TAC-MNL,0
DRP-MNL,0
DPL-MNL,0
DGT-MNL,0
CYZ-MNL,0
CBO-MNL,0
BXU-MNL,0
OZC-MNL,0
MPH-MNL,0
LGP-MNL,0
LAO-MNL,0
KLO-MNL,0
BSO-MNL,0
BCD-MNL,0
ZAM-MNL,0
WNP-MNL,0
VRC-MNL,0
USU-MNL,0
TUG-MNL,0
TBH-MNL,0
TAG-MNL,0
MBT-MNL,0
ZAM-MNL,0
DVO-MNL,0
ILO-MNL,0
MBT-MNL,0
LAO-MNL,0
KLO-MNL,0
ILO-MNL,0
IAO-MNL,0
CRM-MNL,0
CRK-MNL,0
TBH-MNL,0
TAG-MNL,0
TAC-MNL,0
SJI-MNL,0
RXS-MNL,0
PPS-MNL,0
PAG-MNL,0
BXU-MNL,0
ILO-MNL,0
IAO-MNL,0
GES-MNL,0
CBO-MNL,0
BXU-MNL,0
MBT-MNL,0
LGP-MNL,0
LAO-MNL,0
KLO-MNL,0
DRP-MNL,0
DPL-MNL,0
DGT-MNL,0
CYZ-MNL,0
EUQ-MNL,0
ENI-MNL,0
CRK-MNL,0
CGY-MNL,0
CEB-MNL,0
CYZ-MNL,0
CYP-MNL,0
CRM-MNL,0
CRK-MNL,0
DRP-MNL,0
DPL-MNL,0
DGT-MNL,0
CGY-MNL,0
EUQ-MNL,0
ENI-MNL,0
DVO-MNL,0
CEB-MNL,0
CBO-MNL,0
BSO-MNL,0
DVO-MNL,0
DRP-MNL,0
DPL-MNL,0
DGT-MNL,0
BCD-MNL,0
ZAM-MNL,0
WNP-MNL,0
VRC-MNL,0
USU-MNL,0
CBO-MNL,0
BXU-MNL,0
CEB-MNL,0
CYZ-MNL,0
CYP-MNL,0
CRM-MNL,0
DPL-MNL,0
GES-MNL,0
EUQ-MNL,0
ENI-MNL,0
SJI-MNL,0
RXS-MNL,0
TUG-MNL,0
TBH-MNL,0
TAG-MNL,0
TAC-MNL,0
DGT-MNL,0
CYZ-MNL,0
CYP-MNL,0
CRM-MNL,0
CRK-MNL,0
CGY-MNL,0
ILO-MNL,0
IAO-MNL,0
GES-MNL,0
GES-MNL,0
EUQ-MNL,0
ENI-MNL,0
PPS-MNL,0
PAG-MNL,0
OZC-MNL,0
MPH-MNL,0
MBT-MNL,0
LGP-MNL,0
LAO-MNL,0
KLO-MNL,0
DVO-MNL,0
DRP-MNL,0
MPH-MNL,0
USU-MNL,0
TUG-MNL,0
MBT-MNL,0
LGP-MNL,0
LAO-MNL,0
KLO-MNL,0
ILO-MNL,0
CEB-MNL,0
CEB-MNL,0
ZAM-MNL,0
WNP-MNL,0
VRC-MNL,0
USU-MNL,0
CGY-MNL,0
TAC-MNL,0
CEB-MNL,0
BSO-MNL,0
BXU-MNL,0
CBO-MNL,0
TAG-MNL,0
TBH-MNL,0
TUG-MNL,0
ZAM-MNL,0
MNL-ILO,1
MNL-IAO,1
MNL-GES,1
MNL-EUQ,1
MNL-ZAM,1
MNL-WNP,1
MNL-VRC,1
MNL-USU,1
MNL-TUG,1
MNL-TUG,1
MNL-TAG,1
MNL-TAC,1
MNL-SJI,1
MNL-RXS,1
MNL-PPS,1
MNL-PAG,1
MNL-OZC,1
MNL-MPH,1
MNL-MBT,1
MNL-LGP,1
MNL-LAO,1
MNL-KLO,1
MNL-ILO,1
MNL-IAO,1
MNL-GES,1
MNL-ZAM,1
MNL-WNP,1
MNL-VRC,1
MNL-USU,1
MNL-CBO,1
MNL-BXU,1
MNL-BSO,1
MNL-BCD,1
MNL-BAG,1
MNL-BXU,1
MNL-BSO,1
MNL-BCD,1
MNL-BAG,1
MNL-ENI,1
MNL-DVO,1
MNL-DRP,1
MNL-DPL,1
MNL-DGT,1
MNL-CYZ,1
MNL-CYP,1
MNL-CRM,1
MNL-CRK,1
MNL-CGY,1
MNL-CEB,1
MNL-CBO,1
MNL-BXU,1
MNL-BSO,1
MNL-BCD,1
MNL-CBO,1
MNL-ILO,1
MNL-IAO,1
MNL-GES,1
MNL-EUQ,1
MNL-ENI,1
MNL-DVO,1
MNL-DRP,1
MNL-DPL,1
MNL-DGT,1
MNL-CYZ,1
MNL-CYP,1
MNL-CRM,1
MNL-CRK,1
MNL-CGY,1
MNL-CEB,1
MNL-EUQ,1
MNL-WNP,1
MNL-VRC,1
MNL-USU,1
MNL-TUG,1
MNL-TAG,1
MNL-TAC,1
MNL-SJI,1
MNL-RXS,1
MNL-PPS,1
MNL-PAG,1
MNL-OZC,1
MNL-MPH,1
MNL-MBT,1
MNL-LGP,1
MNL-LAO,1
MNL-KLO,1
MNL-KLO,1
MNL-ILO,1
MNL-IAO,1
MNL-GES,1
MNL-EUQ,1
MNL-ENI,1
MNL-DVO,1
MNL-DRP,1
MNL-DPL,1
MNL-DGT,1
MNL-CYZ,1
MNL-CYP,1
MNL-BSO,1
MNL-BCD,1
MNL-BAG,1
MNL-ZAM,1
MNL-CRM,1
MNL-CRK,1
MNL-CGY,1
MNL-CEB,1
MNL-BXU,1
MNL-BSO,1
MNL-BCD,1
MNL-BAG,1
MNL-BAG,1
MNL-IAO,1
MNL-GES,1
MNL-EUQ,1
MNL-ENI,1
MNL-DVO,1
MNL-DRP,1
MNL-DPL,1
MNL-DGT,1
MNL-CYZ,1
MNL-CYP,1
MNL-CRM,1
MNL-CRK,1
MNL-CGY,1
MNL-CEB,1
MNL-CBO,1
MNL-CRK,1
MNL-CGY,1
MNL-CEB,1
MNL-CBO,1
MNL-BXU,1
MNL-ZAM,1
MNL-WNP,1
MNL-VRC,1
MNL-USU,1
MNL-TUG,1
MNL-TAG,1
MNL-TAC,1
MNL-SJI,1
MNL-RXS,1
MNL-MBT,1
MNL-LGP,1
MNL-LAO,1
MNL-KLO,1
MNL-ILO,1
MNL-IAO,1
MNL-GES,1
MNL-EUQ,1
MNL-ENI,1
MNL-DVO,1
MNL-DRP,1
MNL-TAC,1
MNL-SJI,1
MNL-RXS,1
MNL-DPL,1
MNL-DGT,1
MNL-CYZ,1
MNL-CYP,1
MNL-CRM,1
MNL-PPS,1
MNL-PAG,1
MNL-OZC,1
MNL-MPH,1
MNL-MBT,1
MNL-LGP,1
MNL-LAO,1
MNL-KLO,1
MNL-ILO,1
MNL-IAO,1
MNL-GES,1
MNL-EUQ,1
MNL-ENI,1
MNL-DVO,1
MNL-DRP,1
MNL-DPL,1
MNL-ZAM,1
MNL-WNP,1
MNL-VRC,1
MNL-USU,1
MNL-TUG,1
MNL-TAG,1
MNL-TUG,1
MNL-TAG,1
MNL-PPS,1
MNL-PAG,1
MNL-OZC,1
MNL-MPH,1
MNL-DGT,1
MNL-CYZ,1
MNL-CYP,1
MNL-CRM,1
MNL-CRK,1
MNL-CGY,1
MNL-CEB,1
MNL-CBO,1
MNL-BXU,1
MNL-BSO,1
MNL-BCD,1
MNL-BAG,1
MNL-ZAM,1
MNL-WNP,1
MNL-VRC,1
MNL-USU,1
MNL-GES,1
MNL-EUQ,1
MNL-ENI,1
MNL-ZAM,1
MNL-WNP,1
MNL-VRC,1
MNL-USU,1
MNL-TAC,1
MNL-SJI,1
MNL-RXS,1
MNL-PPS,1
MNL-PAG,1
MNL-OZC,1
MNL-MPH,1
MNL-MBT,1
MNL-LGP,1
MNL-LAO,1
MNL-KLO,1
MNL-ILO,1
MNL-IAO,1
MNL-TUG,1
MNL-TAG,1
MNL-TAC,1
MNL-SJI,1
MNL-RXS,1
MNL-PPS,1
MNL-PAG,1
MNL-OZC,1
MNL-MPH,1
MNL-MBT,1
MNL-LGP,1
MNL-LAO,1
MNL-DVO,1
MNL-DRP,1
MNL-DPL,1
MNL-DGT,1
MNL-CYZ,1
MNL-CYP,1
MNL-CRM,1
MNL-CRK,1
MNL-CGY,1
MNL-CEB,1
MNL-CRK,1
MNL-CGY,1
MNL-CEB,1
MNL-CBO,1
MNL-BXU,1
MNL-BSO,1
MNL-BCD,1
MNL-BAG,1
MNL-MBT,1
MNL-LGP,1
MNL-LAO,1
MNL-KLO,1
MNL-ILO,1
MNL-IAO,1
MNL-GES,1
MNL-EUQ,1
MNL-ENI,1
MNL-DVO,1
MNL-DRP,1
MNL-DPL,1
MNL-DGT,1
MNL-CYZ,1
MNL-CYP,1
MNL-CRM,1
MNL-VRC,1
MNL-USU,1
MNL-TUG,1
MNL-TAG,1
MNL-TAC,1
MNL-SJI,1
MNL-RXS,1
MNL-PPS,1
MNL-PAG,1
MNL-OZC,1
MNL-MPH,1
MNL-MBT,1
MNL-LGP,1
MNL-ZAM,1
MNL-WNP,1
MNL-VRC,1
MNL-USU,1
MNL-TUG,1
MNL-TAG,1
MNL-TAC,1
MNL-SJI,1
MNL-RXS,1
MNL-PPS,1
MNL-PAG,1
MNL-OZC,1
MNL-MPH,1
MNL-LAO,1
MNL-KLO,1
MNL-ILO,1
MNL-ZAM,1
MNL-WNP,1
MNL-ZAM,1
MNL-WNP,1
MNL-VRC,1
MNL-USU,1
MNL-TUG,1
MNL-TAG,1
MNL-CBO,1
MNL-BXU,1
MNL-BSO,1
MNL-BCD,1
MNL-BAG,1
MNL-KLO,1
MNL-ILO,1
MNL-IAO,1
MNL-GES,1
MNL-EUQ,1
MNL-ENI,1
MNL-CEB,1
MNL-CBO,1
MNL-BXU,1
MNL-BSO,1
MNL-BCD,1
MNL-BAG,1
MNL-TAC,1
MNL-SJI,1
MNL-RXS,1
MNL-PPS,1
MNL-PAG,1
MNL-OZC,1
MNL-MPH,1
MNL-MBT,1
MNL-LGP,1
MNL-LAO,1
MNL-LAO,1
MNL-KLO,1
MNL-ILO,1
MNL-IAO,1
MNL-GES,1
MNL-EUQ,1
MNL-ENI,1
MNL-DVO,1
MNL-DRP,1
MNL-DPL,1
MNL-DGT,1
MNL-CYZ,1
MNL-CYP,1
MNL-CRM,1
MNL-CRK,1
MNL-CGY,1
MNL-ZAM,1
MNL-WNP,1
MNL-VRC,1
MNL-USU,1
MNL-TUG,1
MNL-TAG,1
MNL-TAC,1
MNL-SJI,1
MNL-RXS,1
MNL-PPS,1
MNL-TAC,1
MNL-SJI,1
MNL-RXS,1
MNL-PPS,1
MNL-PAG,1
MNL-OZC,1
MNL-MPH,1
MNL-MBT,1
MNL-LGP,1
MNL-LAO,1
MNL-KLO,1
MNL-ILO,1
MNL-IAO,1
MNL-GES,1
MNL-EUQ,1
MNL-ENI,1
MNL-DVO,1
MNL-DRP,1
MNL-DPL,1
MNL-DGT,1
MNL-DRP,1
MNL-DPL,1
MNL-DGT,1
MNL-ZAM,1
MNL-WNP,1
MNL-VRC,1
MNL-USU,1
MNL-TUG,1
MNL-TAG,1
MNL-PAG,1
MNL-OZC,1
MNL-MPH,1
MNL-MBT,1
MNL-LGP,1
MNL-LAO,1
MNL-KLO,1
MNL-ILO,1
MNL-IAO,1
MNL-GES,1
MNL-EUQ,1
MNL-ENI,1
MNL-DVO,1
MNL-CYZ,1
MNL-CYP,1
MNL-CRM,1
MNL-CRK,1
MNL-CGY,1
MNL-CEB,1
MNL-CBO,1
MNL-BXU,1
MNL-BSO,1
MNL-BCD,1
MNL-BAG,1
MNL-ZAM,1
MNL-ZAM,1
MNL-WNP,1
MNL-VRC,1
MNL-USU,1
MNL-TUG,1
MNL-TAG,1
MNL-TAC,1
MNL-SJI,1
MNL-RXS,1
MNL-CYZ,1
MNL-CYP,1
MNL-CRM,1
MNL-CRK,1
MNL-CGY,1
MNL-CEB,1
MNL-CBO,1
MNL-BXU,1
MNL-BSO,1
MNL-BCD,1
MNL-BAG,1
MNL-MBT,1
MNL-LGP,1
MNL-LAO,1
MNL-KLO,1
MNL-ILO,1
MNL-IAO,1
MNL-GES,1
MNL-EUQ,1
MNL-ENI,1
MNL-DVO,1
MNL-DRP,1
MNL-DPL,1
MNL-WNP,1
MNL-VRC,1
MNL-USU,1
MNL-TUG,1
MNL-TAG,1
MNL-TAC,1
MNL-SJI,1
MNL-RXS,1
MNL-PPS,1
MNL-PAG,1
MNL-OZC,1
MNL-MPH,1
MNL-MBT,1
MNL-LGP,1
MNL-CRM,1
MNL-CRK,1
MNL-CGY,1
MNL-CEB,1
MNL-CBO,1
MNL-BXU,1
MNL-BSO,1
MNL-BCD,1
MNL-BAG,1
MNL-PPS,1
MNL-PAG,1
MNL-OZC,1
MNL-MPH,1
MNL-CBO,1
MNL-BXU,1
MNL-BSO,1
MNL-BCD,1
MNL-GES,1
MNL-EUQ,1
MNL-ENI,1
MNL-DVO,1
MNL-DRP,1
MNL-DPL,1
MNL-DGT,1
MNL-CYZ,1
MNL-CYP,1
MNL-USU,1
MNL-TUG,1
MNL-TAG,1
MNL-TAC,1
MNL-SJI,1
MNL-RXS,1
MNL-PPS,1
MNL-PAG,1
MNL-OZC,1
MNL-MPH,1
MNL-MBT,1
MNL-LGP,1
MNL-LAO,1
MNL-KLO,1
MNL-ILO,1
MNL-IAO,1
MNL-BAG,1
MNL-DVO,1
MNL-DRP,1
MNL-DPL,1
MNL-DGT,1
MNL-CYZ,1
MNL-CYP,1
MNL-CRM,1
MNL-CRK,1
MNL-CGY,1
MNL-CEB,1
MNL-BAG,1
MNL-ZAM,1
MNL-WNP,1
MNL-VRC,1
MNL-CRM,1
MNL-CRK,1
MNL-CGY,1
MNL-CEB,1
MNL-CBO,1
MNL-BXU,1
MNL-BSO,1
MNL-BCD,1
MNL-BAG,1
MNL-DGT,1
MNL-CYZ,1
MNL-CYP,1
MNL-CRM,1
MNL-CRK,1
MNL-CGY,1
MNL-CEB,1
MNL-CBO,1
MNL-BXU,1
MNL-BSO,1
MNL-BCD,1
MNL-MPH,1
MNL-MBT,1
MNL-LGP,1
MNL-LAO,1
MNL-KLO,1
MNL-ILO,1
MNL-IAO,1
MNL-GES,1
MNL-EUQ,1
MNL-ENI,1
MNL-DVO,1
MNL-DRP,1
MNL-DPL,1
MNL-DGT,1
MNL-CYZ,1
MNL-CYP,1
MNL-ZAM,1
MNL-WNP,1
MNL-VRC,1
MNL-USU,1
MNL-TUG,1
MNL-TAG,1
MNL-TAC,1
MNL-SJI,1
MNL-RXS,1
MNL-PPS,1
MNL-PAG,1
MNL-OZC,1
MNL-ZAM,1
MNL-WNP,1
MNL-VRC,1
MNL-USU,1
MNL-TUG,1
MNL-TAG,1
MNL-TAC,1
MNL-SJI,1
MNL-RXS,1
MNL-BAG,1
MNL-ENI,1
MNL-DVO,1
MNL-DRP,1
MNL-DPL,1
MNL-ZAM,1
MNL-WNP,1
MNL-VRC,1
MNL-USU,1
MNL-TUG,1
MNL-TAG,1
MNL-TAC,1
MNL-SJI,1
MNL-RXS,1
MNL-PPS,1
MNL-PAG,1
MNL-OZC,1
MNL-MPH,1
MNL-MBT,1
MNL-LGP,1
MNL-LAO,1
MNL-KLO,1
MNL-ILO,1
MNL-IAO,1
MNL-GES,1
MNL-EUQ,1
MNL-ENI,1
MNL-DVO,1
MNL-DRP,1
MNL-DPL,1
MNL-PPS,1
MNL-PAG,1
MNL-OZC,1
MNL-MPH,1
MNL-MBT,1
MNL-LGP,1
MNL-LAO,1
MNL-KLO,1
MNL-ILO,1
MNL-IAO,1
MNL-GES,1
MNL-EUQ,1
MNL-DGT,1
MNL-CYZ,1
MNL-CYP,1
MNL-CRM,1
MNL-CRK,1
MNL-CGY,1
MNL-CEB,1
MNL-CBO,1
MNL-BXU,1
MNL-BSO,1
MNL-BCD,1
MNL-BAG,1
MNL-BCD,1
MNL-BAG,1
MNL-DGT,1
MNL-CYZ,1
MNL-CYP,1
MNL-CRM,1
MNL-CRK,1
MNL-CGY,1
MNL-CEB,1
MNL-CBO,1
MNL-BXU,1
MNL-BSO,1
MNL-EUQ,1
MNL-ENI,1
MNL-DVO,1
MNL-DRP,1
MNL-DPL,1
MNL-DGT,1
MNL-CYZ,1
MNL-CYP,1
MNL-CRM,1
MNL-CRK,1
MNL-CGY,1
MNL-CEB,1
MNL-DRP,1
MNL-DPL,1
MNL-DGT,1
MNL-CYZ,1
MNL-CYP,1
MNL-CRM,1
MNL-CRK,1
MNL-CGY,1
MNL-CEB,1
MNL-CBO,1
MNL-BXU,1
MNL-BSO,1
MNL-BCD,1
MNL-BAG,1
MNL-RXS,1
MNL-PPS,1
MNL-BXU,1
MNL-BSO,1
MNL-BCD,1
MNL-BAG,1
MNL-SJI,1
MNL-RXS,1
MNL-PPS,1
MNL-PAG,1
MNL-OZC,1
MNL-MPH,1
MNL-MBT,1
MNL-LGP,1
MNL-LAO,1
MNL-KLO,1
MNL-CYP,1
MNL-CRM,1
MNL-CRK,1
MNL-CGY,1
MNL-CEB,1
MNL-CBO,1
MNL-CBO,1
MNL-BXU,1
MNL-BSO,1
MNL-BCD,1
MNL-TUG,1
MNL-TAG,1
MNL-TAC,1
MNL-SJI,1
MNL-DRP,1
MNL-DPL,1
MNL-DGT,1
MNL-CYZ,1
MNL-PAG,1
MNL-OZC,1
MNL-MPH,1
MNL-MBT,1
MNL-LGP,1
MNL-LAO,1
MNL-KLO,1
MNL-ILO,1
MNL-IAO,1
MNL-GES,1
MNL-SJI,1
MNL-RXS,1
MNL-PPS,1
MNL-PAG,1
MNL-OZC,1
MNL-MPH,1
MNL-MBT,1
MNL-LGP,1
MNL-LAO,1
MNL-KLO,1
MNL-ILO,1
MNL-IAO,1
MNL-GES,1
MNL-EUQ,1
MNL-ENI,1
MNL-DVO,1
MNL-ILO,1
MNL-IAO,1
MNL-GES,1
MNL-EUQ,1
MNL-ENI,1
MNL-DVO,1
MNL-BAG,1
MNL-ZAM,1
MNL-WNP,1
MNL-VRC,1
MNL-USU,1
MNL-TUG,1
MNL-TAG,1
MNL-TAC,1
MNL-EUQ,1
MNL-ENI,1
MNL-DVO,1
MNL-DRP,1
MNL-DPL,1
MNL-DGT,1
MNL-CYZ,1
MNL-CYP,1
MNL-CRM,1
MNL-CRK,1
MNL-CGY,1
MNL-VRC,1
MNL-USU,1
MNL-CEB,1
MNL-CBO,1
MNL-BXU,1
MNL-BSO,1
MNL-BCD,1
MNL-ZAM,1
MNL-WNP,1
MNL-VRC,1
MNL-USU,1
MNL-TUG,1
MNL-TAG,1
MNL-TAC,1
MNL-ZAM,1
MNL-WNP,1
MNL-TUG,1
MNL-TAG,1
MNL-TAC,1
MNL-SJI,1
MNL-RXS,1
MNL-PPS,1
MNL-PAG,1
MNL-OZC,1
MNL-MPH,1
MNL-MBT,1
MNL-LGP,1
MNL-LAO,1
MNL-KLO,1
MNL-ILO,1
MNL-IAO,1
MNL-GES,1
MNL-ZAM,1
MNL-WNP,1
MNL-VRC,1
MNL-USU,1
MNL-ZAM,1
MNL-WNP,1
MNL-VRC,1
MNL-USU,1
MNL-TUG,1
MNL-OZC,1
MNL-MPH,1
MNL-MBT,1
MNL-LGP,1
MNL-LAO,1
MNL-KLO,1
MNL-ILO,1
MNL-IAO,1
MNL-GES,1
MNL-EUQ,1
MNL-ZAM,1
MNL-WNP,1
MNL-CRK,1
MNL-CGY,1
MNL-CEB,1
MNL-CBO,1
MNL-BXU,1
MNL-BSO,1
MNL-BCD,1
MNL-BAG,1
MNL-TAG,1
MNL-TAC,1
MNL-SJI,1
MNL-RXS,1
MNL-PPS,1
MNL-PAG,1
MNL-ENI,1
MNL-DVO,1
MNL-DRP,1
MNL-DPL,1
MNL-DGT,1
MNL-CYZ,1
MNL-CYP,1
MNL-CRM,1
MNL-VRC,1
MNL-USU,1
MNL-TUG,1
MNL-TAG,1
MNL-TAC,1
MNL-SJI,1
MNL-RXS,1
MNL-PPS,1
MNL-PAG,1
MNL-OZC,1
MNL-MPH,1
MNL-MBT,1
MNL-LGP,1
MNL-LAO,1
MNL-KLO,1
MNL-ILO,1
MNL-IAO,1
MNL-GES,1
MNL-EUQ,1
MNL-ENI,1
MNL-DVO,1
MNL-DRP,1
MNL-DPL,1
MNL-DGT,1
MNL-CYZ,1
MNL-CYP,1
MNL-CRM,1
MNL-CRK,1
MNL-CGY,1
MNL-CEB,1
MNL-CBO,1
MNL-BXU,1
MNL-BSO,1
MNL-BCD,1
MNL-BAG,1
MNL-PAG,1
MNL-OZC,1
MNL-MPH,1
MNL-MBT,1
MNL-LGP,1
MNL-ZAM,1
MNL-WNP,1
MNL-VRC,1
MNL-USU,1
MNL-TUG,1
MNL-TAG,1
MNL-TAC,1
MNL-SJI,1
MNL-RXS,1
MNL-PPS,1
MNL-CYZ,1
MNL-CYP,1
MNL-CRM,1
MNL-CRK,1
MNL-CGY,1
MNL-LAO,1
MNL-KLO,1
MNL-ILO,1
MNL-IAO,1
MNL-GES,1
MNL-EUQ,1
MNL-ENI,1
MNL-CYZ,1
MNL-CYP,1
MNL-CRM,1
MNL-CRK,1
MNL-CGY,1
MNL-CEB,1
MNL-CBO,1
MNL-BXU,1
MNL-BSO,1
MNL-BCD,1
MNL-BAG,1
MNL-KLO,1
MNL-ILO,1
MNL-IAO,1
MNL-GES,1
MNL-EUQ,1
MNL-ENI,1
MNL-DVO,1
MNL-DRP,1
MNL-DPL,1
MNL-DGT,1
MNL-ZAM,1
MNL-WNP,1
MNL-VRC,1
MNL-USU,1
MNL-TUG,1
MNL-TAG,1
MNL-TAC,1
MNL-SJI,1
MNL-RXS,1
MNL-PPS,1
MNL-PAG,1
MNL-OZC,1
MNL-MPH,1
MNL-MBT,1
MNL-LGP,1
MNL-LAO,1
MNL-DVO,1
MNL-DRP,1
MNL-DPL,1
MNL-DGT,1
MNL-DPL,1
MNL-DGT,1
MNL-CYZ,1
MNL-CYP,1
MNL-CRM,1
MNL-CRK,1
MNL-CGY,1
MNL-CEB,1
MNL-CBO,1
MNL-BXU,1
MNL-BSO,1
MNL-BCD,1
MNL-BAG,1
MNL-RXS,1
MNL-PPS,1
MNL-PAG,1
MNL-OZC,1
MNL-MPH,1
MNL-MBT,1
MNL-LGP,1
MNL-LAO,1
MNL-KLO,1
MNL-ILO,1
MNL-IAO,1
MNL-GES,1
MNL-VRC,1
MNL-USU,1
MNL-TUG,1
MNL-TAG,1
MNL-TAC,1
MNL-SJI,1
MNL-RXS,1
MNL-ZAM,1
MNL-WNP,1
MNL-EUQ,1
MNL-ENI,1
MNL-DVO,1
MNL-DRP,1
MNL-ZAM,1
MNL-WNP,1
MNL-VRC,1
MNL-USU,1
MNL-TUG,1
MNL-TAG,1
MNL-TAC,1
MNL-SJI,1
MNL-EUQ,1
MNL-ENI,1
MNL-DVO,1
MNL-DRP,1
MNL-DPL,1
MNL-ZAM,1
MNL-WNP,1
MNL-CEB,1
MNL-CBO,1
MNL-BXU,1
MNL-BSO,1
MNL-BCD,1
MNL-BAG,1
MNL-PPS,1
MNL-PAG,1
MNL-OZC,1
MNL-MPH,1
MNL-MBT,1
MNL-LGP,1
MNL-LAO,1
MNL-KLO,1
MNL-ILO,1
MNL-IAO,1
MNL-GES,1
MNL-BAG,1
MNL-DGT,1
MNL-CYZ,1
MNL-CYP,1
MNL-CRM,1
MNL-CRK,1
MNL-CGY,1
MNL-CEB,1
MNL-CBO,1
MNL-BXU,1
MNL-BSO,1
MNL-BCD,1
MNL-ZAM,1
MNL-WNP,1
MNL-VRC,1
MNL-USU,1
MNL-TUG,1
MNL-TAG,1
MNL-TAC,1
MNL-SJI,1
MNL-RXS,1
MNL-PPS,1
MNL-PAG,1
MNL-OZC,1
MNL-MPH,1
MNL-MBT,1
MNL-LGP,1
MNL-LAO,1
MNL-MBT,1
MNL-LGP,1
MNL-LAO,1
MNL-KLO,1
MNL-ILO,1
MNL-VRC,1
MNL-USU,1
MNL-TUG,1
MNL-TAG,1
MNL-TAC,1
MNL-SJI,1
MNL-RXS,1
MNL-PPS,1
MNL-PAG,1
MNL-OZC,1
MNL-MPH,1
MNL-KLO,1
MNL-ILO,1
MNL-IAO,1
MNL-GES,1
MNL-EUQ,1
MNL-ENI,1
MNL-DVO,1
MNL-DRP,1
MNL-DPL,1
MNL-DGT,1
MNL-CYZ,1
MNL-CYP,1
MNL-CRM,1
MNL-CRK,1
MNL-CGY,1
MNL-CEB,1
MNL-CGY,1
MNL-CEB,1
MNL-CBO,1
MNL-BXU,1
MNL-CBO,1
MNL-BXU,1
MNL-BSO,1
MNL-BCD,1
MNL-BAG,1
MNL-CEB,1
MNL-IAO,1
MNL-GES,1
MNL-EUQ,1
MNL-ENI,1
MNL-DVO,1
MNL-DRP,1
MNL-DPL,1
MNL-DGT,1
MNL-CYZ,1
MNL-CYP,1
MNL-CRM,1
MNL-CRK,1
MNL-BXU,1
MNL-BSO,1
MNL-BCD,1
MNL-BAG,1
MNL-DGT,1
MNL-CYZ,1
MNL-CYP,1
MNL-CRM,1
MNL-CRK,1
MNL-CGY,1
MNL-CEB,1
MNL-CYP,1
MNL-CRM,1
MNL-CRK,1
MNL-CGY,1
MNL-CBO,1
MNL-PPS,1
MNL-PAG,1
MNL-OZC,1
MNL-MPH,1
MNL-MBT,1
MNL-BSO,1
MNL-BCD,1
MNL-CBO,1
MNL-BXU,1
MNL-BSO,1
MNL-BCD,1
MNL-BAG,1
MNL-BAG,1
MNL-DRP,1
MNL-DPL,1
MNL-DGT,1
MNL-CYZ,1
MNL-CYP,1
MNL-CRM,1
MNL-CRK,1
MNL-CGY,1
MNL-CEB,1
MNL-CBO,1
MNL-BXU,1
MNL-BSO,1
MNL-BCD,1
MNL-BAG,1
MNL-SJI,1
MNL-RXS,1
MNL-PPS,1
MNL-PAG,1
MNL-OZC,1
MNL-MPH,1
MNL-MBT,1
MNL-LGP,1
MNL-LAO,1
MNL-KLO,1
MNL-ILO,1
MNL-IAO,1
MNL-GES,1
MNL-EUQ,1
MNL-ENI,1
MNL-DVO,1
MNL-LGP,1
MNL-LAO,1
MNL-KLO,1
MNL-ILO,1
MNL-IAO,1
MNL-GES,1
MNL-EUQ,1
MNL-ENI,1
MNL-DVO,1
MNL-DRP,1
MNL-DPL,1
MNL-ZAM,1
MNL-WNP,1
MNL-ZAM,1
MNL-WNP,1
MNL-VRC,1
MNL-USU,1
MNL-TUG,1
MNL-TAG,1
MNL-TAC,1
MNL-VRC,1
MNL-USU,1
MNL-TUG,1
MNL-TAG,1
MNL-TAC,1
MNL-SJI,1
MNL-RXS,1
MNL-ILO,1
MNL-IAO,1
MNL-GES,1
MNL-EUQ,1
MNL-ENI,1
MNL-CGY,1
MNL-CEB,1
MNL-CBO,1
MNL-BXU,1
MNL-BSO,1
MNL-BCD,1
MNL-BAG,1
MNL-ZAM,1
MNL-WNP,1
MNL-VRC,1
MNL-USU,1
MNL-OZC,1
MNL-MPH,1
MNL-MBT,1
MNL-LGP,1
MNL-LAO,1
MNL-KLO,1
MNL-DVO,1
MNL-DRP,1
MNL-DPL,1
MNL-DGT,1
MNL-CYZ,1
MNL-TUG,1
MNL-TAG,1
MNL-TAC,1
MNL-SJI,1
MNL-RXS,1
MNL-PPS,1
MNL-PAG,1
MNL-OZC,1
MNL-MPH,1
MNL-MBT,1
MNL-LGP,1
MNL-LAO,1
MNL-KLO,1
MNL-ILO,1
MNL-IAO,1
MNL-GES,1
MNL-WNP,1
MNL-VRC,1
MNL-USU,1
MNL-TUG,1
MNL-TAG,1
MNL-TAC,1
MNL-SJI,1
MNL-RXS,1
MNL-PPS,1
MNL-PAG,1
MNL-OZC,1
MNL-MPH,1
MNL-MBT,1
MNL-LGP,1
MNL-LAO,1
MNL-IAO,1
MNL-GES,1
MNL-EUQ,1
MNL-ENI,1
MNL-DVO,1
MNL-DRP,1
MNL-DPL,1
MNL-DGT,1
MNL-CYZ,1
MNL-CYP,1
MNL-CRM,1
MNL-CRK,1
MNL-CGY,1
MNL-CEB,1
MNL-ZAM,1
MNL-KLO,1
MNL-ILO,1
MNL-EUQ,1
MNL-ENI,1
MNL-DVO,1
MNL-DRP,1
MNL-DPL,1
MNL-DGT,1
MNL-CYZ,1
MNL-CYP,1
MNL-CRM,1
MNL-CRK,1
MNL-CGY,1
MNL-CEB,1
MNL-CBO,1
MNL-BXU,1
MNL-LGP,1
MNL-LAO,1
MNL-SJI,1
MNL-RXS,1
MNL-PPS,1
MNL-PAG,1
MNL-CBO,1
MNL-BXU,1
MNL-BSO,1
MNL-BCD,1
MNL-BAG,1
MNL-KLO,1
MNL-ILO,1
MNL-IAO,1
MNL-GES,1
MNL-EUQ,1
MNL-ENI,1
MNL-DVO,1
MNL-DRP,1
MNL-DPL,1
MNL-DGT,1
MNL-ZAM,1
MNL-WNP,1
MNL-VRC,1
MNL-USU,1
MNL-TUG,1
MNL-TAG,1
MNL-TAC,1
MNL-CYZ,1
MNL-CYP,1
MNL-CRM,1
MNL-CRK,1
MNL-BSO,1
MNL-BCD,1
MNL-BAG,1
MNL-ZAM,1
MNL-WNP,1
MNL-VRC,1
MNL-USU,1
MNL-TUG,1
MNL-TAG,1
MNL-TAC,1
MNL-SJI,1
MNL-RXS,1
MNL-PPS,1
MNL-PAG,1
MNL-OZC,1
MNL-MPH,1
MNL-MBT,1
MNL-ENI,1
MNL-DVO,1
MNL-DRP,1
MNL-DPL,1
MNL-DGT,1
MNL-CYZ,1
MNL-CYP,1
MNL-CRM,1
MNL-CRK,1
MNL-CGY,1
MNL-CEB,1
MNL-CBO,1
MNL-BXU,1
MNL-BSO,1
MNL-BCD,1
MNL-BAG,1
MNL-CYP,1
MNL-CRM,1
MNL-CRK,1
MNL-CGY,1
MNL-CEB,1
MNL-CBO,1
MNL-BXU,1
MNL-BSO,1
MNL-BCD,1
MNL-OZC,1
MNL-MPH,1
MNL-MBT,1
MNL-LGP,1
MNL-LAO,1
MNL-KLO,1
MNL-ILO,1
MNL-IAO,1
MNL-GES,1
MNL-EUQ,1
MNL-ENI,1
MNL-DVO,1
MNL-DRP,1
MNL-DPL,1
MNL-DGT,1
MNL-CYZ,1
MNL-ZAM,1
MNL-WNP,1
MNL-VRC,1
MNL-USU,1
MNL-TUG,1
MNL-TAG,1
MNL-TAC,1
MNL-SJI,1
MNL-RXS,1
MNL-PPS,1
MNL-PAG,1
MNL-BAG,1
MNL-TAG,1
MNL-TAC,1
MNL-SJI,1
MNL-RXS,1
MNL-PPS,1
MNL-PAG,1
MNL-OZC,1
MNL-MPH,1
MNL-MBT,1
MNL-LGP,1
MNL-LAO,1
MNL-KLO,1
CEB-SUG,2
CEB-IAO,2
CEB-GES,2
CEB-ENI,2
CEB-DVO,2
CEB-DRP,2
CEB-DPL,2
CEB-DGT,2
CEB-CYP,2
CEB-PPS,2
CEB-PAG,2
CEB-OZC,2
CEB-MPH,2
CEB-MBT,2
CEB-ILO,2
MPH-ILO,2
CEB-BXU,2
CEB-BPA,2
CEB-BCD,2
CEB-BAG,2
CEB-TAC,2
CEB-CBO,2
CEB-BXU,2
CEB-BPA,2
CEB-BCD,2
CEB-BAG,2
CEB-CRK,2
CEB-CGY,2
CEB-CGM,2
CEB-ZAM,2
CEB-USU,2
CEB-SJI,2
MPH-ILO,2
MPH-ENI,2
MPH-DVO,2
MPH-CRK,2
MPH-CEB,2
MPH-KLO,2
MPH-ILO,2
MPH-ENI,2
MPH-DVO,2
MPH-CRK,2
MPH-CEB,2
MPH-KLO,2
MPH-KLO,2
MPH-CRK,2
MPH-CEB,2
DGT-ILO,2
CEB-CRM,2
CEB-CRK,2
CEB-CGY,2
CEB-CGM,2
CEB-CBO,2
CEB-BXU,2
CEB-BPA,2
TAG-ILO,2
TAG-ENI,2
TAG-DVO,2
TAG-DRP,2
TAG-CRK,2
TAG-CEB,2
CEB-BCD,2
CEB-BAG,2
MPH-KLO,2
CEB-MPH,2
CEB-MBT,2
CEB-ILO,2
CEB-IAO,2
CEB-GES,2
CEB-ENI,2
CEB-MBT,2
CEB-ILO,2
CEB-IAO,2
CEB-GES,2
CEB-ENI,2
CEB-DVO,2
CEB-DRP,2
CEB-DPL,2
CEB-DGT,2
CEB-CYP,2
TAG-DRP,2
TAG-CRK,2
TAG-CEB,2
CEB-DVO,2
CEB-DRP,2
CEB-DPL,2
CEB-DGT,2
CEB-ZAM,2
CEB-USU,2
CEB-TAG,2
CEB-TAC,2
CEB-SUG,2
CEB-SJI,2
CEB-PPS,2
CEB-PAG,2
CEB-OZC,2
CEB-GES,2
MPH-KLO,2
DGT-ILO,2
TAG-ILO,2
CEB-MPH,2
TAG-DVO,2
TAG-DRP,2
TAG-CRK,2
TAG-CEB,2
DGT-ILO,2
CEB-CRM,2
CEB-ZAM,2
CEB-USU,2
TAG-ILO,2
TAG-ENI,2
TAG-DVO,2
CEB-CRK,2
CEB-CGY,2
CEB-CGM,2
CEB-TAG,2
CEB-TAC,2
CEB-SUG,2
CEB-SJI,2
CEB-BPA,2
CEB-BCD,2
CEB-PPS,2
CEB-PAG,2
CEB-OZC,2
CEB-MPH,2
CEB-MBT,2
CEB-ILO,2
CEB-IAO,2
CEB-ENI,2
CEB-DVO,2
CEB-DRP,2
CEB-DPL,2
CEB-DGT,2
CEB-CYP,2
CEB-CRK,2
CEB-CGY,2
CEB-CGM,2
CEB-CBO,2
CEB-BXU,2
CEB-BPA,2
CEB-BCD,2
CEB-BAG,2
CEB-CYP,2
CEB-CRM,2
CEB-BAG,2
CEB-BAG,2
MPH-DVO,2
MPH-CRK,2
DGT-ILO,2
CEB-ZAM,2
CEB-USU,2
CEB-TAG,2
MPH-CEB,2
CEB-TAC,2
CEB-SUG,2
CEB-SJI,2
CEB-PPS,2
CEB-PAG,2
CEB-OZC,2
TAG-ENI,2
CEB-TAG,2
CEB-TAC,2
CEB-SUG,2
CEB-SJI,2
CEB-PPS,2
CEB-PAG,2
DGT-ILO,2
MPH-ILO,2
MPH-ENI,2
TAG-ILO,2
TAG-ENI,2
CEB-CRK,2
CEB-CGY,2
CEB-CGM,2
CEB-CBO,2
CEB-BXU,2
TAG-DVO,2
CEB-CGM,2
CEB-CBO,2
CEB-BXU,2
CEB-BPA,2
CEB-BCD,2
CEB-DVO,2
CEB-DRP,2
CEB-DPL,2
CEB-DGT,2
CEB-CYP,2
CEB-CRM,2
CEB-CRK,2
CEB-CGY,2
TAG-DRP,2
TAG-CRK,2
CEB-MBT,2
CEB-ILO,2
CEB-IAO,2
CEB-GES,2
CEB-ENI,2
CEB-DVO,2
CEB-DRP,2
CEB-DPL,2
CEB-DGT,2
CEB-CYP,2
CEB-CRM,2
CEB-CRK,2
CEB-CGY,2
CEB-CGM,2
CEB-ZAM,2
CEB-USU,2
MPH-CEB,2
CEB-OZC,2
TAG-CEB,2
CEB-CBO,2
MPH-KLO,2
MPH-ILO,2
MPH-ENI,2
MPH-DVO,2
MPH-CRK,2
MPH-CEB,2
CEB-BXU,2
CEB-BPA,2
CEB-BCD,2
CEB-BAG,2
CEB-OZC,2
CEB-MPH,2
TAG-DRP,2
TAG-CRK,2
TAG-ILO,2
TAG-ENI,2
TAG-DVO,2
TAG-DRP,2
TAG-CRK,2
TAG-CEB,2
CEB-SJI,2
CEB-PPS,2
CEB-PAG,2
MPH-KLO,2
MPH-ILO,2
MPH-ENI,2
MPH-DVO,2
MPH-CRK,2
CEB-SUG,2
CEB-PPS,2
CEB-PAG,2
CEB-OZC,2
CEB-GES,2
CEB-ENI,2
CEB-MPH,2
CEB-MBT,2
CEB-ILO,2
CEB-IAO,2
CEB-GES,2
CEB-ENI,2
DGT-ILO,2
TAG-ILO,2
TAG-ENI,2
TAG-DVO,2
TAG-CEB,2
CEB-MPH,2
CEB-MBT,2
CEB-ILO,2
CEB-IAO,2
CEB-GES,2
CEB-ENI,2
CEB-DVO,2
CEB-DRP,2
CEB-DPL,2
CEB-DGT,2
CEB-CYP,2
CEB-ZAM,2
CEB-USU,2
CEB-TAG,2
CEB-TAC,2
CEB-DRP,2
CEB-DPL,2
CEB-DGT,2
CEB-CYP,2
CEB-CRM,2
CEB-CRK,2
CEB-CGY,2
CEB-CGM,2
CEB-CBO,2
CEB-CRM,2
DGT-ILO,2
CEB-ZAM,2
CEB-BXU,2
CEB-BPA,2
CEB-BCD,2
CEB-BAG,2
CEB-TAC,2
CEB-SUG,2
CEB-SJI,2
CEB-PPS,2
CEB-PAG,2
CEB-OZC,2
CEB-MPH,2
CEB-USU,2
CEB-TAG,2
CEB-TAC,2
CEB-SUG,2
CEB-SJI,2
CEB-MBT,2
CEB-ILO,2
CEB-IAO,2
CEB-DVO,2
MPH-CRK,2
MPH-CEB,2
CEB-ZAM,2
CEB-USU,2
CEB-TAG,2
CEB-TAC,2
CEB-SUG,2
MPH-ENI,2
MPH-DVO,2
MPH-CRK,2
MPH-CEB,2
DGT-ILO,2
DGT-ILO,2
CEB-ZAM,2
CEB-USU,2
CEB-TAG,2
CEB-OZC,2
CEB-MPH,2
CEB-MBT,2
CEB-ILO,2
CEB-IAO,2
CEB-GES,2
CEB-ENI,2
CEB-CRK,2
CEB-CGY,2
CEB-ZAM,2
CEB-USU,2
DGT-ILO,2
MPH-KLO,2
MPH-ILO,2
MPH-ENI,2
MPH-DVO,2
CEB-CYP,2
CEB-CRM,2
CEB-CBO,2
CEB-BXU,2
CEB-BPA,2
CEB-BCD,2
CEB-BAG,2
DGT-ILO,2
CEB-TAG,2
CEB-TAC,2
CEB-SUG,2
CEB-SJI,2
CEB-PPS,2
CEB-PAG,2
MPH-KLO,2
MPH-ILO,2
TAG-CEB,2
CEB-DVO,2
CEB-SJI,2
CEB-PPS,2
CEB-PAG,2
CEB-OZC,2
TAG-ILO,2
TAG-ENI,2
TAG-DVO,2
TAG-DRP,2
TAG-CRK,2
TAG-CEB,2
CEB-DVO,2
CEB-DRP,2
CEB-DPL,2
CEB-DGT,2
CEB-ENI,2
CEB-CYP,2
DGT-ILO,2
CEB-CRM,2
CEB-CRK,2
CEB-ZAM,2
CEB-USU,2
CEB-TAG,2
CEB-TAC,2
CEB-SUG,2
CEB-CGM,2
TAG-ILO,2
TAG-ENI,2
TAG-DVO,2
TAG-DRP,2
TAG-CRK,2
CEB-DRP,2
CEB-DPL,2
CEB-DGT,2
CEB-DRP,2
CEB-DPL,2
CEB-DGT,2
CEB-CYP,2
CEB-SJI,2
CEB-PPS,2
CEB-PAG,2
CEB-OZC,2
CEB-MPH,2
CEB-MBT,2
CEB-ILO,2
CEB-IAO,2
CEB-GES,2
MPH-CRK,2
MPH-CEB,2
CEB-CGY,2
CEB-CGM,2
CEB-CBO,2
CEB-BXU,2
CEB-BPA,2
CEB-BCD,2
CEB-BAG,2
CEB-MPH,2
CEB-MBT,2
CEB-ILO,2
CEB-IAO,2
CEB-GES,2
CEB-ENI,2
CEB-DVO,2
MPH-CEB,2
CEB-GES,2
CEB-ENI,2
CEB-DVO,2
CEB-DRP,2
CEB-DPL,2
CEB-DGT,2
CEB-CYP,2
CEB-CRM,2
CEB-CRK,2
CEB-CGY,2
MPH-KLO,2
MPH-ILO,2
MPH-ENI,2
MPH-DVO,2
MPH-DVO,2
TAG-DRP,2
TAG-DRP,2
TAG-CRK,2
TAG-CEB,2
TAG-CRK,2
TAG-CEB,2
MPH-KLO,2
MPH-ILO,2
MPH-KLO,2
MPH-ILO,2
MPH-ENI,2
MPH-DVO,2
MPH-CRK,2
MPH-CEB,2
MPH-ENI,2
MPH-CRK,2
CEB-USU,2
CEB-TAG,2
CEB-TAC,2
CEB-SUG,2
CEB-SJI,2
CEB-PPS,2
CEB-PAG,2
CEB-OZC,2
CEB-ZAM,2
CEB-USU,2
TAG-ILO,2
TAG-ENI,2
TAG-DVO,2
TAG-ILO,2
TAG-ENI,2
TAG-DVO,2
CEB-BPA,2
CEB-BCD,2
CEB-BAG,2
MPH-KLO,2
MPH-ILO,2
MPH-ENI,2
MPH-DVO,2
MPH-CRK,2
MPH-CEB,2
CEB-CGM,2
CEB-CBO,2
CEB-BXU,2
CEB-BPA,2
CEB-BCD,2
CEB-BAG,2
CEB-ZAM,2
CEB-CYP,2
CEB-CRM,2
CEB-CRK,2
CEB-CGY,2
CEB-MPH,2
CEB-MBT,2
CEB-ILO,2
CEB-IAO,2
CEB-CBO,2
CEB-BXU,2
CEB-BPA,2
CEB-BCD,2
CEB-BAG,2
CEB-CGM,2
CEB-CBO,2
CEB-BXU,2
CEB-TAC,2
CEB-SUG,2
CEB-SJI,2
CEB-PPS,2
CEB-PAG,2
CEB-OZC,2
CEB-MPH,2
CEB-MBT,2
CEB-ILO,2
CEB-IAO,2
CEB-GES,2
CEB-ENI,2
CEB-DVO,2
CEB-DRP,2
CEB-DPL,2
CEB-DGT,2
CEB-PPS,2
TAG-CRK,2
TAG-CEB,2
CEB-PAG,2
CEB-OZC,2
CEB-MPH,2
CEB-MBT,2
CEB-ILO,2
CEB-IAO,2
CEB-GES,2
CEB-ENI,2
CEB-DVO,2
CEB-DRP,2
CEB-ZAM,2
CEB-USU,2
CEB-TAG,2
DGT-ILO,2
TAG-CRK,2
TAG-CEB,2
CEB-BPA,2
CEB-BCD,2
CEB-BAG,2
DGT-ILO,2
CEB-TAG,2
CEB-TAC,2
DGT-ILO,2
CEB-CRM,2
CEB-CRK,2
CEB-CGY,2
CEB-CGM,2
CEB-SUG,2
CEB-SJI,2
CEB-CGM,2
CEB-CBO,2
CEB-BXU,2
TAG-ILO,2
TAG-ENI,2
TAG-DVO,2
TAG-DRP,2
CEB-IAO,2
CEB-GES,2
MPH-CRK,2
MPH-CEB,2
MPH-KLO,2
MPH-ILO,2
MPH-ENI,2
MPH-DVO,2
MPH-CEB,2
CEB-DPL,2
MPH-CRK,2
MPH-ILO,2
MPH-ENI,2
MPH-DVO,2
CEB-ZAM,2
CEB-USU,2
CEB-TAG,2
CEB-TAC,2
CEB-SUG,2
CEB-SJI,2
CEB-DGT,2
CEB-CYP,2
CEB-CRM,2
CEB-CRK,2
CEB-CGY,2
CEB-PAG,2
CEB-OZC,2
CEB-MPH,2
CEB-MBT,2
CEB-ILO,2
CEB-CRM,2
CEB-CRK,2
CEB-CGY,2
CEB-CGM,2
CEB-CBO,2
CEB-BXU,2
CEB-BPA,2
CEB-BCD,2
CEB-BAG,2
TAG-CRK,2
TAG-CEB,2
TAG-ENI,2
CEB-ZAM,2
CEB-USU,2
CEB-TAG,2
TAG-ILO,2
TAG-ENI,2
TAG-DVO,2
TAG-DRP,2
MPH-KLO,2
TAG-CRK,2
TAG-CEB,2
TAG-ILO,2
TAG-ENI,2
TAG-DVO,2
TAG-DRP,2
CEB-PPS,2
TAG-DRP,2
TAG-CEB,2
CEB-GES,2
CEB-ENI,2
CEB-DVO,2
CEB-DRP,2
CEB-DPL,2
CEB-DGT,2
DGT-ILO,2
CEB-ENI,2
CEB-DVO,2
CEB-DRP,2
CEB-DPL,2
CEB-DGT,2
CEB-CYP,2
TAG-ILO,2
CEB-MPH,2
CEB-MBT,2
CEB-ILO,2
CEB-IAO,2
TAG-DVO,2
TAG-DRP,2
TAG-CRK,2
TAG-CEB,2
TAG-ILO,2
TAG-ENI,2
MPH-KLO,2
TAG-DVO,2
TAG-DRP,2
TAG-CRK,2
TAG-ENI,2
TAG-DVO,2
CEB-CGM,2
MPH-KLO,2
MPH-ILO,2
MPH-ENI,2
MPH-DVO,2
MPH-CRK,2
MPH-CEB,2
TAG-ILO,2
TAG-ENI,2
TAG-DVO,2
CEB-TAC,2
CEB-SUG,2
CEB-SJI,2
CEB-PPS,2
CEB-PAG,2
CEB-OZC,2
MPH-CEB,2
CEB-BCD,2
TAG-DRP,2
TAG-CRK,2
TAG-CEB,2
CEB-CBO,2
CEB-BXU,2
CEB-BPA,2
CEB-BCD,2
CEB-BAG,2
CEB-DVO,2
CEB-DRP,2
CEB-CYP,2
CEB-CRM,2
CEB-CRK,2
CEB-CGY,2
CEB-CGY,2
CEB-CGM,2
CEB-CBO,2
MPH-ILO,2
MPH-ENI,2
MPH-DVO,2
MPH-CRK,2
MPH-CEB,2
CEB-BPA,2
CEB-BCD,2
CEB-BAG,2
MPH-KLO,2
MPH-ILO,2
MPH-ENI,2
MPH-DVO,2
MPH-CRK,2
CEB-DGT,2
CEB-CYP,2
CEB-ZAM,2
CEB-USU,2
CEB-BAG,2
CEB-ILO,2
CEB-IAO,2
CEB-GES,2
CEB-ENI,2
CEB-DVO,2
CEB-DRP,2
CEB-DPL,2
CEB-DGT,2
CEB-CYP,2
CEB-CRM,2
CEB-CRK,2
CEB-CYP,2
CEB-CRM,2
CEB-CRK,2
CEB-CGY,2
CEB-CGM,2
CEB-CBO,2
CEB-BXU,2
CEB-BPA,2
CEB-MBT,2
CEB-ILO,2
CEB-IAO,2
CEB-GES,2
CEB-ENI,2
CEB-DVO,2
CEB-DRP,2
CEB-DPL,2
CEB-CRM,2
CEB-CRK,2
CEB-CGY,2
CEB-CGM,2
CEB-CBO,2
CEB-BXU,2
CEB-USU,2
CEB-TAG,2
CEB-TAC,2
CEB-SUG,2
CEB-SJI,2
CEB-BPA,2
CEB-BCD,2
CEB-BAG,2
CEB-DPL,2
CEB-DGT,2
MPH-KLO,2
MPH-ILO,2
MPH-ENI,2
MPH-DVO,2
MPH-CRK,2
MPH-CEB,2
CEB-TAG,2
CEB-TAC,2
CEB-SUG,2
CEB-SJI,2
CEB-PPS,2
CEB-PAG,2
CEB-OZC,2
CEB-MPH,2
CEB-MBT,2
CEB-BXU,2
DGT-ILO,2
MPH-CRK,2
MPH-CEB,2
TAG-ILO,2
TAG-ENI,2
TAG-DVO,2
TAG-DRP,2
TAG-CRK,2
DGT-ILO,2
CEB-PPS,2
CEB-PAG,2
CEB-OZC,2
CEB-MPH,2
TAG-ILO,2
CEB-BAG,2
TAG-CEB,2
MPH-DVO,2
CEB-IAO,2
CEB-GES,2
CEB-ENI,2
CEB-DVO,2
CEB-DGT,2
CEB-CYP,2
CEB-CRM,2
CEB-CRK,2
CEB-CGY,2
CEB-CGM,2
CEB-CBO,2
DGT-ILO,2
CEB-ZAM,2
CEB-DRP,2
CEB-DPL,2
CEB-BCD,2
CEB-USU,2
CEB-TAG,2
CEB-TAC,2
CEB-SUG,2
CEB-SJI,2
CEB-PPS,2
CEB-PAG,2
CEB-OZC,2
CEB-MPH,2
CEB-MBT,2
CEB-MBT,2
CEB-ILO,2
MPH-KLO,2
MPH-ILO,2
MPH-ENI,2
DGT-ILO,2
CEB-IAO,2
CEB-GES,2
CEB-ENI,2
CEB-ZAM,2
CEB-USU,2
CEB-TAG,2
CEB-TAC,2
CEB-SUG,2
CEB-SJI,2
CEB-PPS,2
CEB-PAG,2
CEB-OZC,2
CEB-MPH,2
CEB-BXU,2
CEB-BPA,2
MPH-DVO,2
MPH-CRK,2
MPH-CEB,2
DGT-ILO,2
CEB-ILO,2
CEB-IAO,2
CEB-DRP,2
CEB-DPL,2
CEB-DGT,2
CEB-CYP,2
CEB-CRM,2
CEB-CRK,2
CEB-CGY,2
CEB-CGM,2
CEB-CBO,2
CEB-BXU,2
CEB-TAG,2
CEB-TAC,2
CEB-SUG,2
CEB-SJI,2
MPH-KLO,2
MPH-ILO,2
MPH-ENI,2
MPH-DVO,2
MPH-CRK,2
MPH-CEB,2
CEB-BPA,2
CEB-BCD,2
CEB-BAG,2
CEB-ZAM,2
MPH-ILO,2
MPH-ENI,2
MPH-KLO,2
MPH-KLO,2
MPH-ILO,2
CEB-MPH,2
CEB-MBT,2
CEB-ILO,2
TAG-ILO,2
TAG-ENI,2
TAG-DVO,2
TAG-DRP,2
TAG-CRK,2
CEB-GES,2
CEB-ENI,2
CEB-DVO,2
CEB-ZAM,2
CEB-USU,2
CEB-MPH,2
CEB-MBT,2
CEB-ILO,2
CEB-IAO,2
CEB-GES,2
CEB-ZAM,2
CEB-USU,2
CEB-TAG,2
CEB-TAC,2
CEB-SUG,2
CEB-SJI,2
CEB-PPS,2
CEB-PAG,2
CEB-PPS,2
CEB-PAG,2
CEB-OZC,2
CEB-DRP,2
CEB-DPL,2
CEB-DGT,2
CEB-CYP,2
CEB-CRM,2
CEB-CRK,2
CEB-CGY,2
TAG-CEB,2
MPH-CEB,2
TAG-CRK,2
TAG-CEB,2
TAG-ILO,2
TAG-DRP,2
TAG-CRK,2
TAG-CEB,2
CEB-OZC,2
CEB-BXU,2
CEB-BPA,2
CEB-BCD,2
CEB-BAG,2
TAG-ENI,2
TAG-DVO,2
CEB-DVO,2
CEB-DRP,2
CEB-DPL,2
CEB-DGT,2
CEB-CYP,2
CEB-CRM,2
CEB-CRK,2
CEB-CGY,2
CEB-ENI,2
CEB-DVO,2
CEB-CGM,2
CEB-CBO,2
TAG-ENI,2
TAG-DVO,2
TAG-DRP,2
MPH-ENI,2
MPH-DVO,2
MPH-CRK,2
CEB-CGY,2
CEB-CGM,2
CEB-CBO,2
CEB-BXU,2
CEB-BPA,2
CEB-BCD,2
CEB-BAG,2
TAG-ILO,2
CEB-TAC,2
CEB-SUG,2
CEB-SJI,2
CEB-PPS,2
CEB-PAG,2
CEB-OZC,2
CEB-MPH,2
CEB-MBT,2
CEB-ILO,2
CEB-IAO,2
CEB-CGM,2
CEB-CBO,2
CEB-BXU,2
CEB-BPA,2
CEB-BCD,2
CEB-BAG,2
DGT-ILO,2
DGT-ILO,2
CEB-GES,2
CEB-ENI,2
CEB-MPH,2
CEB-MBT,2
CEB-ILO,2
CEB-IAO,2
CEB-GES,2
CEB-ENI,2
CEB-DVO,2
CEB-DRP,2
CEB-DPL,2
CEB-ZAM,2
CEB-USU,2
CEB-TAG,2
TAG-ENI,2
TAG-DVO,2
TAG-DRP,2
CEB-TAC,2
CEB-SUG,2
CEB-SJI,2
CEB-PPS,2
CEB-PAG,2
CEB-OZC,2
CEB-ZAM,2
CEB-USU,2
CEB-TAG,2
CEB-DGT,2
CEB-CYP,2
CEB-CRM,2
CEB-CRK,2
TAG-CEB,2
DGT-ILO,2
DGT-ILO,2
CEB-TAC,2
CEB-SUG,2
CEB-SJI,2
CEB-PPS,2
CEB-PAG,2
CEB-OZC,2
CEB-MPH,2
CEB-MBT,2
CEB-ILO,2
CEB-OZC,2
DGT-ILO,2
DGT-ILO,2
TAG-ILO,2
MPH-CEB,2
CEB-MPH,2
CEB-MBT,2
CEB-ILO,2
CEB-IAO,2
CEB-DGT,2
CEB-CYP,2
CEB-CRM,2
CEB-CRK,2
CEB-CGY,2
CEB-CGM,2
CEB-CBO,2
CEB-BXU,2
CEB-BPA,2
CEB-BCD,2
TAG-CRK,2
CEB-BAG,2
MPH-KLO,2
MPH-ILO,2
CEB-ZAM,2
CEB-USU,2
CEB-TAG,2
CEB-TAC,2
CEB-SUG,2
CEB-SJI,2
CEB-PPS,2
CEB-PAG,2
MPH-KLO,2
MPH-ILO,2
MPH-ENI,2
MPH-DVO,2
MPH-CRK,2
CEB-GES,2
CEB-ENI,2
CEB-DVO,2
CEB-DRP,2
CEB-DPL,2
CEB-OZC,2
CEB-MPH,2
CEB-ZAM,2
CEB-USU,2
CEB-TAG,2
CEB-TAG,2
CEB-TAC,2
CEB-SUG,2
CEB-SJI,2
CEB-PPS,2
CEB-PAG,2
MPH-ENI,2
MPH-DVO,2
MPH-CRK,2
MPH-CEB,2
DGT-ILO,2
CEB-ZAM,2
CEB-USU,2
TAG-ILO,2
TAG-ENI,2
TAG-DVO,2
TAG-DRP,2
TAG-CRK,2
TAG-CEB,2
CEB-CGY,2
CEB-CGM,2
CEB-IAO,2
CEB-IAO,2
CEB-GES,2
CEB-ENI,2
CEB-DVO,2
CEB-DRP,2
CEB-ZAM,2
MPH-KLO,2
MPH-ILO,2
MPH-ENI,2
MPH-DVO,2
MPH-CRK,2
MPH-CEB,2
CEB-CGY,2
CEB-CGM,2
CEB-CBO,2
CEB-BXU,2
CEB-MBT,2
CEB-ILO,2
TAG-CRK,2
TAG-CEB,2
CEB-MBT,2
CEB-CBO,2
CEB-BXU,2
CEB-BPA,2
CEB-BCD,2
CEB-BAG,2
CEB-CRK,2
MPH-CEB,2
MPH-KLO,2
MPH-ILO,2
MPH-ENI,2
CEB-ILO,2
CEB-TAC,2
CEB-SUG,2
CEB-SJI,2
MPH-DVO,2
MPH-CRK,2
MPH-ILO,2
MPH-ENI,2
MPH-DVO,2
MPH-CRK,2
MPH-CEB,2
CEB-GES,2
CEB-ENI,2
CEB-PPS,2
CEB-PAG,2
CEB-OZC,2
CEB-MPH,2
CEB-GES,2
CEB-ENI,2
CEB-DVO,2
TAG-ILO,2
TAG-ENI,2
TAG-DVO,2
TAG-DRP,2
CEB-CGM,2
CEB-CBO,2
CEB-DPL,2
CEB-DGT,2
CEB-CYP,2
CEB-CRM,2
CEB-CRK,2
CEB-USU,2
CEB-TAG,2
TAG-CRK,2
TAG-CEB,2
CEB-ZAM,2
CEB-USU,2
CEB-BXU,2
CEB-BPA,2
CEB-BCD,2
CEB-BAG,2
CEB-OZC,2
CEB-MPH,2
CEB-MBT,2
CEB-ILO,2
CEB-IAO,2
CEB-GES,2
CEB-ENI,2
CEB-IAO,2
CEB-DPL,2
CEB-DGT,2
CEB-CYP,2
CEB-CRM,2
CEB-CRK,2
CEB-CGY,2
CEB-DVO,2
CEB-DRP,2
CEB-DPL,2
CEB-DGT,2
CEB-CYP,2
CEB-CRM,2
TAG-ILO,2
TAG-ENI,2
TAG-DVO,2
TAG-DRP,2
CEB-SUG,2
CEB-SJI,2
CEB-PPS,2
CEB-PAG,2
CEB-DRP,2
CEB-DPL,2
CEB-DGT,2
CEB-CYP,2
CEB-CRM,2
CEB-CRK,2
CEB-CGY,2
CEB-CGM,2
CEB-CBO,2
CEB-BXU,2
CEB-DVO,2
CEB-DRP,2
CEB-BCD,2
CEB-BAG,2
CEB-DVO,2
CEB-DRP,2
CEB-DPL,2
CEB-DGT,2
CEB-CYP,2
CEB-CRM,2
CEB-CRK,2
CEB-CGY,2
CEB-CGM,2
CEB-CBO,2
MPH-KLO,2
CEB-BAG,2
CEB-TAG,2
CEB-TAC,2
MPH-CEB,2
TAG-ILO,2
TAG-ENI,2
TAG-DVO,2
TAG-DRP,2
TAG-CRK,2
CEB-BXU,2
CEB-BPA,2
CEB-BCD,2
MPH-KLO,2
MPH-ILO,2
DGT-ILO,2
CEB-BPA,2
CEB-BCD,2
CEB-BAG,2
CEB-BPA,2
TAG-CRK,2
MPH-ENI,2
MPH-DVO,2
MPH-CRK,2
CEB-IAO,2
CEB-GES,2
CEB-ENI,2
CEB-TAC,2
CEB-SUG,2
CEB-SJI,2
CEB-PPS,2
CEB-PAG,2
CEB-OZC,2
CEB-MPH,2
CEB-MBT,2
CEB-ILO,2
TAG-CEB,2
MPH-ILO,2
MPH-ENI,2
TAG-ILO,2
TAG-ENI,2
TAG-DVO,2
TAG-ILO,2
TAG-ENI,2
TAG-DVO,2
TAG-ILO,2
TAG-ENI,2
DGT-ILO,2
TAG-DRP,2
TAG-CRK,2
TAG-CEB,2
TAG-DRP,2
CEB-ZAM,2
CEB-USU,2
CEB-TAG,2
CEB-TAC,2
CEB-SUG,2
TAG-CEB,2
TAG-CEB,2
MPH-KLO,2
CEB-ZAM,2
CEB-USU,2
CEB-TAG,2
TAG-ILO,2
TAG-ENI,2
TAG-DVO,2
TAG-DRP,2
TAG-CRK,2
MPH-DVO,2
MPH-CRK,2
MPH-CEB,2
CEB-SJI,2
CEB-PPS,2
CEB-PAG,2
CEB-OZC,2
CEB-MPH,2
CEB-MBT,2
CEB-ILO,2
CEB-IAO,2
CEB-GES,2
CEB-ENI,2
CEB-DVO,2
CEB-DRP,2
CEB-DPL,2
CEB-BPA,2
CEB-BCD,2
CEB-DGT,2
CEB-CYP,2
CEB-CRM,2
CEB-CRK,2
CEB-CGY,2
CEB-CGM,2
DGT-ILO,2
CEB-CBO,2
CEB-BXU,2
CEB-BPA,2
CEB-BAG,2
MPH-KLO,2
MPH-ILO,2
MPH-ENI,2
TAG-CEB,2
CEB-PAG,2
CEB-OZC,2
CEB-MPH,2
MPH-KLO,2
MPH-ILO,2
MPH-ENI,2
MPH-DVO,2
MPH-CRK,2
MPH-CEB,2
TAG-ILO,2
TAG-ENI,2
CEB-CGY,2
CEB-CGM,2
CEB-CBO,2
CEB-BXU,2
CEB-CYP,2
TAG-DVO,2
TAG-DRP,2
TAG-CRK,2
TAG-CEB,2
DGT-ILO,2
MPH-CRK,2
MPH-CEB,2
TAG-ILO,2
TAG-ENI,2
TAG-DVO,2
TAG-DRP,2
TAG-CRK,2
TAG-CEB,2
CEB-BCD,2
CEB-BAG,2
CEB-CRK,2
CEB-MBT,2
CEB-ILO,2
CEB-IAO,2
CEB-GES,2
TAG-DVO,2
TAG-DRP,2
TAG-CRK,2
MPH-DVO,2
MPH-CRK,2
MPH-CEB,2
CEB-ENI,2
CEB-DVO,2
CEB-DRP,2
CEB-DPL,2
CEB-DGT,2
CEB-CRK,2
MPH-KLO,2
MPH-ILO,2
MPH-ENI,2
MPH-DVO,2
MPH-KLO,2
MPH-ILO,2
MPH-ENI,2
MPH-DVO,2
MPH-CRK,2
MPH-CEB,2
MPH-DVO,2
MPH-CRK,2
MPH-CEB,2
CEB-CYP,2
CEB-CRM,2
CEB-SJI,2
CEB-PPS,2
CEB-CGY,2
CEB-CGM,2
CEB-CBO,2
CEB-BXU,2
CEB-BPA,2
CEB-BCD,2
CEB-BAG,2
CEB-SUG,2
CEB-SJI,2
CEB-PPS,2
CEB-PAG,2
CEB-OZC,2
CEB-MPH,2
CEB-CRM,2
CEB-DRP,2
CEB-DPL,2
CEB-DGT,2
CEB-ZAM,2
MPH-KLO,2
MPH-ILO,2
MPH-ENI,2
TAG-ILO,2
TAG-ENI,2
TAG-DVO,2
TAG-DRP,2
TAG-CRK,2
CEB-USU,2
CEB-TAG,2
CEB-TAC,2
CEB-SUG,2
CEB-OZC,2
CEB-MPH,2
CEB-MBT,2
CEB-ILO,2
CEB-IAO,2
CEB-GES,2
CEB-ENI,2
CEB-ZAM,2
CEB-USU,2
CEB-TAG,2
CEB-MBT,2
CEB-ILO,2
CEB-IAO,2
CEB-GES,2
CEB-ENI,2
CEB-DVO,2
CEB-CRK,2
DGT-ILO,2
CEB-TAC,2
CEB-DVO,2
CEB-DRP,2
CEB-DPL,2
CEB-DGT,2
CEB-CYP,2
CEB-CRM,2
CEB-CRK,2
CEB-CGY,2
CEB-CGM,2
CEB-CBO,2
CEB-BXU,2
CEB-BPA,2
CEB-PAG,2
CEB-BAG,2
CEB-CGY,2
CEB-CGM,2
CEB-CBO,2
CEB-CGM,2
CEB-CBO,2
CEB-BXU,2
CEB-BPA,2
CEB-BCD,2
CEB-BAG,2
CEB-BXU,2
CEB-BPA,2
CEB-BCD,2
TAG-CEB,2
CEB-CYP,2
CEB-CRM,2
CEB-BAG,2
CEB-SUG,2
CEB-SJI,2
CEB-PPS,2
CEB-PAG,2
CEB-OZC,2
CEB-MPH,2
CEB-MBT,2
CEB-ENI,2
CEB-DVO,2
CEB-DRP,2
CEB-TAC,2
CEB-SUG,2
CEB-SJI,2
CEB-PPS,2
CEB-BCD,2
CEB-CRM,2
CEB-CRK,2
CEB-CGY,2
CEB-IAO,2
CEB-GES,2
CEB-ENI,2
CEB-DVO,2
CEB-DRP,2
CEB-DPL,2
CEB-DGT,2
DGT-ILO,2
TAG-ILO,2
TAG-ENI,2
CEB-ZAM,2
CEB-USU,2
CEB-TAG,2
CEB-GES,2
CEB-ZAM,2
CEB-USU,2
CEB-TAG,2
TAG-DVO,2
TAG-DRP,2
TAG-CRK,2
TAG-CEB,2
MPH-KLO,2
MPH-ILO,2
MPH-ENI,2
MPH-DVO,2
MPH-CRK,2
CEB-DPL,2
CEB-DGT,2
CEB-CYP,2
MPH-DVO,2
MPH-CRK,2
MPH-CEB,2
DGT-ILO,2
CEB-TAC,2
CEB-ILO,2
CEB-ZAM,2
CEB-USU,2
CEB-TAG,2
CEB-ZAM,2
CEB-USU,2
CEB-TAG,2
CEB-TAC,2
CEB-SUG,2
CEB-ILO,2
CEB-IAO,2
CEB-PAG,2
CEB-OZC,2
CEB-MPH,2
CEB-MBT,2
CEB-MPH,2
CEB-MBT,2
CEB-ILO,2
CEB-IAO,2
CEB-GES,2
CEB-ENI,2
CEB-DVO,2
CEB-DRP,2
CEB-DPL,2
MPH-KLO,2
MPH-ILO,2
MPH-ENI,2
CEB-SJI,2
CEB-PPS,2
CEB-PAG,2
CEB-OZC,2
DGT-ILO,2
DGT-ILO,2
MPH-CEB,2
CEB-CGY,2
CEB-CGM,2
CEB-CBO,2
CEB-BXU,2
CEB-BPA,2
CEB-BCD,2
CEB-BAG,2
CEB-SJI,2
CEB-PPS,2
MPH-ENI,2
MPH-DVO,2
MPH-CRK,2
MPH-CEB,2
CEB-DGT,2
CEB-CYP,2
CEB-CRM,2
CEB-CRK,2
TAG-ILO,2
TAG-ENI,2
TAG-DVO,2
TAG-DRP,2
TAG-CRK,2
TAG-CEB,2
CEB-TAC,2
CEB-SUG,2
TAG-ILO,2
TAG-ENI,2
TAG-DVO,2
TAG-DRP,2
TAG-CRK,2
TAG-CEB,2
MPH-ILO,2
MPH-ENI,2
MPH-DVO,2
TAG-ILO,2
TAG-ENI,2
TAG-DVO,2
TAG-DRP,2
TAG-CRK,2
TAG-CEB,2
CEB-CBO,2
CEB-CRM,2
CEB-TAG,2
USU-ENI,3
USU-CRK,3
USU-CEB,3
TWT-ZAM,3
CBO-TWT,3
SUG-CEB,3
SUG-BXU,3
SJI-CRK,3
CGY-TAC,3
CGY-ILO,3
USU-ENI,3
USU-CRK,3
USU-CEB,3
TWT-ZAM,3
TWT-CBO,3
TBH-MPH,3
CYP-CEB,3
CRM-CEB,3
CGY-TAC,3
CGY-ILO,3
CGY-DVO,3
CGY-CEB,3
DPL-CEB,3
BSO-CRK,3
BPA-CEB,3
IAO-CRK,3
IAO-CEB,3
DPL-CEB,3
DGT-CEB,3
CYP-TAC,3
ENI-CEB,3
MBT-CRK,3
MBT-CEB,3
KLO-MPH,3
GES-CEB,3
ENI-USU,3
ENI-TAG,3
ENI-MPH,3
ENI-CRK,3
CYP-CEB,3
CRM-CEB,3
CGY-TAC,3
CGY-ILO,3
CGY-DVO,3
CGY-CEB,3
CBO-TWT,3
CBO-TAG,3
CBO-CEB,3
ENI-CEB,3
SWL-CEB,3
SUG-TAG,3
SUG-CEB,3
SUG-BXU,3
SJI-CRK,3
IAO-CEB,3
IAO-DVO,3
IAO-CRK,3
IAO-CEB,3
GES-CEB,3
ENI-USU,3
ENI-TAG,3
ENI-MPH,3
ENI-CRK,3
PAG-CEB,3
CYP-TAC,3
OZC-CEB,3
MBT-CRK,3
MBT-CEB,3
KLO-MPH,3
DPL-CEB,3
DGT-CEB,3
CYP-TAC,3
GES-CEB,3
ENI-USU,3
CYP-TAC,3
CYP-CEB,3
CRM-CEB,3
DGT-CEB,3
CGM-CEB,3
CGM-CEB,3
CGY-TAC,3
ENI-USU,3
ENI-TAG,3
ENI-MPH,3
ENI-CRK,3
ENI-CEB,3
CGY-ILO,3
CGY-DVO,3
CGY-CEB,3
CGM-CEB,3
ENI-TAG,3
ENI-MPH,3
ENI-CRK,3
ENI-CEB,3
IAO-DVO,3
IAO-CRK,3
SWL-CEB,3
SUG-TAG,3
SUG-CEB,3
SUG-BXU,3
SJI-CRK,3
PAG-CEB,3
OZC-CEB,3
USU-CRK,3
USU-CEB,3
TWT-ZAM,3
TWT-CBO,3
TBH-MPH,3
MBT-CRK,3
IAO-DVO,3
MBT-CEB,3
KLO-MPH,3
IAO-DVO,3
DPL-CEB,3
DGT-CEB,3
IAO-CRK,3
IAO-CEB,3
CYP-CEB,3
CRM-CEB,3
CGY-ILO,3
CGY-DVO,3
CGY-CEB,3
CGM-CEB,3
GES-CEB,3
ENI-USU,3
ENI-TAG,3
CBO-TWT,3
CBO-TAG,3
CBO-CEB,3
IAO-DVO,3
IAO-CRK,3
ENI-MPH,3
USU-ENI,3
CBO-TWT,3
CBO-TAG,3
MBT-CRK,3
MBT-CEB,3
KLO-MPH,3
ENI-CRK,3
ENI-CEB,3
DPL-CEB,3
BSO-CRK,3
BPA-CEB,3
USU-ENI,3
CBO-TWT,3
SWL-CEB,3
SUG-TAG,3
SUG-CEB,3
SUG-BXU,3
SJI-CRK,3
IAO-CEB,3
GES-CEB,3
CBO-TAG,3
CBO-CEB,3
MBT-CRK,3
MBT-CEB,3
KLO-MPH,3
DGT-CEB,3
CBO-CEB,3
BSO-CRK,3
BPA-CEB,3
CGY-TAC,3
CYP-TAC,3
CYP-CEB,3
CRM-CEB,3
CGY-TAC,3
CGY-ILO,3
CGY-DVO,3
CGY-CEB,3
CGM-CEB,3
KLO-MPH,3
PAG-CEB,3
OZC-CEB,3
USU-CRK,3
USU-CEB,3
TWT-ZAM,3
TWT-CBO,3
TBH-MPH,3
CBO-TWT,3
CBO-TAG,3
CBO-CEB,3
CRM-CEB,3
CGY-TAC,3
CGY-ILO,3
CGY-DVO,3
CGY-CEB,3
CGM-CEB,3
BSO-CRK,3
BPA-CEB,3
PAG-CEB,3
OZC-CEB,3
PAG-CEB,3
OZC-CEB,3
MBT-CRK,3
MBT-CEB,3
USU-ENI,3
USU-CRK,3
USU-CEB,3
TWT-ZAM,3
TWT-CBO,3
TBH-MPH,3
SUG-TAG,3
SUG-CEB,3
SUG-BXU,3
IAO-DVO,3
IAO-CRK,3
IAO-CEB,3
GES-CEB,3
ENI-USU,3
ENI-TAG,3
SJI-CRK,3
SWL-CEB,3
SUG-TAG,3
SUG-CEB,3
SUG-BXU,3
SJI-CRK,3
USU-CEB,3
TWT-ZAM,3
TWT-CBO,3
TBH-MPH,3
BSO-CRK,3
BPA-CEB,3
USU-ENI,3
SWL-CEB,3
CBO-TWT,3
CBO-TAG,3
CBO-CEB,3
BSO-CRK,3
SWL-CEB,3
SUG-TAG,3
SUG-CEB,3
SUG-BXU,3
SJI-CRK,3
ENI-MPH,3
ENI-CRK,3
USU-ENI,3
USU-CRK,3
DGT-CEB,3
CYP-TAC,3
CYP-CEB,3
ENI-USU,3
ENI-TAG,3
ENI-MPH,3
ENI-CRK,3
ENI-CEB,3
DPL-CEB,3
PAG-CEB,3
OZC-CEB,3
IAO-DVO,3
IAO-CRK,3
IAO-CEB,3
GES-CEB,3
ENI-CEB,3
DPL-CEB,3
DGT-CEB,3
CYP-TAC,3
CYP-CEB,3
CRM-CEB,3
CBO-TWT,3
CBO-TAG,3
CBO-CEB,3
BSO-CRK,3
BPA-CEB,3
OZC-CEB,3
USU-ENI,3
USU-CRK,3
USU-CEB,3
CRM-CEB,3
USU-CRK,3
BPA-CEB,3
USU-ENI,3
USU-CRK,3
USU-CEB,3
TWT-ZAM,3
TWT-CBO,3
TBH-MPH,3
CGY-TAC,3
CGY-ILO,3
CGY-DVO,3
CGY-CEB,3
CGM-CEB,3
TWT-ZAM,3
MBT-CRK,3
MBT-CEB,3
KLO-MPH,3
SJI-CRK,3
PAG-CEB,3
SWL-CEB,3
SWL-CEB,3
SUG-TAG,3
SUG-CEB,3
SUG-BXU,3
SJI-CRK,3
OZC-CEB,3
CGY-DVO,3
CGY-CEB,3
CGM-CEB,3
USU-CEB,3
TWT-ZAM,3
TWT-CBO,3
TBH-MPH,3
MBT-CRK,3
MBT-CEB,3
KLO-MPH,3
PAG-CEB,3
TBH-MPH,3
IAO-DVO,3
IAO-CRK,3
IAO-CEB,3
ENI-MPH,3
ENI-CRK,3
ENI-CEB,3
SWL-CEB,3
SUG-TAG,3
SUG-CEB,3
CGY-TAC,3
CGY-ILO,3
SJI-CRK,3
DPL-CEB,3
DGT-CEB,3
CYP-TAC,3
CYP-CEB,3
SWL-CEB,3
SUG-TAG,3
SUG-CEB,3
SUG-BXU,3
GES-CEB,3
ENI-USU,3
ENI-TAG,3
ENI-MPH,3
ENI-CRK,3
ENI-CEB,3
TBH-MPH,3
TWT-CBO,3
BSO-CRK,3
BPA-CEB,3
USU-ENI,3
USU-CRK,3
USU-CEB,3
TWT-ZAM,3
TWT-CBO,3
USU-ENI,3
USU-CRK,3
USU-CEB,3
MBT-CRK,3
MBT-CEB,3
KLO-MPH,3
SUG-BXU,3
IAO-CRK,3
IAO-CEB,3
GES-CEB,3
ENI-USU,3
ENI-TAG,3
PAG-CEB,3
OZC-CEB,3
TWT-ZAM,3
TWT-CBO,3
TBH-MPH,3
DPL-CEB,3
DGT-CEB,3
CBO-TWT,3
CBO-TAG,3
CYP-TAC,3
CBO-TWT,3
BSO-CRK,3
BPA-CEB,3
USU-ENI,3
USU-CRK,3
USU-CEB,3
TWT-ZAM,3
SUG-CEB,3
SUG-BXU,3
SJI-CRK,3
PAG-CEB,3
OZC-CEB,3
IAO-DVO,3
CBO-TWT,3
CBO-TAG,3
CBO-CEB,3
BSO-CRK,3
BPA-CEB,3
CBO-TWT,3
CBO-TAG,3
CBO-CEB,3
CBO-TAG,3
CBO-CEB,3
BSO-CRK,3
BPA-CEB,3
CYP-CEB,3
CBO-CEB,3
CRM-CEB,3
CGY-TAC,3
TWT-CBO,3
TBH-MPH,3
SWL-CEB,3
SUG-TAG,3
CGY-ILO,3
CGY-DVO,3
CGY-CEB,3
CGM-CEB,3
CBO-TWT,3
CBO-TAG,3
CBO-CEB,3
BSO-CRK,3
BPA-CEB,3
USU-ENI,3
USU-CRK,3
USU-CEB,3
TWT-ZAM,3
TWT-CBO,3
TBH-MPH,3
USU-CEB,3
TWT-ZAM,3
TWT-CBO,3
TBH-MPH,3
MBT-CRK,3
MBT-CEB,3
KLO-MPH,3
SUG-TAG,3
SUG-CEB,3
SUG-BXU,3
SJI-CRK,3
PAG-CEB,3
OZC-CEB,3
SWL-CEB,3
IAO-DVO,3
SUG-CEB,3
SUG-BXU,3
SJI-CRK,3
PAG-CEB,3
OZC-CEB,3
CGY-TAC,3
CGY-ILO,3
CGY-DVO,3
CGY-CEB,3
CGM-CEB,3
DPL-CEB,3
DGT-CEB,3
CYP-TAC,3
CYP-CEB,3
CRM-CEB,3
ENI-CRK,3
ENI-CEB,3
CGY-CEB,3
CGM-CEB,3
SWL-CEB,3
SUG-TAG,3
IAO-CRK,3
IAO-CEB,3
GES-CEB,3
ENI-USU,3
BSO-CRK,3
BPA-CEB,3
USU-ENI,3
USU-CRK,3
ENI-TAG,3
ENI-MPH,3
SUG-TAG,3
SUG-CEB,3
SUG-BXU,3
SJI-CRK,3
PAG-CEB,3
OZC-CEB,3
KLO-MPH,3
IAO-DVO,3
IAO-CRK,3
IAO-CEB,3
GES-CEB,3
ENI-USU,3
ENI-TAG,3
ENI-MPH,3
CGY-DVO,3
CGY-CEB,3
CGM-CEB,3
CBO-TWT,3
CBO-TAG,3
CBO-CEB,3
ENI-CRK,3
ENI-CEB,3
MBT-CRK,3
MBT-CEB,3
ENI-TAG,3
ENI-MPH,3
MBT-CRK,3
MBT-CEB,3
CGY-ILO,3
CGY-DVO,3
CGY-CEB,3
CGM-CEB,3
SJI-CRK,3
PAG-CEB,3
OZC-CEB,3
KLO-MPH,3
CGY-TAC,3
CGY-ILO,3
CGY-TAC,3
IAO-DVO,3
IAO-CRK,3
IAO-CEB,3
GES-CEB,3
ENI-USU,3
SWL-CEB,3
SUG-TAG,3
ENI-CRK,3
ENI-CEB,3
DPL-CEB,3
DGT-CEB,3
CYP-TAC,3
CGY-ILO,3
DGT-CEB,3
DPL-CEB,3
DGT-CEB,3
CYP-TAC,3
DPL-CEB,3
MBT-CRK,3
MBT-CEB,3
CRM-CEB,3
ENI-CRK,3
ENI-CEB,3
CGY-DVO,3
DPL-CEB,3
KLO-MPH,3
DGT-CEB,3
CYP-TAC,3
CYP-CEB,3
CRM-CEB,3
CGY-TAC,3
IAO-CEB,3
GES-CEB,3
ENI-USU,3
ENI-TAG,3
ENI-MPH,3
ENI-CRK,3
CYP-CEB,3
CRM-CEB,3
CYP-TAC,3
CYP-CEB,3
IAO-CRK,3
IAO-CEB,3
GES-CEB,3
ENI-USU,3
ENI-TAG,3
ENI-MPH,3
CYP-CEB,3
CRM-CEB,3
MBT-CRK,3
MBT-CEB,3
SUG-CEB,3
SUG-BXU,3
TWT-ZAM,3
TWT-CBO,3
TBH-MPH,3
ENI-TAG,3
ENI-MPH,3
ENI-CRK,3
CGY-TAC,3
CGY-ILO,3
CGY-DVO,3
CGY-CEB,3
CGM-CEB,3
IAO-DVO,3
IAO-CRK,3
MBT-CEB,3
KLO-MPH,3
ENI-CEB,3
IAO-DVO,3
DPL-CEB,3
DGT-CEB,3
CYP-TAC,3
CYP-CEB,3
CRM-CEB,3
ENI-CRK,3
ENI-CEB,3
ENI-CEB,3
DPL-CEB,3
DGT-CEB,3
CYP-TAC,3
CYP-CEB,3
CRM-CEB,3
IAO-DVO,3
IAO-CRK,3
IAO-CEB,3
GES-CEB,3
ENI-USU,3
CGY-TAC,3
CGY-ILO,3
BSO-CRK,3
BPA-CEB,3
USU-ENI,3
USU-CRK,3
IAO-DVO,3
IAO-CRK,3
MBT-CRK,3
CGY-DVO,3
CGY-CEB,3
CGM-CEB,3
USU-ENI,3
USU-CRK,3
USU-CEB,3
CBO-CEB,3
BSO-CRK,3
BPA-CEB,3
CBO-TWT,3
CBO-TAG,3
CBO-TWT,3
CBO-TAG,3
CBO-CEB,3
SUG-BXU,3
CGY-TAC,3
CGY-ILO,3
SJI-CRK,3
PAG-CEB,3
OZC-CEB,3
IAO-CEB,3
GES-CEB,3
ENI-USU,3
ENI-TAG,3
ENI-MPH,3
USU-CEB,3
TWT-ZAM,3
TWT-CBO,3
TBH-MPH,3
CBO-TWT,3
CBO-TAG,3
MBT-CRK,3
MBT-CEB,3
KLO-MPH,3
CBO-CEB,3
BSO-CRK,3
BPA-CEB,3
USU-ENI,3
SWL-CEB,3
SUG-TAG,3
SUG-CEB,3
TWT-ZAM,3
TWT-CBO,3
MBT-CEB,3
KLO-MPH,3
SWL-CEB,3
SUG-TAG,3
SUG-CEB,3
SUG-BXU,3
SJI-CRK,3
USU-CRK,3
USU-CEB,3
TWT-ZAM,3
TWT-CBO,3
TBH-MPH,3
SWL-CEB,3
SUG-TAG,3
SUG-CEB,3
SUG-BXU,3
SJI-CRK,3
PAG-CEB,3
OZC-CEB,3
CGY-CEB,3
CGM-CEB,3
PAG-CEB,3
OZC-CEB,3
USU-ENI,3
USU-CRK,3
USU-CEB,3
TBH-MPH,3
CGY-DVO,3
CGY-CEB,3
CGM-CEB,3
CYP-TAC,3
IAO-DVO,3
IAO-CRK,3
IAO-CEB,3
GES-CEB,3
ENI-USU,3
ENI-TAG,3
ENI-MPH,3
ENI-CRK,3
ENI-CEB,3
CGY-CEB,3
CGM-CEB,3
CBO-TWT,3
CBO-TAG,3
CBO-CEB,3
BSO-CRK,3
BPA-CEB,3
KLO-MPH,3
CYP-CEB,3
CRM-CEB,3
CGY-TAC,3
CGY-ILO,3
CGY-DVO,3
DGT-CEB,3
CYP-TAC,3
CYP-CEB,3
CRM-CEB,3
GES-CEB,3
ENI-USU,3
ENI-TAG,3
ENI-MPH,3
ENI-CRK,3
MBT-CRK,3
MBT-CEB,3
KLO-MPH,3
IAO-DVO,3
MBT-CRK,3
MBT-CEB,3
ENI-CEB,3
DPL-CEB,3
DGT-CEB,3
MBT-CRK,3
MBT-CEB,3
KLO-MPH,3
CGY-TAC,3
CGY-ILO,3
CGY-DVO,3
CGY-CEB,3
CGM-CEB,3
IAO-DVO,3
IAO-CRK,3
IAO-CEB,3
DPL-CEB,3
KLO-MPH,3
CRM-CEB,3
CGY-TAC,3
CGY-ILO,3
IAO-DVO,3
IAO-CRK,3
IAO-CEB,3
GES-CEB,3
SUG-TAG,3
SUG-CEB,3
SUG-BXU,3
SJI-CRK,3
PAG-CEB,3
OZC-CEB,3
CYP-TAC,3
CYP-CEB,3
IAO-CRK,3
IAO-CEB,3
GES-CEB,3
ENI-TAG,3
ENI-MPH,3
ENI-CRK,3
ENI-CEB,3
TWT-CBO,3
TBH-MPH,3
CGY-DVO,3
ENI-USU,3
ENI-TAG,3
ENI-MPH,3
MBT-CRK,3
ENI-CRK,3
ENI-CEB,3
DPL-CEB,3
DGT-CEB,3
CGY-TAC,3
CGY-ILO,3
CGY-DVO,3
CGY-CEB,3
CGM-CEB,3
DPL-CEB,3
DGT-CEB,3
CYP-TAC,3
CBO-CEB,3
BSO-CRK,3
BPA-CEB,3
ENI-USU,3
ENI-USU,3
ENI-TAG,3
ENI-MPH,3
ENI-CRK,3
TBH-MPH,3
ENI-CEB,3
DPL-CEB,3
DGT-CEB,3
USU-CEB,3
TWT-ZAM,3
IAO-DVO,3
IAO-CRK,3
IAO-CEB,3
GES-CEB,3
CBO-TWT,3
CBO-TAG,3
CYP-CEB,3
CRM-CEB,3
CYP-TAC,3
CYP-CEB,3
PAG-CEB,3
OZC-CEB,3
SWL-CEB,3
CBO-CEB,3
BSO-CRK,3
BPA-CEB,3
CRM-CEB,3
CGY-TAC,3
USU-ENI,3
USU-CRK,3
USU-CEB,3
TWT-ZAM,3
TWT-CBO,3
MBT-CRK,3
MBT-CEB,3
KLO-MPH,3
USU-ENI,3
USU-CRK,3
CBO-TWT,3
CBO-TAG,3
CBO-TAG,3
CBO-TWT,3
CBO-TAG,3
CBO-CEB,3
BSO-CRK,3
BPA-CEB,3
USU-ENI,3
CGY-ILO,3
CGY-DVO,3
CGY-CEB,3
CGM-CEB,3
CBO-TWT,3
CBO-TAG,3
CBO-CEB,3
BSO-CRK,3
BPA-CEB,3
SWL-CEB,3
SUG-TAG,3
SUG-CEB,3
SUG-BXU,3
SJI-CRK,3
USU-ENI,3
SWL-CEB,3
OZC-CEB,3
USU-CRK,3
USU-CEB,3
TWT-ZAM,3
TWT-CBO,3
TBH-MPH,3
SWL-CEB,3
SUG-TAG,3
SUG-CEB,3
SUG-BXU,3
SJI-CRK,3
CBO-TWT,3
PAG-CEB,3
OZC-CEB,3
SWL-CEB,3
SUG-TAG,3
USU-CRK,3
USU-CEB,3
TWT-ZAM,3
TWT-CBO,3
TBH-MPH,3
PAG-CEB,3
OZC-CEB,3
SUG-TAG,3
SUG-CEB,3
SUG-BXU,3
SJI-CRK,3
SWL-CEB,3
SUG-TAG,3
SUG-CEB,3
SUG-BXU,3
SJI-CRK,3
BSO-CRK,3
BPA-CEB,3
DPL-CEB,3
DGT-CEB,3
CYP-TAC,3
CYP-CEB,3
CRM-CEB,3
CGY-TAC,3
CGY-ILO,3
SUG-CEB,3
SUG-BXU,3
SJI-CRK,3
SWL-CEB,3
SUG-TAG,3
SUG-CEB,3
TWT-CBO,3
TBH-MPH,3
CGY-DVO,3
CGY-CEB,3
CGM-CEB,3
TBH-MPH,3
ENI-CEB,3
CBO-CEB,3
MBT-CRK,3
MBT-CEB,3
KLO-MPH,3
SUG-BXU,3
SJI-CRK,3
PAG-CEB,3
PAG-CEB,3
OZC-CEB,3
CBO-TAG,3
CBO-CEB,3
BSO-CRK,3
BPA-CEB,3
USU-ENI,3
USU-CRK,3
USU-CEB,3
TWT-ZAM,3
USU-ENI,3
USU-CRK,3
USU-CEB,3
TWT-ZAM,3
TWT-CBO,3
TBH-MPH,3
ENI-TAG,3
ENI-MPH,3
ENI-CRK,3
USU-ENI,3
USU-CRK,3
USU-CEB,3
CBO-TWT,3
BSO-CRK,3
BPA-CEB,3
TWT-ZAM,3
TWT-CBO,3
IAO-DVO,3
IAO-CRK,3
IAO-CEB,3
GES-CEB,3
ENI-USU,3
ENI-TAG,3
ENI-MPH,3
ENI-CRK,3
ENI-CEB,3
CGY-TAC,3
CGY-ILO,3
CGY-DVO,3
CGY-CEB,3
MBT-CRK,3
CGM-CEB,3
IAO-CRK,3
IAO-CEB,3
GES-CEB,3
ENI-USU,3
SUG-BXU,3
SJI-CRK,3
KLO-MPH,3
IAO-DVO,3
TWT-CBO,3
TBH-MPH,3
PAG-CEB,3
OZC-CEB,3
ENI-CEB,3
BSO-CRK,3
BPA-CEB,3
ENI-CRK,3
ENI-CEB,3
MBT-CEB,3
KLO-MPH,3
USU-CEB,3
TWT-ZAM,3
DPL-CEB,3
DGT-CEB,3
CYP-TAC,3
CYP-CEB,3
CRM-CEB,3
IAO-DVO,3
IAO-CRK,3
IAO-CEB,3
GES-CEB,3
ENI-USU,3
ENI-TAG,3
IAO-DVO,3
IAO-CRK,3
IAO-CEB,3
GES-CEB,3
ENI-USU,3
ENI-TAG,3
ENI-MPH,3
ENI-CRK,3
CBO-TWT,3
CBO-TAG,3
CBO-CEB,3
CGY-DVO,3
CGY-CEB,3
DPL-CEB,3
DGT-CEB,3
CYP-TAC,3
CYP-CEB,3
CRM-CEB,3
CRM-CEB,3
KLO-MPH,3
CGY-TAC,3
CGY-ILO,3
CGY-DVO,3
CGY-CEB,3
USU-ENI,3
USU-CRK,3
DPL-CEB,3
DGT-CEB,3
CYP-TAC,3
SWL-CEB,3
SUG-TAG,3
SUG-CEB,3
MBT-CRK,3
MBT-CEB,3
CGY-TAC,3
CGY-ILO,3
CBO-TWT,3
CGM-CEB,3
BPA-CEB,3
MBT-CRK,3
MBT-CEB,3
ENI-MPH,3
CBO-TWT,3
CBO-TAG,3
CBO-CEB,3
CYP-CEB,3
CBO-TAG,3
CBO-CEB,3
CGY-TAC,3
CGY-ILO,3
CGM-CEB,3
CGY-DVO,3
CGY-CEB,3
CGM-CEB,3
BSO-CRK,3
SWL-CEB,3
SUG-TAG,3
SUG-CEB,3
SUG-BXU,3
SJI-CRK,3
PAG-CEB,3
OZC-CEB,3
USU-ENI,3
USU-CRK,3
USU-CEB,3
TWT-ZAM,3
TWT-CBO,3
TBH-MPH,3
SWL-CEB,3
SUG-TAG,3
SUG-CEB,3
SUG-BXU,3
SJI-CRK,3
PAG-CEB,3
OZC-CEB,3
OZC-CEB,3
USU-ENI,3
USU-CRK,3
USU-CEB,3
TWT-ZAM,3
MBT-CRK,3
MBT-CEB,3
KLO-MPH,3
SUG-CEB,3
SUG-BXU,3
SJI-CRK,3
CBO-TWT,3
CBO-TAG,3
CBO-CEB,3
BSO-CRK,3
BPA-CEB,3
OZC-CEB,3
TWT-ZAM,3
TWT-CBO,3
TBH-MPH,3
CBO-TWT,3
CBO-TAG,3
CBO-CEB,3
BSO-CRK,3
BPA-CEB,3
USU-ENI,3
USU-CRK,3
USU-CEB,3
PAG-CEB,3
TWT-CBO,3
TBH-MPH,3
DGT-CEB,3
CYP-TAC,3
CGM-CEB,3
CYP-CEB,3
CRM-CEB,3
DPL-CEB,3
MBT-CRK,3
USU-CRK,3
USU-CEB,3
TWT-ZAM,3
TWT-CBO,3
TBH-MPH,3
PAG-CEB,3
SWL-CEB,3
SUG-TAG,3
MBT-CEB,3
KLO-MPH,3
ENI-CEB,3
CYP-CEB,3
CRM-CEB,3
IAO-DVO,3
IAO-CRK,3
IAO-CEB,3
GES-CEB,3
ENI-USU,3
IAO-DVO,3
IAO-CRK,3
SWL-CEB,3
SUG-TAG,3
SUG-CEB,3
SUG-BXU,3
SJI-CRK,3
PAG-CEB,3
IAO-DVO,3
IAO-CRK,3
IAO-CEB,3
USU-ENI,3
CBO-TWT,3
CBO-TAG,3
CBO-CEB,3
BSO-CRK,3
BPA-CEB,3
IAO-CEB,3
GES-CEB,3
CGY-TAC,3
CGY-ILO,3
CGY-DVO,3
CGY-CEB,3
ENI-TAG,3
ENI-MPH,3
ENI-CRK,3
ENI-CEB,3
DPL-CEB,3
DGT-CEB,3
CYP-TAC,3
ENI-USU,3
ENI-TAG,3
OZC-CEB,3
ENI-MPH,3
ENI-CRK,3
ENI-CEB,3
ENI-TAG,3
ENI-MPH,3
ENI-CRK,3
CGY-ILO,3
CGY-DVO,3
MBT-CRK,3
MBT-CEB,3
KLO-MPH,3
IAO-DVO,3
IAO-CRK,3
IAO-CEB,3
GES-CEB,3
DPL-CEB,3
GES-CEB,3
ENI-USU,3
ENI-TAG,3
ENI-MPH,3
ENI-CRK,3
ENI-CEB,3
CRM-CEB,3
CGY-TAC,3
CGY-ILO,3
CGY-DVO,3
CGY-CEB,3
CGM-CEB,3
DGT-CEB,3
CYP-TAC,3
CYP-CEB,3
CRM-CEB,3
ENI-USU,3
GES-CEB,3
PAG-CEB,3
OZC-CEB,3
MBT-CRK,3
CGM-CEB,3
MBT-CRK,3
MBT-CEB,3
CGY-TAC,3
CGY-ILO,3
DGT-CEB,3
ENI-TAG,3
ENI-MPH,3
ENI-CRK,3
ENI-CEB,3
CYP-TAC,3
KLO-MPH,3
CYP-CEB,3
CYP-CEB,3
CRM-CEB,3
DPL-CEB,3
DGT-CEB,3
CYP-TAC,3
DPL-CEB,3
CGY-DVO,3
CGY-CEB,3
MBT-CEB,3
KLO-MPH,3
MBT-CRK,3
MBT-CEB,3
KLO-MPH,3
CGY-TAC,3
IAO-DVO,3
IAO-CRK,3
IAO-CEB,3
GES-CEB,3
ENI-USU,3
ENI-TAG,3
CYP-TAC,3
CYP-CEB,3
CRM-CEB,3
GES-CEB,3
ENI-USU,3
IAO-DVO,3
IAO-CRK,3
IAO-CEB,3
MBT-CRK,3
MBT-CEB,3
DPL-CEB,3
DGT-CEB,3
IAO-DVO,3
IAO-CRK,3
IAO-CEB,3
CGY-TAC,3
CGY-ILO,3
CGY-DVO,3
CGY-CEB,3
CGM-CEB,3
KLO-MPH,3
CGY-CEB,3
CGM-CEB,3
SWL-CEB,3
SUG-TAG,3
SUG-CEB,3
SUG-BXU,3
SJI-CRK,3
CBO-TWT,3
CBO-TAG,3
CBO-CEB,3
BSO-CRK,3
IAO-DVO,3
IAO-CRK,3
ENI-MPH,3
ENI-CRK,3
ENI-CEB,3
CGM-CEB,3
IAO-CEB,3
GES-CEB,3
ENI-USU,3
ENI-TAG,3
ENI-MPH,3
ENI-CRK,3
ENI-CEB,3
BPA-CEB,3
USU-ENI,3
USU-CRK,3
USU-CEB,3
ENI-CRK,3
ENI-CEB,3
USU-ENI,3
USU-CRK,3
USU-CEB,3
TWT-ZAM,3
TWT-CBO,3
TBH-MPH,3
TWT-ZAM,3
TWT-CBO,3
DPL-CEB,3
DGT-CEB,3
CYP-TAC,3
CYP-CEB,3
CRM-CEB,3
CGY-TAC,3
CGY-ILO,3
CGY-DVO,3
CGY-CEB,3
TBH-MPH,3
CBO-TAG,3
CBO-CEB,3
BSO-CRK,3
BPA-CEB,3
ENI-USU,3
SWL-CEB,3
SUG-TAG,3
SUG-CEB,3
SUG-BXU,3
SJI-CRK,3
SWL-CEB,3
SUG-TAG,3
SUG-CEB,3
ENI-TAG,3
ENI-MPH,3
SUG-BXU,3
SJI-CRK,3
PAG-CEB,3
OZC-CEB,3
CBO-TWT,3
DGT-CEB,3
CYP-TAC,3
CYP-CEB,3
CGY-TAC,3
CGY-ILO,3
CGY-DVO,3
CGY-CEB,3
CGM-CEB,3
DPL-CEB,3
DGT-CEB,3
CYP-TAC,3
CYP-CEB,3
MBT-CRK,3
MBT-CEB,3
KLO-MPH,3
CBO-TWT,3
CBO-TAG,3
CBO-CEB,3
BSO-CRK,3
CBO-TAG,3
CBO-CEB,3
PAG-CEB,3
OZC-CEB,3
USU-ENI,3
USU-CRK,3
USU-CEB,3
TWT-ZAM,3
TWT-CBO,3
TBH-MPH,3
CBO-TWT,3
CBO-TWT,3
CBO-TAG,3
MBT-CRK,3
MBT-CEB,3
KLO-MPH,3
CBO-CEB,3
BSO-CRK,3
BPA-CEB,3
CRM-CEB,3
CRM-CEB,3
DPL-CEB,3
CGY-ILO,3
CGY-DVO,3
CGY-CEB,3
CGM-CEB,3
IAO-DVO,3
IAO-CRK,3
IAO-CEB,3
GES-CEB,3
ENI-USU,3
ENI-TAG,3
ENI-MPH,3
ENI-CRK,3
ENI-CEB,3
SUG-BXU,3
SJI-CRK,3
BSO-CRK,3
BPA-CEB,3
ENI-USU,3
ENI-TAG,3
ENI-MPH,3
ENI-CRK,3
ENI-CEB,3
CGY-TAC,3
IAO-DVO,3
IAO-CRK,3
IAO-CEB,3
GES-CEB,3
PAG-CEB,3
USU-ENI,3
USU-CRK,3
OZC-CEB,3
DPL-CEB,3
TBH-MPH,3
SWL-CEB,3
SUG-TAG,3
SUG-CEB,3
DGT-CEB,3
CYP-TAC,3
USU-ENI,3
USU-CRK,3
USU-CEB,3
DPL-CEB,3
DGT-CEB,3
CYP-CEB,3
CRM-CEB,3
CGY-TAC,3
CGY-ILO,3
CGY-DVO,3
CGY-CEB,3
CGM-CEB,3
BPA-CEB,3
SWL-CEB,3
SUG-TAG,3
SUG-CEB,3
SUG-BXU,3
SJI-CRK,3
USU-CEB,3
TWT-ZAM,3
TWT-CBO,3
TBH-MPH,3
CYP-CEB,3
CRM-CEB,3
USU-ENI,3
USU-CRK,3
CGY-TAC,3
CGY-ILO,3
CGY-DVO,3
CGY-CEB,3
CGM-CEB,3
KLO-MPH,3
TWT-ZAM,3
TWT-CBO,3
IAO-CRK,3
IAO-CEB,3
GES-CEB,3
ENI-USU,3
ENI-TAG,3
ENI-MPH,3
CYP-TAC,3
TWT-CBO,3
TBH-MPH,3
ENI-CEB,3
CBO-TWT,3
CBO-TAG,3
MBT-CRK,3
MBT-CEB,3
OZC-CEB,3
CBO-CEB,3
BSO-CRK,3
BPA-CEB,3
SUG-BXU,3
SJI-CRK,3
PAG-CEB,3
IAO-DVO,3
IAO-CRK,3
IAO-CEB,3
PAG-CEB,3
OZC-CEB,3
KLO-MPH,3
IAO-DVO,3
DGT-CEB,3
CYP-TAC,3
CYP-CEB,3
PAG-CEB,3
OZC-CEB,3
ENI-CRK,3
TWT-ZAM,3
MBT-CRK,3
MBT-CEB,3
KLO-MPH,3
MBT-CRK,3
MBT-CEB,3
SWL-CEB,3
SUG-TAG,3
SUG-CEB,3
SWL-CEB,3
SUG-TAG,3
BSO-CRK,3
BPA-CEB,3
OZC-CEB,3
GES-CEB,3
ENI-USU,3
ENI-TAG,3
ENI-MPH,3
ENI-CRK,3
ENI-CEB,3
DPL-CEB,3
USU-ENI,3
USU-CRK,3
USU-CEB,3
TWT-ZAM,3
TWT-CBO,3
USU-CEB,3
SUG-CEB,3
SUG-BXU,3
SJI-CRK,3
TBH-MPH,3
CBO-TAG,3
CBO-CEB,3
BSO-CRK,3
BPA-CEB,3
SWL-CEB,3
SUG-TAG,3
CRM-CEB,3
PAG-CEB,3
TBH-MPH,3
CBO-TWT,3
CBO-TAG,3
CBO-CEB,3
CGY-DVO,3
CGY-CEB,3
TWT-CBO,3
CGM-CEB,3
CRK-CEB,4
PPS-DVO,4
PPS-CRK,4
PPS-CEB,4
PPS-ILO,4
PPS-ENI,4
PPS-DVO,4
PPS-CRK,4
PPS-CEB,4
CRK-USU,4
CRK-TBH,4
CRK-TAG,4
CRK-KLO,4
CRK-ILO,4
CRK-IAO,4
CRK-ENI,4
CRK-DVO,4
ZAM-GES,4
ZAM-DVO,4
ZAM-CEB,4
BXU-CEB,4
BCD-DVO,4
PPS-ILO,4
PPS-ENI,4
CRK-SJI,4
CRK-PPS,4
CRK-MPH,4
CRK-MBT,4
CRK-KLO,4
CRK-ILO,4
CRK-IAO,4
TAC-ILO,4
CRK-DVO,4
CRK-CEB,4
CRK-BSO,4
DVO-MPH,4
DVO-ILO,4
DVO-IAO,4
DVO-DGT,4
DVO-CRK,4
DVO-CGY,4
DVO-CEB,4
DVO-CBO,4
GES-ILO,4
TAC-ILO,4
TAC-DVO,4
TAC-CEB,4
DVO-ZAM,4
PPS-ILO,4
PPS-ENI,4
PPS-DVO,4
PPS-CRK,4
ZAM-CEB,4
CRK-USU,4
CRK-TBH,4
CRK-TAG,4
CRK-SJI,4
CRK-PPS,4
CRK-MPH,4
CRK-MBT,4
CRK-KLO,4
CRK-ILO,4
CRK-IAO,4
CRK-ENI,4
CRK-SJI,4
CRK-PPS,4
PPS-CEB,4
GES-ILO,4
BXU-CEB,4
BXU-CEB,4
BCD-DVO,4
BCD-CEB,4
ZAM-TWT,4
ZAM-ILO,4
ZAM-GES,4
ZAM-DVO,4
ZAM-CEB,4
TAC-ILO,4
TAC-DVO,4
TAC-CEB,4
DVO-MPH,4
DVO-DGT,4
DVO-CRK,4
DVO-CGY,4
DVO-CEB,4
DVO-CBO,4
DVO-BCD,4
PPS-DVO,4
PPS-CRK,4
PPS-CEB,4
DVO-ILO,4
DVO-IAO,4
DVO-DGT,4
CRK-USU,4
CRK-TBH,4
CRK-TAG,4
DVO-CRK,4
DVO-CGY,4
DVO-CEB,4
DVO-CBO,4
DVO-BCD,4
DVO-IAO,4
DVO-DGT,4
DVO-CRK,4
DVO-CGY,4
CRK-ENI,4
CRK-DVO,4
CRK-CEB,4
CRK-BSO,4
DVO-ZAM,4
DVO-TAG,4
DVO-PPS,4
GES-ILO,4
DVO-ZAM,4
DVO-TAG,4
DVO-PPS,4
DVO-MPH,4
DVO-ILO,4
CRK-USU,4
CRK-TBH,4
CRK-TAG,4
CRK-SJI,4
CRK-PPS,4
CRK-MPH,4
CRK-MBT,4
CRK-KLO,4
CRK-ILO,4
CRK-IAO,4
CRK-ILO,4
CRK-IAO,4
CRK-ENI,4
CRK-DVO,4
CRK-CEB,4
CRK-BSO,4
BXU-CEB,4
BCD-DVO,4
BCD-CEB,4
ZAM-TWT,4
ZAM-ILO,4
CRK-BSO,4
BXU-CEB,4
DVO-CEB,4
DVO-CBO,4
DVO-BCD,4
CRK-TAG,4
CRK-SJI,4
CRK-PPS,4
BCD-DVO,4
BCD-CEB,4
ZAM-TWT,4
ZAM-ILO,4
ZAM-GES,4
ZAM-DVO,4
ZAM-CEB,4
TAC-ILO,4
TAC-DVO,4
TAC-CEB,4
CRK-MPH,4
CRK-MBT,4
CRK-KLO,4
DVO-CEB,4
PPS-ILO,4
PPS-ENI,4
PPS-DVO,4
PPS-CRK,4
PPS-CEB,4
ZAM-GES,4
ZAM-DVO,4
ZAM-CEB,4
TAC-ILO,4
TAC-DVO,4
TAC-CEB,4
PPS-ILO,4
PPS-ENI,4
CRK-USU,4
CRK-TBH,4
CRK-ILO,4
CRK-IAO,4
CRK-ENI,4
CRK-DVO,4
CRK-CEB,4
DVO-CGY,4
DVO-CEB,4
DVO-CBO,4
DVO-BCD,4
DVO-PPS,4
DVO-MPH,4
DVO-ILO,4
DVO-IAO,4
DVO-DGT,4
DVO-CRK,4
DVO-CGY,4
CRK-TAG,4
CRK-SJI,4
CRK-PPS,4
CRK-MPH,4
PPS-ILO,4
PPS-ENI,4
PPS-DVO,4
PPS-CRK,4
PPS-CEB,4
CRK-MBT,4
GES-ILO,4
DVO-ZAM,4
DVO-TAG,4
CRK-MPH,4
CRK-MBT,4
CRK-KLO,4
CRK-DVO,4
CRK-CEB,4
CRK-BSO,4
BXU-CEB,4
BCD-DVO,4
BCD-CEB,4
ZAM-TWT,4
ZAM-ILO,4
ZAM-GES,4
ZAM-DVO,4
ZAM-CEB,4
TAC-ILO,4
DVO-CBO,4
DVO-BCD,4
CRK-USU,4
CRK-TBH,4
TAC-CEB,4
PPS-ILO,4
PPS-ENI,4
PPS-DVO,4
DVO-BCD,4
GES-ILO,4
DVO-ZAM,4
DVO-TAG,4
DVO-PPS,4
DVO-MPH,4
PPS-CRK,4
PPS-CEB,4
CRK-KLO,4
CRK-ILO,4
CRK-IAO,4
CRK-ENI,4
DVO-CEB,4
DVO-CBO,4
DVO-BCD,4
CRK-USU,4
ZAM-GES,4
ZAM-DVO,4
ZAM-CEB,4
GES-ILO,4
BXU-CEB,4
BCD-DVO,4
BCD-CEB,4
ZAM-TWT,4
TAC-DVO,4
TAC-CEB,4
TAC-ILO,4
TAC-DVO,4
DVO-TAG,4
DVO-PPS,4
DVO-MPH,4
DVO-ILO,4
DVO-IAO,4
DVO-DGT,4
DVO-ZAM,4
DVO-TAG,4
DVO-PPS,4
DVO-MPH,4
DVO-ILO,4
DVO-IAO,4
DVO-DGT,4
DVO-CRK,4
DVO-CRK,4
DVO-CGY,4
CRK-SJI,4
CRK-PPS,4
CRK-MPH,4
CRK-MBT,4
CRK-KLO,4
CRK-ILO,4
CRK-IAO,4
CRK-ENI,4
CRK-DVO,4
CRK-CEB,4
CRK-BSO,4
BXU-CEB,4
BCD-DVO,4
BCD-CEB,4
ZAM-ILO,4
DVO-ZAM,4
ZAM-GES,4
ZAM-DVO,4
ZAM-CEB,4
TAC-ILO,4
TAC-DVO,4
TAC-CEB,4
CRK-TAG,4
CRK-SJI,4
CRK-PPS,4
CRK-MPH,4
CRK-MBT,4
CRK-KLO,4
CRK-ILO,4
CRK-IAO,4
CRK-TBH,4
CRK-TAG,4
CRK-ENI,4
CRK-DVO,4
CRK-CEB,4
CRK-BSO,4
PPS-ILO,4
PPS-ENI,4
PPS-DVO,4
PPS-CRK,4
PPS-CEB,4
CRK-USU,4
CRK-TBH,4
DVO-ZAM,4
DVO-TAG,4
DVO-PPS,4
ZAM-TWT,4
ZAM-ILO,4
DVO-ILO,4
DVO-IAO,4
DVO-DGT,4
DVO-CRK,4
DVO-CGY,4
DVO-CEB,4
DVO-CBO,4
CRK-BSO,4
CRK-USU,4
CRK-TBH,4
CRK-TAG,4
CRK-SJI,4
CRK-PPS,4
CRK-MPH,4
CRK-MBT,4
DVO-BCD,4
PPS-ILO,4
DVO-CBO,4
DVO-BCD,4
GES-ILO,4
DVO-ZAM,4
DVO-TAG,4
DVO-PPS,4
DVO-MPH,4
DVO-ILO,4
DVO-IAO,4
DVO-DGT,4
DVO-CRK,4
DVO-CGY,4
DVO-CEB,4
DVO-CBO,4
GES-ILO,4
DVO-MPH,4
DVO-ILO,4
DVO-IAO,4
DVO-DGT,4
DVO-CRK,4
DVO-CGY,4
DVO-CEB,4
CRK-KLO,4
CRK-ILO,4
ZAM-ILO,4
ZAM-GES,4
ZAM-DVO,4
ZAM-CEB,4
TAC-ILO,4
TAC-DVO,4
TAC-CEB,4
TAC-DVO,4
TAC-CEB,4
PPS-ILO,4
PPS-ENI,4
CRK-USU,4
CRK-TBH,4
CRK-TAG,4
CRK-SJI,4
CRK-PPS,4
CRK-MPH,4
CRK-MBT,4
CRK-KLO,4
CRK-ILO,4
CRK-IAO,4
CRK-ENI,4
GES-ILO,4
CRK-IAO,4
CRK-ENI,4
CRK-DVO,4
CRK-CEB,4
CRK-TAG,4
CRK-SJI,4
CRK-PPS,4
CRK-MPH,4
CRK-MBT,4
CRK-KLO,4
CRK-ILO,4
CRK-IAO,4
ZAM-GES,4
ZAM-DVO,4
ZAM-CEB,4
TAC-ILO,4
PPS-ILO,4
PPS-DVO,4
PPS-CRK,4
PPS-CEB,4
CRK-DVO,4
CRK-CEB,4
CRK-BSO,4
BXU-CEB,4
BCD-DVO,4
BCD-CEB,4
ZAM-TWT,4
ZAM-ILO,4
PPS-ENI,4
PPS-DVO,4
PPS-CRK,4
PPS-CEB,4
ZAM-TWT,4
ZAM-TWT,4
ZAM-ILO,4
ZAM-GES,4
ZAM-DVO,4
ZAM-CEB,4
DVO-DGT,4
DVO-CRK,4
DVO-CGY,4
DVO-DGT,4
DVO-CRK,4
DVO-CGY,4
DVO-CEB,4
DVO-CBO,4
TAC-DVO,4
TAC-CEB,4
CRK-MBT,4
CRK-KLO,4
GES-ILO,4
DVO-ZAM,4
DVO-TAG,4
DVO-PPS,4
DVO-MPH,4
DVO-ILO,4
DVO-IAO,4
CRK-ENI,4
CRK-DVO,4
CRK-CEB,4
CRK-BSO,4
BXU-CEB,4
BCD-DVO,4
BCD-CEB,4
ZAM-DVO,4
ZAM-CEB,4
BCD-DVO,4
BCD-CEB,4
PPS-ENI,4
PPS-DVO,4
PPS-CRK,4
PPS-CEB,4
DVO-BCD,4
CRK-USU,4
TAC-ILO,4
CRK-TBH,4
CRK-TAG,4
CRK-SJI,4
CRK-PPS,4
CRK-MPH,4
PPS-DVO,4
PPS-CRK,4
PPS-CEB,4
BXU-CEB,4
CRK-ILO,4
CRK-IAO,4
CRK-ENI,4
CRK-DVO,4
CRK-CEB,4
CRK-BSO,4
BXU-CEB,4
BCD-DVO,4
BCD-CEB,4
ZAM-TWT,4
ZAM-ILO,4
ZAM-GES,4
CRK-DVO,4
CRK-CEB,4
GES-ILO,4
DVO-ZAM,4
DVO-TAG,4
DVO-PPS,4
ZAM-TWT,4
ZAM-ILO,4
ZAM-GES,4
ZAM-DVO,4
ZAM-CEB,4
TAC-ILO,4
TAC-DVO,4
TAC-CEB,4
PPS-ILO,4
PPS-ENI,4
DVO-DGT,4
DVO-CRK,4
DVO-CGY,4
DVO-CEB,4
DVO-CBO,4
DVO-CEB,4
DVO-CBO,4
DVO-BCD,4
BXU-CEB,4
CRK-USU,4
CRK-TBH,4
GES-ILO,4
DVO-BCD,4
CRK-ILO,4
CRK-IAO,4
CRK-ENI,4
CRK-TAG,4
CRK-SJI,4
CRK-PPS,4
CRK-MPH,4
CRK-MBT,4
CRK-KLO,4
CRK-ILO,4
CRK-USU,4
CRK-TBH,4
CRK-TAG,4
CRK-SJI,4
CRK-PPS,4
CRK-MPH,4
DVO-MPH,4
DVO-ILO,4
DVO-IAO,4
CRK-ENI,4
CRK-DVO,4
CRK-CEB,4
CRK-BSO,4
BXU-CEB,4
DVO-ILO,4
DVO-IAO,4
DVO-DGT,4
DVO-CRK,4
DVO-CGY,4
DVO-CEB,4
DVO-CBO,4
DVO-BCD,4
CRK-BSO,4
CRK-USU,4
CRK-TBH,4
BCD-CEB,4
ZAM-TWT,4
ZAM-ILO,4
ZAM-GES,4
ZAM-DVO,4
ZAM-CEB,4
TAC-ILO,4
TAC-DVO,4
GES-ILO,4
DVO-ZAM,4
DVO-TAG,4
DVO-PPS,4
DVO-MPH,4
CRK-MBT,4
CRK-KLO,4
CRK-IAO,4
DVO-ZAM,4
DVO-TAG,4
DVO-PPS,4
DVO-MPH,4
DVO-ILO,4
DVO-IAO,4
BCD-DVO,4
BCD-CEB,4
PPS-CRK,4
PPS-CEB,4
PPS-ILO,4
PPS-ENI,4
PPS-DVO,4
PPS-CRK,4
PPS-CEB,4
BCD-DVO,4
TAC-ILO,4
TAC-DVO,4
CRK-BSO,4
BXU-CEB,4
BCD-DVO,4
BCD-CEB,4
ZAM-TWT,4
ZAM-ILO,4
ZAM-GES,4
ZAM-DVO,4
TAC-CEB,4
PPS-ILO,4
PPS-ENI,4
PPS-DVO,4
PPS-CRK,4
PPS-CEB,4
PPS-ILO,4
PPS-ENI,4
PPS-DVO,4
DVO-BCD,4
CRK-USU,4
CRK-TBH,4
CRK-TAG,4
CRK-SJI,4
CRK-PPS,4
DVO-IAO,4
DVO-DGT,4
DVO-CRK,4
DVO-CGY,4
DVO-CEB,4
DVO-CBO,4
DVO-BCD,4
CRK-ENI,4
CRK-DVO,4
CRK-CEB,4
CRK-BSO,4
BXU-CEB,4
GES-ILO,4
DVO-ZAM,4
DVO-TAG,4
DVO-PPS,4
DVO-MPH,4
DVO-ILO,4
ZAM-CEB,4
TAC-ILO,4
TAC-DVO,4
TAC-CEB,4
TAC-CEB,4
PPS-ILO,4
PPS-ENI,4
PPS-DVO,4
PPS-CRK,4
PPS-CEB,4
PPS-ILO,4
CRK-USU,4
CRK-TBH,4
CRK-TAG,4
CRK-SJI,4
CRK-PPS,4
CRK-MPH,4
CRK-MBT,4
CRK-KLO,4
CRK-ILO,4
CRK-IAO,4
ZAM-DVO,4
ZAM-CEB,4
PPS-ENI,4
PPS-DVO,4
PPS-CRK,4
PPS-CEB,4
BCD-DVO,4
BCD-CEB,4
ZAM-TWT,4
ZAM-ILO,4
ZAM-GES,4
ZAM-DVO,4
ZAM-CEB,4
TAC-ILO,4
TAC-DVO,4
TAC-CEB,4
CRK-KLO,4
CRK-ILO,4
CRK-IAO,4
CRK-ENI,4
CRK-DVO,4
CRK-CEB,4
GES-ILO,4
DVO-ZAM,4
DVO-TAG,4
DVO-PPS,4
DVO-PPS,4
DVO-MPH,4
DVO-ILO,4
DVO-IAO,4
ZAM-ILO,4
ZAM-GES,4
BXU-CEB,4
BCD-DVO,4
BCD-CEB,4
ZAM-TWT,4
CRK-USU,4
CRK-TBH,4
CRK-TAG,4
CRK-SJI,4
TAC-ILO,4
TAC-DVO,4
TAC-CEB,4
GES-ILO,4
DVO-ZAM,4
DVO-TAG,4
CRK-MPH,4
CRK-MBT,4
CRK-ENI,4
CRK-DVO,4
CRK-CEB,4
CRK-BSO,4
BXU-CEB,4
BCD-DVO,4
BCD-CEB,4
ZAM-TWT,4
ZAM-ILO,4
ZAM-GES,4
DVO-DGT,4
DVO-CRK,4
DVO-CGY,4
DVO-CEB,4
DVO-CBO,4
DVO-BCD,4
ZAM-DVO,4
ZAM-CEB,4
TAC-ILO,4
TAC-DVO,4
TAC-CEB,4
PPS-ILO,4
PPS-ENI,4
PPS-DVO,4
PPS-CRK,4
PPS-CEB,4
CRK-PPS,4
CRK-MPH,4
CRK-MBT,4
CRK-KLO,4
CRK-ILO,4
CRK-IAO,4
DVO-BCD,4
DVO-ZAM,4
DVO-TAG,4
DVO-PPS,4
DVO-MPH,4
DVO-ILO,4
CRK-USU,4
CRK-TBH,4
CRK-TAG,4
CRK-SJI,4
CRK-PPS,4
CRK-MPH,4
CRK-MBT,4
CRK-KLO,4
CRK-ILO,4
CRK-IAO,4
GES-ILO,4
DVO-CBO,4
DVO-MPH,4
DVO-ILO,4
DVO-IAO,4
DVO-DGT,4
DVO-CRK,4
DVO-CGY,4
DVO-CEB,4
DVO-CBO,4
TAC-CEB,4
PPS-ILO,4
PPS-ENI,4
PPS-DVO,4
PPS-CRK,4
PPS-CEB,4
DVO-CRK,4
DVO-CGY,4
DVO-CEB,4
DVO-CBO,4
DVO-BCD,4
DVO-ZAM,4
DVO-TAG,4
DVO-PPS,4
DVO-MPH,4
DVO-ILO,4
DVO-IAO,4
DVO-DGT,4
CRK-ENI,4
CRK-DVO,4
CRK-CEB,4
CRK-BSO,4
CRK-SJI,4
CRK-PPS,4
DVO-CBO,4
DVO-BCD,4
CRK-IAO,4
CRK-ENI,4
CRK-DVO,4
CRK-CEB,4
CRK-BSO,4
BXU-CEB,4
GES-ILO,4
TAC-ILO,4
TAC-DVO,4
GES-ILO,4
DVO-IAO,4
DVO-DGT,4
ZAM-CEB,4
CRK-SJI,4
CRK-PPS,4
CRK-MPH,4
CRK-MBT,4
CRK-KLO,4
CRK-ILO,4
DVO-ZAM,4
DVO-TAG,4
CRK-BSO,4
DVO-CRK,4
DVO-CGY,4
DVO-CEB,4
CRK-USU,4
CRK-TBH,4
CRK-TAG,4
PPS-CRK,4
PPS-CEB,4
CRK-MPH,4
CRK-MBT,4
CRK-KLO,4
CRK-ILO,4
CRK-IAO,4
CRK-ENI,4
CRK-DVO,4
CRK-CEB,4
BCD-DVO,4
BCD-CEB,4
ZAM-TWT,4
ZAM-ILO,4
ZAM-GES,4
ZAM-DVO,4
GES-ILO,4
DVO-ZAM,4
BXU-CEB,4
BCD-DVO,4
BCD-CEB,4
ZAM-TWT,4
ZAM-ILO,4
ZAM-GES,4
ZAM-DVO,4
ZAM-CEB,4
TAC-ILO,4
TAC-DVO,4
TAC-CEB,4
PPS-ILO,4
PPS-ENI,4
PPS-DVO,4
DVO-DGT,4
DVO-CRK,4
DVO-CGY,4
DVO-CEB,4
DVO-DGT,4
DVO-CRK,4
DVO-CGY,4
DVO-CEB,4
DVO-CBO,4
DVO-BCD,4
DVO-CEB,4
DVO-CBO,4
DVO-BCD,4
PPS-CEB,4
CRK-USU,4
CRK-TBH,4
BXU-CEB,4
BCD-DVO,4
TAC-ILO,4
TAC-DVO,4
DVO-TAG,4
DVO-PPS,4
DVO-MPH,4
DVO-ILO,4
DVO-IAO,4
DVO-DGT,4
DVO-CRK,4
DVO-CGY,4
DVO-PPS,4
DVO-MPH,4
DVO-ILO,4
DVO-IAO,4
TAC-DVO,4
TAC-CEB,4
PPS-ILO,4
PPS-ENI,4
CRK-TAG,4
CRK-SJI,4
CRK-PPS,4
CRK-MPH,4
CRK-MBT,4
CRK-KLO,4
CRK-ILO,4
CRK-IAO,4
CRK-ENI,4
CRK-DVO,4
CRK-CEB,4
CRK-BSO,4
ZAM-ILO,4
ZAM-GES,4
ZAM-DVO,4
ZAM-CEB,4
TAC-CEB,4
PPS-ILO,4
PPS-ENI,4
PPS-DVO,4
PPS-CRK,4
BCD-CEB,4
ZAM-TWT,4
ZAM-ILO,4
ZAM-GES,4
ZAM-DVO,4
ZAM-CEB,4
TAC-ILO,4
CRK-MBT,4
CRK-KLO,4
GES-ILO,4
DVO-ZAM,4
DVO-TAG,4
DVO-PPS,4
DVO-MPH,4
DVO-ILO,4
DVO-IAO,4
PPS-DVO,4
PPS-CRK,4
PPS-CEB,4
BXU-CEB,4
BCD-DVO,4
BCD-CEB,4
ZAM-TWT,4
CRK-TBH,4
CRK-TAG,4
DVO-TAG,4
DVO-PPS,4
DVO-MPH,4
CRK-SJI,4
CRK-PPS,4
CRK-MPH,4
CRK-MBT,4
CRK-KLO,4
CRK-USU,4
CRK-TBH,4
CRK-TAG,4
CRK-SJI,4
CRK-PPS,4
CRK-MPH,4
CRK-ENI,4
CRK-DVO,4
CRK-CEB,4
CRK-BSO,4
BXU-CEB,4
BCD-DVO,4
DVO-DGT,4
DVO-CRK,4
DVO-CGY,4
DVO-CEB,4
DVO-CBO,4
DVO-BCD,4
CRK-USU,4
CRK-TBH,4
CRK-TAG,4
CRK-USU,4
PPS-ENI,4
PPS-DVO,4
PPS-CRK,4
PPS-CEB,4
CRK-USU,4
CRK-TBH,4
CRK-ILO,4
CRK-IAO,4
CRK-ENI,4
CRK-DVO,4
CRK-CEB,4
CRK-BSO,4
CRK-MBT,4
CRK-KLO,4
CRK-ILO,4
CRK-IAO,4
DVO-DGT,4
DVO-CRK,4
DVO-CGY,4
DVO-CEB,4
DVO-CBO,4
DVO-BCD,4
BCD-CEB,4
ZAM-TWT,4
ZAM-ILO,4
ZAM-GES,4
ZAM-DVO,4
ZAM-CEB,4
TAC-ILO,4
TAC-DVO,4
TAC-CEB,4
PPS-ILO,4
CRK-ENI,4
CRK-DVO,4
CRK-CEB,4
CRK-BSO,4
DVO-ILO,4
DVO-IAO,4
GES-ILO,4
GES-ILO,4
CRK-TAG,4
CRK-SJI,4
CRK-PPS,4
CRK-MPH,4
DVO-PPS,4
DVO-MPH,4
DVO-ILO,4
DVO-IAO,4
CRK-USU,4
CRK-TBH,4
DVO-ZAM,4
DVO-TAG,4
GES-ILO,4
DVO-ZAM,4
BCD-CEB,4
ZAM-TWT,4
ZAM-ILO,4
ZAM-GES,4
ZAM-ILO,4
ZAM-GES,4
ZAM-DVO,4
ZAM-CEB,4
CRK-ILO,4
CRK-IAO,4
PPS-ENI,4
PPS-DVO,4
PPS-CRK,4
PPS-CEB,4
CRK-PPS,4
CRK-MPH,4
CRK-MBT,4
CRK-KLO,4
CRK-ILO,4
CRK-IAO,4
CRK-ENI,4
CRK-DVO,4
DVO-CGY,4
DVO-CEB,4
DVO-CBO,4
DVO-BCD,4
BXU-CEB,4
BCD-DVO,4
BCD-CEB,4
ZAM-TWT,4
DVO-ZAM,4
DVO-TAG,4
DVO-PPS,4
DVO-MPH,4
DVO-ILO,4
DVO-IAO,4
DVO-DGT,4
DVO-CRK,4
TAC-ILO,4
TAC-DVO,4
TAC-CEB,4
PPS-ILO,4
PPS-ENI,4
PPS-DVO,4
PPS-CRK,4
PPS-CEB,4
CRK-TAG,4
CRK-SJI,4
CRK-PPS,4
CRK-MPH,4
CRK-MBT,4
CRK-KLO,4
CRK-ILO,4
CRK-IAO,4
CRK-ENI,4
CRK-DVO,4
CRK-CEB,4
CRK-BSO,4
TAC-ILO,4
TAC-DVO,4
GES-ILO,4
DVO-ZAM,4
DVO-TAG,4
DVO-PPS,4
DVO-MPH,4
PPS-ILO,4
ZAM-ILO,4
ZAM-GES,4
ZAM-DVO,4
ZAM-CEB,4
TAC-ILO,4
TAC-DVO,4
TAC-CEB,4
PPS-ILO,4
BCD-CEB,4
ZAM-TWT,4
BXU-CEB,4
BCD-DVO,4
DVO-ILO,4
DVO-IAO,4
DVO-DGT,4
DVO-CRK,4
DVO-CGY,4
DVO-CEB,4
DVO-CBO,4
DVO-BCD,4
DVO-CGY,4
DVO-CEB,4
DVO-CBO,4
DVO-BCD,4
CRK-DVO,4
CRK-CEB,4
CRK-BSO,4
BCD-CEB,4
PPS-ENI,4
PPS-DVO,4
PPS-CRK,4
PPS-CEB,4
DVO-ILO,4
DVO-IAO,4
DVO-DGT,4
DVO-CRK,4
CRK-CEB,4
CRK-BSO,4
BXU-CEB,4
BCD-DVO,4
ZAM-CEB,4
TAC-ILO,4
BXU-CEB,4
BCD-DVO,4
TAC-CEB,4
CRK-USU,4
CRK-TBH,4
CRK-TAG,4
CRK-SJI,4
CRK-PPS,4
CRK-MPH,4
CRK-MBT,4
CRK-KLO,4
CRK-ILO,4
CRK-IAO,4
CRK-ENI,4
PPS-ENI,4
PPS-DVO,4
PPS-CRK,4
PPS-CEB,4
ZAM-TWT,4
ZAM-ILO,4
ZAM-GES,4
ZAM-DVO,4
ZAM-CEB,4
BXU-CEB,4
BCD-DVO,4
BCD-CEB,4
ZAM-TWT,4
ZAM-ILO,4
ZAM-GES,4
ZAM-DVO,4
CRK-KLO,4
CRK-ILO,4
GES-ILO,4
DVO-ZAM,4
DVO-TAG,4
DVO-PPS,4
DVO-MPH,4
DVO-ILO,4
DVO-IAO,4
DVO-DGT,4
DVO-CRK,4
DVO-CGY,4
DVO-CEB,4
TAC-DVO,4
TAC-CEB,4
PPS-ILO,4
CRK-TBH,4
CRK-USU,4
CRK-USU,4
ZAM-DVO,4
ZAM-CEB,4
CRK-TBH,4
CRK-TAG,4
CRK-SJI,4
PPS-CRK,4
PPS-CEB,4
CRK-TBH,4
CRK-TAG,4
CRK-SJI,4
CRK-PPS,4
CRK-MPH,4
CRK-MBT,4
CRK-DVO,4
CRK-CEB,4
DVO-CGY,4
DVO-CEB,4
DVO-CBO,4
DVO-BCD,4
CRK-TAG,4
CRK-SJI,4
CRK-PPS,4
CRK-MPH,4
CRK-MBT,4
CRK-KLO,4
DVO-CBO,4
DVO-BCD,4
CRK-BSO,4
CRK-USU,4
CRK-ENI,4
CRK-DVO,4
CRK-CEB,4
CRK-BSO,4
BXU-CEB,4
BCD-DVO,4
BCD-CEB,4
ZAM-TWT,4
ZAM-ILO,4
DVO-ZAM,4
DVO-TAG,4
DVO-PPS,4
DVO-MPH,4
DVO-ILO,4
CRK-IAO,4
CRK-ENI,4
GES-ILO,4
TAC-ILO,4
TAC-DVO,4
TAC-CEB,4
DVO-ZAM,4
DVO-TAG,4
DVO-PPS,4
DVO-MPH,4
PPS-ILO,4
PPS-ENI,4
PPS-DVO,4
PPS-CRK,4
PPS-CEB,4
TAC-CEB,4
CRK-ILO,4
CRK-IAO,4
DVO-PPS,4
DVO-MPH,4
GES-ILO,4
PPS-ILO,4
PPS-ENI,4
PPS-DVO,4
PPS-CRK,4
PPS-CEB,4
DVO-IAO,4
DVO-DGT,4
DVO-CRK,4
ZAM-GES,4
ZAM-DVO,4
ZAM-CEB,4
TAC-ILO,4
TAC-DVO,4
CRK-PPS,4
CRK-MPH,4
PPS-ILO,4
PPS-ENI,4
PPS-DVO,4
CRK-IAO,4
CRK-ENI,4
CRK-DVO,4
CRK-CEB,4
CRK-BSO,4
BXU-CEB,4
BCD-DVO,4
BCD-CEB,4
GES-ILO,4
DVO-ZAM,4
DVO-TAG,4
ZAM-GES,4
ZAM-DVO,4
ZAM-CEB,4
TAC-ILO,4
TAC-DVO,4
TAC-CEB,4
DVO-CRK,4
DVO-CGY,4
DVO-CEB,4
DVO-CBO,4
DVO-BCD,4
CRK-USU,4
CRK-USU,4
CRK-TBH,4
CRK-TAG,4
CRK-SJI,4
BCD-CEB,4
ZAM-TWT,4
ZAM-ILO,4
ZAM-GES,4
ZAM-DVO,4
ZAM-CEB,4
DVO-ILO,4
DVO-IAO,4
DVO-DGT,4
DVO-CRK,4
DVO-CGY,4
DVO-CEB,4
DVO-CBO,4
DVO-BCD,4
ZAM-TWT,4
ZAM-ILO,4
PPS-CEB,4
TAC-ILO,4
TAC-DVO,4
TAC-CEB,4
PPS-ILO,4
PPS-ENI,4
CRK-MBT,4
CRK-KLO,4
CRK-ILO,4
CRK-IAO,4
CRK-ENI,4
CRK-DVO,4
CRK-CEB,4
CRK-BSO,4
BXU-CEB,4
BCD-DVO,4
BXU-CEB,4
BCD-DVO,4
BCD-CEB,4
ZAM-TWT,4
GES-ILO,4
DVO-ZAM,4
PPS-DVO,4
PPS-CRK,4
PPS-CEB,4
TAC-ILO,4
TAC-DVO,4
TAC-CEB,4
PPS-ILO,4
PPS-ENI,4
PPS-DVO,4
PPS-CRK,4
DVO-CGY,4
CRK-TBH,4
CRK-TAG,4
CRK-SJI,4
CRK-PPS,4
CRK-MPH,4
CRK-MBT,4
CRK-KLO,4
CRK-ILO,4
GES-ILO,4
DVO-ZAM,4
DVO-TAG,4
DVO-PPS,4
DVO-CEB,4
DVO-CBO,4
DVO-BCD,4
CRK-TAG,4
CRK-SJI,4
CRK-PPS,4
CRK-MPH,4
CRK-MBT,4
CRK-KLO,4
CRK-ILO,4
CRK-IAO,4
CRK-ENI,4
DVO-TAG,4
DVO-PPS,4
DVO-MPH,4
DVO-ILO,4
DVO-IAO,4
DVO-DGT,4
DVO-CRK,4
ZAM-TWT,4
ZAM-ILO,4
ZAM-GES,4
ZAM-DVO,4
ZAM-CEB,4
TAC-ILO,4
TAC-DVO,4
TAC-CEB,4
PPS-ILO,4
PPS-ENI,4
ZAM-ILO,4
ZAM-GES,4
ZAM-DVO,4
ZAM-CEB,4
CRK-USU,4
CRK-TBH,4
PPS-CRK,4
PPS-CEB,4
CRK-MPH,4
CRK-MBT,4
CRK-KLO,4
CRK-ILO,4
CRK-IAO,4
CRK-ENI,4
CRK-DVO,4
CRK-CEB,4
CRK-DVO,4
CRK-CEB,4
CRK-BSO,4
BXU-CEB,4
BCD-DVO,4
BCD-CEB,4
DVO-IAO,4
DVO-DGT,4
DVO-CRK,4
DVO-CGY,4
CRK-BSO,4
DVO-MPH,4
DVO-ILO,4
DVO-IAO,4
DVO-DGT,4
GES-ILO,4
CRK-USU,4
CRK-TBH,4
CRK-TAG,4
CRK-SJI,4
CRK-PPS,4
PPS-DVO,4
DVO-PPS,4
DVO-MPH,4
DVO-ILO,4
DVO-IAO,4
DVO-DGT,4
DVO-ZAM,4
DVO-CEB,4
DVO-CBO,4
DVO-BCD,4
GES-ILO,4
DVO-ZAM,4
DVO-TAG,4
DVO-TAG,4
DVO-PPS,4
DVO-MPH,4
DVO-ILO,4
DVO-MPH,4
DVO-ILO,4
DVO-IAO,4
CRK-MBT,4
CRK-KLO,4
CRK-ILO,4
CRK-IAO,4
CRK-ENI,4
TAC-ILO,4
TAC-DVO,4
TAC-CEB,4
DVO-CBO,4
DVO-BCD,4
GES-ILO,4
DVO-ZAM,4
DVO-TAG,4
ZAM-TWT,4
ZAM-ILO,4
ZAM-GES,4
ZAM-DVO,4
CRK-USU,4
CRK-TBH,4
CRK-TAG,4
CRK-SJI,4
CRK-PPS,4
DVO-CEB,4
DVO-CBO,4
DVO-BCD,4
DVO-CRK,4
DVO-CGY,4
DVO-CEB,4
DVO-PPS,4
PPS-CEB,4
DVO-DGT,4
DVO-CRK,4
DVO-CGY,4
BCD-DVO,4
BCD-CEB,4
CRK-DVO,4
CRK-CEB,4
CRK-BSO,4
ZAM-TWT,4
ZAM-ILO,4
ZAM-GES,4
CRK-BSO,4
BXU-CEB,4
BCD-DVO,4
BCD-CEB,4
PPS-ENI,4
PPS-DVO,4
PPS-CRK,4
PPS-CEB,4
CRK-MPH,4
CRK-MBT,4
CRK-KLO,4
CRK-ILO,4
CRK-IAO,4
CRK-ENI,4
CRK-DVO,4
CRK-CEB,4
PPS-ILO,4
PPS-ENI,4
PPS-DVO,4
PPS-CRK,4
PPS-DVO,4
PPS-CRK,4
GES-ILO,4
DVO-ZAM,4
DVO-TAG,4
DVO-PPS,4
DVO-MPH,4
DVO-ILO,4
DVO-IAO,4
DVO-DGT,4
DVO-CRK,4
ZAM-CEB,4
TAC-ILO,4
TAC-DVO,4
TAC-CEB,4
PPS-ILO,4
CRK-SJI,4
CRK-PPS,4
CRK-MPH,4
CRK-USU,4
CRK-TBH,4
CRK-TAG,4
CRK-SJI,4
CRK-PPS,4
CRK-MPH,4
CRK-MBT,4
CRK-TAG,4
CRK-SJI,4
CRK-PPS,4
CRK-MPH,4
PPS-ILO,4
PPS-ENI,4
BCD-CEB,4
ZAM-TWT,4
ZAM-ILO,4
ZAM-GES,4
ZAM-DVO,4
DVO-CGY,4
DVO-CEB,4
DVO-CBO,4
DVO-BCD,4
CRK-USU,4
CRK-TBH,4
ZAM-DVO,4
ZAM-CEB,4
CRK-USU,4
CRK-TBH,4
CRK-TAG,4
PPS-CEB,4
BCD-DVO,4
BCD-CEB,4
ZAM-TWT,4
ZAM-ILO,4
PPS-CEB,4
CRK-MBT,4
CRK-KLO,4
CRK-ILO,4
CRK-IAO,4
CRK-ENI,4
CRK-DVO,4
CRK-CEB,4
CRK-BSO,4
BXU-CEB,4
BCD-DVO,4
DVO-CBO,4
DVO-BCD,4
ZAM-GES,4
ZAM-DVO,4
ZAM-CEB,4
ZAM-CEB,4
TAC-ILO,4
TAC-DVO,4
TAC-CEB,4
TAC-ILO,4
TAC-DVO,4
TAC-CEB,4
PPS-ILO,4
PPS-ENI,4
PPS-DVO,4
PPS-CRK,4
CRK-DVO,4
CRK-CEB,4
CRK-BSO,4
BXU-CEB,4
GES-ILO,4
BXU-CEB,4
DVO-ZAM,4
DVO-TAG,4
DVO-PPS,4
DVO-MPH,4
DVO-ILO,4
DVO-IAO,4
DVO-DGT,4
DVO-CRK,4
DVO-CGY,4
DVO-CEB,4
DVO-TAG,4
DVO-PPS,4
GES-ILO,4
DVO-ZAM,4
DVO-TAG,4
DVO-PPS,4
DVO-MPH,4
DVO-ILO,4
DVO-IAO,4
DVO-BCD,4
BCD-DVO,4
BCD-CEB,4
ZAM-TWT,4
ZAM-ILO,4
ZAM-GES,4
ZAM-DVO,4
TAC-DVO,4
TAC-CEB,4
CRK-BSO,4
ZAM-TWT,4
BCD-CEB,4
ZAM-ILO,4
CRK-ENI,4
ILO-KLO,5
ILO-GES,5
ILO-DVO,5
ILO-DRP,5
ILO-DGT,5
ILO-CRK,5
ILO-CGY,5
ILO-CEB,5
ILO-ZAM,5
ILO-TAG,5
ILO-TAC,5
ILO-PPS,5
ILO-MPH,5
ILO-BCD,5
DRP-ILO,5
ILO-ZAM,5
ILO-TAG,5
ILO-TAC,5
ILO-PPS,5
ILO-MPH,5
ILO-KLO,5
ILO-GES,5
ILO-DVO,5
ILO-DRP,5
ILO-DGT,5
ILO-CRK,5
ILO-CGY,5
ILO-CEB,5
DRP-ILO,5
DRP-CEB,5
DRP-CEB,5
ILO-DVO,5
ILO-DRP,5
ILO-DGT,5
ILO-CRK,5
ILO-CGY,5
ILO-CEB,5
ILO-BCD,5
ILO-ZAM,5
ILO-TAG,5
ILO-TAC,5
ILO-PPS,5
ILO-MPH,5
ILO-KLO,5
ILO-GES,5
ILO-TAG,5
ILO-TAC,5
ILO-PPS,5
ILO-MPH,5
ILO-KLO,5
ILO-GES,5
ILO-DVO,5
ILO-DRP,5
ILO-DGT,5
ILO-CRK,5
ILO-CGY,5
DRP-ILO,5
DRP-CEB,5
ILO-ZAM,5
ILO-TAG,5
ILO-TAC,5
ILO-PPS,5
DRP-ILO,5
DRP-CEB,5
ILO-CEB,5
ILO-BCD,5
ILO-ZAM,5
ILO-CEB,5
ILO-BCD,5
ILO-MPH,5
ILO-KLO,5
ILO-GES,5
ILO-DVO,5
ILO-DRP,5
ILO-DGT,5
DRP-ILO,5
DRP-CEB,5
ILO-KLO,5
ILO-GES,5
ILO-DVO,5
ILO-DRP,5
ILO-DGT,5
ILO-CRK,5
ILO-CGY,5
ILO-ZAM,5
ILO-TAG,5
ILO-TAC,5
ILO-PPS,5
ILO-MPH,5
ILO-KLO,5
ILO-GES,5
ILO-DVO,5
ILO-DRP,5
ILO-DGT,5
ILO-CRK,5
ILO-CGY,5
ILO-CEB,5
ILO-BCD,5
ILO-ZAM,5
ILO-TAG,5
ILO-TAC,5
ILO-PPS,5
ILO-MPH,5
DRP-CEB,5
ILO-CRK,5
ILO-CGY,5
ILO-CEB,5
ILO-BCD,5
DRP-ILO,5
ILO-ZAM,5
ILO-TAG,5
ILO-TAC,5
ILO-PPS,5
ILO-MPH,5
ILO-KLO,5
ILO-GES,5
ILO-DVO,5
ILO-DRP,5
ILO-DGT,5
ILO-CRK,5
ILO-CGY,5
ILO-CEB,5
ILO-BCD,5
DRP-ILO,5
DRP-CEB,5
DRP-ILO,5
DRP-CEB,5
ILO-PPS,5
ILO-MPH,5
ILO-KLO,5
ILO-GES,5
ILO-DVO,5
ILO-DRP,5
ILO-DGT,5
ILO-CRK,5
ILO-PPS,5
ILO-MPH,5
ILO-KLO,5
ILO-GES,5
ILO-DVO,5
ILO-CGY,5
ILO-CEB,5
ILO-BCD,5
ILO-CEB,5
ILO-BCD,5
ILO-ZAM,5
ILO-TAG,5
ILO-TAC,5
ILO-ZAM,5
ILO-TAG,5
ILO-TAC,5
ILO-PPS,5
ILO-MPH,5
ILO-ZAM,5
ILO-TAG,5
ILO-TAC,5
ILO-KLO,5
ILO-GES,5
ILO-DVO,5
ILO-DRP,5
ILO-DGT,5
ILO-CRK,5
ILO-CGY,5
DRP-ILO,5
DRP-CEB,5
DRP-ILO,5
DRP-CEB,5
DRP-ILO,5
DRP-CEB,5
ILO-DRP,5
ILO-DGT,5
ILO-CRK,5
ILO-CGY,5
ILO-CEB,5
ILO-BCD,5
ILO-DGT,5
ILO-CRK,5
ILO-CGY,5
ILO-CEB,5
ILO-BCD,5
ILO-ZAM,5
ILO-TAG,5
ILO-TAC,5
ILO-PPS,5
ILO-MPH,5
ILO-KLO,5
ILO-GES,5
ILO-DVO,5
ILO-DRP,5
DRP-ILO,5
DRP-CEB,5
ILO-MPH,5
ILO-KLO,5
ILO-GES,5
ILO-DVO,5
ILO-DRP,5
ILO-DGT,5
ILO-CRK,5
ILO-CGY,5
ILO-CEB,5
ILO-BCD,5
ILO-ZAM,5
ILO-TAG,5
ILO-TAC,5
ILO-PPS,5
DRP-ILO,5
DRP-CEB,5
ILO-ZAM,5
ILO-TAG,5
ILO-TAC,5
ILO-PPS,5
ILO-MPH,5
ILO-KLO,5
ILO-DRP,5
ILO-DGT,5
ILO-CRK,5
ILO-CGY,5
ILO-CEB,5
ILO-BCD,5
ILO-ZAM,5
ILO-TAG,5
ILO-TAC,5
ILO-PPS,5
ILO-MPH,5
ILO-KLO,5
ILO-GES,5
ILO-DVO,5
ILO-GES,5
ILO-DVO,5
ILO-DRP,5
ILO-DGT,5
ILO-CRK,5
ILO-CGY,5
ILO-CEB,5
ILO-BCD,5
ILO-ZAM,5
ILO-TAG,5
ILO-TAC,5
ILO-PPS,5
ILO-MPH,5
ILO-KLO,5
ILO-GES,5
ILO-DVO,5
ILO-DRP,5
ILO-DGT,5
ILO-CRK,5
ILO-CGY,5
ILO-CEB,5
ILO-BCD,5
DRP-ILO,5
DRP-CEB,5
DRP-ILO,5
DRP-CEB,5
DRP-ILO,5
DRP-CEB,5
ILO-KLO,5
ILO-GES,5
ILO-DVO,5
ILO-DRP,5
ILO-DGT,5
ILO-CRK,5
ILO-CGY,5
ILO-CEB,5
ILO-BCD,5
ILO-ZAM,5
ILO-TAG,5
ILO-TAC,5
ILO-PPS,5
ILO-MPH,5
DRP-ILO,5
DRP-CEB,5
DRP-ILO,5
DRP-CEB,5
ILO-ZAM,5
ILO-TAG,5
ILO-TAC,5
ILO-PPS,5
ILO-MPH,5
ILO-KLO,5
ILO-GES,5
ILO-DVO,5
ILO-DRP,5
ILO-DGT,5
ILO-CRK,5
ILO-CGY,5
ILO-CEB,5
ILO-BCD,5
ILO-CRK,5
ILO-ZAM,5
ILO-TAG,5
ILO-TAC,5
ILO-PPS,5
ILO-MPH,5
ILO-KLO,5
ILO-GES,5
ILO-TAC,5
ILO-PPS,5
ILO-MPH,5
ILO-KLO,5
ILO-GES,5
ILO-DVO,5
ILO-DRP,5
ILO-DGT,5
ILO-TAC,5
ILO-PPS,5
ILO-MPH,5
ILO-KLO,5
ILO-GES,5
ILO-DVO,5
ILO-DRP,5
ILO-DGT,5
ILO-CGY,5
ILO-CEB,5
ILO-BCD,5
ILO-ZAM,5
ILO-TAG,5
ILO-DVO,5
ILO-DRP,5
ILO-DGT,5
ILO-CRK,5
ILO-CGY,5
ILO-CEB,5
ILO-BCD,5
DRP-ILO,5
DRP-CEB,5
ILO-CEB,5
ILO-BCD,5
ILO-ZAM,5
ILO-TAG,5
DRP-ILO,5
DRP-CEB,5
ILO-GES,5
ILO-DVO,5
ILO-DRP,5
ILO-DGT,5
ILO-CRK,5
ILO-CGY,5
ILO-ZAM,5
ILO-TAG,5
ILO-TAC,5
ILO-PPS,5
ILO-MPH,5
ILO-KLO,5
DRP-ILO,5
DRP-CEB,5
ILO-CEB,5
ILO-BCD,5
ILO-CRK,5
ILO-CGY,5
ILO-CEB,5
ILO-BCD,5
ILO-ZAM,5
ILO-TAG,5
ILO-TAC,5
ILO-PPS,5
ILO-MPH,5
ILO-KLO,5
ILO-GES,5
ILO-DVO,5
ILO-DRP,5
ILO-DGT,5
ILO-CRK,5
ILO-CGY,5
DRP-CEB,5
ILO-BCD,5
ILO-ZAM,5
DRP-ILO,5
DRP-CEB,5
DRP-ILO,5
ILO-CGY,5
ILO-CEB,5
ILO-BCD,5
ILO-ZAM,5
ILO-TAG,5
ILO-TAC,5
ILO-PPS,5
ILO-MPH,5
ILO-TAG,5
ILO-TAC,5
ILO-PPS,5
ILO-MPH,5
ILO-KLO,5
ILO-GES,5
ILO-KLO,5
ILO-GES,5
ILO-DVO,5
ILO-DRP,5
ILO-DGT,5
ILO-CRK,5
ILO-CGY,5
ILO-CEB,5
ILO-TAG,5
ILO-TAC,5
ILO-ZAM,5
ILO-PPS,5
ILO-MPH,5
ILO-KLO,5
ILO-GES,5
ILO-DVO,5
ILO-DRP,5
ILO-DGT,5
ILO-CRK,5
DRP-ILO,5
DRP-CEB,5
DRP-ILO,5
DRP-CEB,5
ILO-DVO,5
ILO-DRP,5
ILO-DGT,5
ILO-CRK,5
ILO-CGY,5
ILO-CEB,5
ILO-BCD,5
DRP-ILO,5
DRP-CEB,5
ILO-TAC,5
ILO-PPS,5
ILO-MPH,5
ILO-KLO,5
ILO-GES,5
ILO-DVO,5
ILO-DRP,5
ILO-DGT,5
ILO-CRK,5
ILO-CGY,5
ILO-CEB,5
ILO-BCD,5
ILO-ZAM,5
ILO-TAG,5
DRP-ILO,5
DRP-CEB,5
ILO-BCD,5
ILO-ZAM,5
ILO-TAG,5
ILO-TAC,5
ILO-PPS,5
ILO-MPH,5
ILO-KLO,5
ILO-GES,5
ILO-DVO,5
ILO-DRP,5
ILO-DGT,5
ILO-CRK,5
ILO-CGY,5
ILO-CEB,5
ILO-MPH,5
ILO-KLO,5
ILO-GES,5
ILO-DVO,5
ILO-DRP,5
ILO-ZAM,5
ILO-TAG,5
ILO-TAC,5
ILO-PPS,5
ILO-MPH,5
ILO-KLO,5
DRP-ILO,5
DRP-CEB,5
ILO-ZAM,5
ILO-TAG,5
ILO-TAC,5
ILO-PPS,5
ILO-DVO,5
ILO-DRP,5
ILO-DGT,5
ILO-CRK,5
ILO-CGY,5
ILO-CEB,5
ILO-BCD,5
ILO-DGT,5
ILO-CRK,5
ILO-CGY,5
ILO-CEB,5
ILO-BCD,5
ILO-ZAM,5
ILO-TAG,5
ILO-TAC,5
ILO-PPS,5
ILO-MPH,5
ILO-KLO,5
ILO-GES,5
DRP-ILO,5
DRP-CEB,5
ILO-GES,5
ILO-DVO,5
ILO-DRP,5
ILO-DGT,5
ILO-CRK,5
ILO-CGY,5
ILO-CEB,5
ILO-BCD,5
DRP-ILO,5
DRP-CEB,5
ILO-GES,5
ILO-DVO,5
ILO-DRP,5
ILO-DGT,5
ILO-CRK,5
ILO-CGY,5
ILO-CEB,5
ILO-BCD,5
ILO-MPH,5
ILO-MNL,5
ILO-KLO,5
ILO-GES,5
ILO-DVO,5
ILO-DRP,5
ILO-DGT,5
ILO-CRK,5
DRP-ILO,5
DRP-CEB,5
ILO-ZAM,5
ILO-TAG,5
ILO-TAC,5
ILO-PPS,5
ILO-MPH,5
ILO-KLO,5
DRP-ILO,5
DRP-CEB,5
ILO-DGT,5
ILO-CRK,5
ILO-CGY,5
ILO-CEB,5
ILO-BCD,5
DRP-ILO,5
DRP-CEB,5
ILO-TAC,5
ILO-PPS,5
ILO-TAG,5
ILO-TAC,5
ILO-ZAM,5
ILO-CGY,5
ILO-CEB,5
ILO-BCD,5
ILO-TAG,5
ILO-TAC,5
ILO-PPS,5
ILO-MPH,5
ILO-KLO,5
ILO-GES,5
ILO-DVO,5
ILO-DRP,5
ILO-DGT,5
ILO-CRK,5
ILO-CGY,5
ILO-CEB,5
ILO-BCD,5
ILO-ZAM,5
ILO-KLO,5
ILO-GES,5
ILO-DVO,5
ILO-DRP,5
ILO-DGT,5
ILO-CRK,5
ILO-CGY,5
ILO-CEB,5
ILO-ZAM,5
ILO-TAG,5
ILO-PPS,5
ILO-MPH,5
ILO-KLO,5
ILO-GES,5
ILO-DVO,5
ILO-DRP,5
DRP-ILO,5
DRP-CEB,5
DRP-ILO,5
DRP-CEB,5
DRP-ILO,5
DRP-CEB,5
ILO-ZAM,5
ILO-TAG,5
ILO-TAC,5
ILO-PPS,5
ILO-MPH,5
ILO-ZAM,5
ILO-TAG,5
ILO-TAC,5
ILO-PPS,5
ILO-MPH,5
ILO-KLO,5
ILO-GES,5
ILO-DVO,5
ILO-DRP,5
ILO-DGT,5
ILO-CRK,5
ILO-CGY,5
ILO-CEB,5
ILO-BCD,5
DRP-CEB,5
ILO-BCD,5
ILO-BCD,5
DRP-ILO,5
