Route,History_Months,Total_Avg_Historical,CebuPac_Avg_Historical,Market_Share_Pct,Total_Model,Total_AIC,CebuPac_Model,CebuPac_AIC,Total_Forecast_Avg,CebuPac_Forecast_Avg
Angeles City (CRK)-Caticlan (MPH),32,7157.1406875,7106.4594375,99.29187852785239,"SARIMA(0, 0, 1)(0, 0, 0, 12)",594.0901466191935,"SARIMA(0, 0, 1)(0, 0, 0, 12)",594.3691246077633,6822.4315747393985,6773.712191326333
Angeles City (CRK)-Cebu (CEB),39,5885.590153846153,5327.730564102565,90.52160318402336,"SARIMA(1, 0, 0)(0, 0, 0, 12)",733.0492778313422,"SARIMA(1, 0, 0)(0, 0, 0, 12)",733.5651643400823,5039.412602574194,4736.422388219861
Angeles City (CRK)-Manila (MNL),21,224.04476190476188,108.05180952380951,48.227777612466895,"SARIMA(0, 0, 0)(0, 1, 0, 12)",125.88250678574514,"SARIMA(0, 0, 0)(1, 0, 0, 12)",246.20241332860607,399.2822222222222,90.76188750065053
Bacolod City (BCD)-Cebu (CEB),39,4683.402871794872,503.1585641025641,10.743439714160937,"SARIMA(0, 1, 0)(0, 0, 0, 12)",649.8106522454159,"SARIMA(1, 0, 0)(0, 1, 0, 12)",432.90501243332244,2029.8159999999998,698.240982157722
Bacolod City (BCD)-Davao City (DVO),36,2969.619111111111,2969.619111111111,100.0,"SARIMA(0, 1, 0)(0, 1, 1, 12)",378.07074052447933,"SARIMA(0, 1, 0)(0, 1, 1, 12)",378.07074052447933,2699.8047104829147,2699.8047104829147
Bacolod City (BCD)-Manila (MNL),39,64776.600820512824,30058.5701025641,46.403438466696215,"SARIMA(1, 0, 0)(2, 1, 0, 12)",583.0067715411767,"SARIMA(2, 0, 1)(0, 0, 2, 12)",775.2734555682116,9614.29279548185,4446.906517085684
Busuanga (USU)-Cebu (CEB),39,5201.817025641024,11.049230769230768,0.21241098475333556,"SARIMA(1, 0, 0)(0, 1, 0, 12)",462.6941229881693,"SARIMA(0, 0, 0)(0, 1, 0, 12)",267.0841029287402,5074.33665301482,51.870000000000005
Busuanga (USU)-Manila (MNL),37,6962.644324324325,8.260540540540541,0.11864085189131308,"SARIMA(1, 0, 0)(1, 1, 0, 12)",419.33774689612403,"SARIMA(1, 1, 0)(0, 0, 0, 12)",332.0599289922032,8811.546885628783,27.103024155588233
Butuan (BXU)-Manila (MNL),39,24975.3977948718,17504.265435897436,70.08603258159752,"SARIMA(3, 0, 1)(0, 0, 0, 12)",778.1433146371173,"SARIMA(1, 0, 1)(0, 0, 0, 12)",754.8316976982857,14946.326164693703,10830.397204045894
Cagayan de Oro (CGY)-Cebu (CEB),39,9135.579128205129,555.7738461538461,6.083619203055814,"SARIMA(2, 0, 0)(0, 0, 0, 12)",695.0121358288885,"SARIMA(1, 0, 0)(1, 1, 0, 12)",460.3803794441176,8738.207882722441,592.040559959562
Cagayan de Oro (CGY)-Davao City (DVO),36,954.11,4.588,0.4808669859869407,"SARIMA(0, 1, 0)(0, 1, 0, 12)",328.22969800495264,"SARIMA(0, 0, 0)(0, 0, 0, 12)",342.85823852238934,554.5260000000001,0.0
Cagayan de Oro (CGY)-Manila (MNL),39,55356.05317948718,26421.820410256416,47.730679650490906,"SARIMA(1, 1, 0)(0, 1, 0, 12)",554.2681066875679,"SARIMA(2, 0, 0)(0, 0, 0, 12)",778.4661335097993,-2548.137919863195,23679.01074249677
Caticlan (MPH)-Angeles City (CRK),32,7905.7674375,7741.8489375,97.9265959782415,"SARIMA(1, 0, 0)(0, 0, 0, 12)",603.6573555723517,"SARIMA(1, 0, 0)(0, 0, 0, 12)",601.941037625231,6491.037791480258,6003.788048435722
Caticlan (MPH)-Cebu (CEB),39,12161.422769230769,7664.835846153846,63.025815248742155,"SARIMA(1, 0, 1)(0, 0, 0, 12)",737.1998225119728,"SARIMA(0, 1, 0)(0, 0, 0, 12)",683.2703912342889,9895.140459646604,2825.712
Caticlan (MPH)-Manila (MNL),39,89394.1447179487,33526.06599999999,37.503648707395236,"SARIMA(3, 0, 0)(1, 0, 0, 12)",857.8825170442365,"SARIMA(3, 0, 1)(0, 0, 0, 12)",801.2500444470268,86437.23237695392,33258.763205580224
Caticlan (MPH)-nan,21,274.0111428571429,189.42771428571427,69.13139090276829,"SARIMA(0, 0, 0)(0, 0, 0, 12)",276.4795656590605,"SARIMA(0, 0, 0)(0, 0, 0, 12)",282.36085794343325,274.0111428571428,189.4277142857142
Cauayan (CYZ)-Manila (MNL),39,5850.64123076923,5091.115692307692,87.0180804376262,"SARIMA(2, 0, 1)(0, 1, 0, 12)",476.5015349869798,"SARIMA(3, 0, 1)(1, 1, 0, 12)",467.78333015135365,9859.55819702702,4499.74565645322
Cebu (CEB)-Angeles City (CRK),39,5259.720153846153,4885.261384615384,92.88063322234078,"SARIMA(0, 1, 0)(0, 0, 0, 12)",696.4080955914511,"SARIMA(0, 1, 0)(0, 0, 0, 12)",699.0564674385543,3288.2240000000006,3288.2240000000006
Cebu (CEB)-Bacolod City (BCD),39,4764.656102564103,496.1461538461539,10.413052761124826,"SARIMA(0, 1, 0)(0, 0, 0, 12)",651.7697127715628,"SARIMA(1, 0, 0)(0, 0, 1, 12)",610.7527238171082,1519.8719999999996,488.94129747080086
Cebu (CEB)-Butuan (BXU),39,2772.6178974358972,38.89769230769231,1.4029229322823276,"SARIMA(2, 0, 0)(0, 0, 0, 12)",641.6064204511794,"SARIMA(1, 0, 0)(0, 1, 0, 12)",345.80305072882317,2869.523139621533,196.92869180395746
Cebu (CEB)-Cagayan de Oro (CGY),39,9105.036,556.5432307692307,6.112476993712389,"SARIMA(2, 0, 0)(0, 0, 0, 12)",699.535399009381,"SARIMA(1, 0, 0)(1, 1, 0, 12)",460.1270244288494,8854.412636041789,600.5716423845346
Cebu (CEB)-Caticlan (MPH),39,11021.673589743592,7651.98276923077,69.42668649116459,"SARIMA(1, 0, 1)(0, 0, 0, 12)",730.305504807763,"SARIMA(1, 0, 0)(0, 0, 0, 12)",707.2793890183034,8420.647260845963,6544.903241073119
Cebu (CEB)-Cebu (CEB),33,485.10593939393937,11.187272727272727,2.3061504341194827,"SARIMA(1, 0, 0)(0, 1, 0, 12)",315.6794856865253,"SARIMA(0, 0, 0)(0, 1, 0, 12)",225.95775820946602,495.63388871004435,17.559
Cebu (CEB)-Davao City (DVO),39,20374.271333333338,14635.276410256409,71.83214639098458,"SARIMA(2, 0, 0)(0, 0, 0, 12)",778.2681795319575,"SARIMA(1, 0, 0)(0, 0, 0, 12)",770.9941123332055,18244.58197182976,12004.820995885553
Cebu (CEB)-General Santos (GES),37,4876.292594594594,4097.074594594594,84.0202780107213,"SARIMA(1, 0, 0)(0, 0, 0, 12)",663.9470736593804,"SARIMA(1, 0, 0)(0, 0, 0, 12)",661.3567931970023,4041.5738477114123,3447.7762437381357
Cebu (CEB)-Iloilo (ILO),39,6838.830871794871,1875.108,27.418546168957565,"SARIMA(1, 0, 0)(0, 0, 0, 12)",691.5830509369941,"SARIMA(1, 0, 0)(0, 0, 0, 12)",690.7439359832169,1896.9925320153698,752.7645740021744
Cebu (CEB)-Manila (MNL),39,122066.68743589743,51309.72471794872,42.03417475787054,"SARIMA(1, 1, 0)(2, 1, 0, 12)",592.185263690611,"SARIMA(0, 1, 0)(0, 1, 0, 12)",547.878981122276,-17413.3333924982,-30092.008583333332
Cebu (CEB)-Ozamiz (OZC),36,1564.4050555555555,13.909333333333333,0.8891132947914067,"SARIMA(0, 0, 2)(0, 1, 0, 12)",367.49123437047047,"SARIMA(0, 0, 0)(1, 1, 0, 12)",261.2775103889149,1525.9734671454053,21.665195591561034
Cebu (CEB)-Puerto Princesa City (PPS),39,5703.773743589743,4513.3146153846155,79.12857028133277,"SARIMA(0, 1, 0)(0, 0, 0, 12)",676.0654016050785,"SARIMA(0, 1, 0)(0, 0, 0, 12)",672.4931111863114,979.0400000000003,979.0400000000003
Cebu (CEB)-Surigao (SUG),35,1299.270857142857,6.479314285714286,0.49868849517355673,"SARIMA(1, 0, 0)(1, 1, 0, 12)",374.1904713778065,"SARIMA(0, 0, 0)(0, 1, 0, 12)",234.00849603594327,960.8156640374872,18.898
Cebu (CEB)-Zamboanga (ZAM),28,2975.363857142857,2961.5849999999996,99.53690177724721,"SARIMA(1, 0, 0)(0, 0, 0, 12)",491.3595012965218,"SARIMA(1, 0, 0)(0, 0, 0, 12)",491.78719885290303,2654.716326204784,2649.331177640657
Cebu (CEB)-nan,33,302.3841818181818,97.55872727272728,32.26317153434554,"SARIMA(0, 0, 0)(0, 1, 0, 12)",297.64055961503453,"SARIMA(0, 0, 0)(0, 0, 0, 12)",430.3648235083532,342.3865,97.55872727272727
Davao City (DVO)-Bacolod City (BCD),36,2936.115,2936.115,100.0,"SARIMA(0, 1, 0)(0, 1, 0, 12)",374.17129217472024,"SARIMA(0, 1, 0)(0, 1, 0, 12)",374.17129217472024,2127.920166666668,2127.920166666668
Davao City (DVO)-Cebu (CEB),39,19734.209743589752,14066.784051282053,71.28121284842103,"SARIMA(2, 0, 0)(0, 0, 0, 12)",775.2961771511305,"SARIMA(1, 0, 0)(0, 0, 0, 12)",766.5026068738604,17503.117228695963,11540.599264805982
Davao City (DVO)-Manila (MNL),39,94255.84289743588,49721.83125641026,52.751988341470636,"SARIMA(1, 1, 0)(0, 1, 0, 12)",577.5591636894223,"SARIMA(0, 1, 0)(1, 1, 0, 12)",557.3566068918465,-17355.361327195293,-23905.935487367795
Davao City (DVO)-Panglao (TAG),39,2698.8883589743596,1687.7295897435897,62.53424985629884,"SARIMA(0, 1, 0)(0, 0, 0, 12)",626.4141045194831,"SARIMA(0, 1, 0)(0, 0, 0, 12)",615.7530311376156,388.23999999999995,388.23999999999995
Del Carmin (IAO)-Cebu (CEB),39,7783.504512820512,12.494769230769233,0.16052883646676908,"SARIMA(1, 0, 1)(1, 1, 0, 12)",484.2328470650929,"SARIMA(0, 0, 0)(0, 0, 0, 12)",409.80740503418355,5307.6443257050405,12.494769230769235
Dipolog (DPL)-Manila (MNL),39,9383.878923076923,5747.714769230769,61.25094767682834,"SARIMA(0, 0, 2)(0, 0, 0, 12)",702.2998757886123,"SARIMA(1, 0, 1)(0, 0, 0, 12)",676.0354568718446,8542.599660977407,4526.285682172758
Dumaguete City (DGT)-Manila (MNL),39,19880.988410256414,12203.216769230768,61.381338379208785,"SARIMA(0, 1, 0)(1, 1, 1, 12)",512.0334726818254,"SARIMA(1, 0, 0)(0, 1, 0, 12)",515.7459208608423,-3292.310729587271,9891.030262484122
General Santos (GES)-Cebu (CEB),37,4874.254756756756,4097.927459459458,84.07290270946255,"SARIMA(1, 0, 0)(0, 0, 0, 12)",663.7580176133068,"SARIMA(1, 0, 0)(0, 0, 0, 12)",661.9361485818765,4023.219541491326,3454.1951409724047
General Santos (GES)-Iloilo (ILO),37,2682.9649189189195,2682.9649189189195,100.0,"SARIMA(1, 0, 0)(0, 0, 0, 12)",613.3662590007514,"SARIMA(1, 0, 0)(0, 0, 0, 12)",613.3662590007514,2415.5186497061554,2415.5186497061554
General Santos (GES)-Manila (MNL),39,32217.965717948715,19846.42705128205,61.600497141958144,"SARIMA(0, 1, 0)(1, 1, 2, 12)",526.7995959904256,"SARIMA(0, 1, 0)(0, 1, 0, 12)",511.64297558592347,-41.27263640940722,-3988.1429166666694
Iloilo (ILO)-Cebu (CEB),39,7336.505025641027,2439.7076923076925,33.25435863235878,"SARIMA(1, 0, 0)(0, 0, 0, 12)",699.4931534216323,"SARIMA(1, 0, 0)(0, 0, 0, 12)",693.4797490227004,2369.274338734723,1175.0623081089082
Iloilo (ILO)-General Santos (GES),37,2657.07572972973,2657.07572972973,100.0,"SARIMA(1, 0, 0)(0, 0, 0, 12)",614.1468154438497,"SARIMA(1, 0, 0)(0, 0, 0, 12)",614.1468154438497,2353.720181764247,2353.720181764247
Iloilo (ILO)-Manila (MNL),39,72835.50035897437,31789.79723076923,43.64602024300129,"SARIMA(2, 1, 0)(0, 1, 0, 12)",558.522105219045,"SARIMA(1, 0, 1)(0, 0, 0, 12)",792.0876349541954,-33057.871554376754,9736.281883067046
Iloilo (ILO)-Puerto Princesa City (PPS),29,2512.0762068965514,2512.0762068965514,100.0,"SARIMA(0, 1, 0)(0, 0, 0, 12)",460.6573929556207,"SARIMA(0, 1, 0)(0, 0, 0, 12)",460.6573929556207,941.9040000000001,941.9040000000001
Kalibo (KLO)-Manila (MNL),39,16970.85461538461,4228.671846153846,24.917259277682,"SARIMA(0, 1, 0)(2, 1, 0, 12)",491.78738894737444,"SARIMA(0, 1, 0)(0, 1, 1, 12)",429.95022974940537,-6822.962908554858,1340.1853465874105
Laoag City (LAO)-Manila (MNL),39,9950.65276923077,3339.253230769231,33.55813239805543,"SARIMA(0, 1, 0)(2, 1, 0, 12)",467.7669430693019,"SARIMA(0, 1, 0)(0, 1, 0, 12)",439.8952382322543,-3854.7668316273916,-1090.4249999999986
Legazpi (DRP)-Cebu (CEB),23,1542.1995652173912,173.79886956521742,11.269544712957977,"SARIMA(0, 0, 1)(0, 1, 0, 12)",195.34035469318272,"SARIMA(0, 0, 0)(0, 1, 0, 12)",179.07127234562182,3376.4244435089045,696.5121363636364
Legazpi (DRP)-Manila (MNL),36,23343.418444444444,12850.339055555556,55.049088402105205,"SARIMA(3, 0, 1)(0, 1, 1, 12)",489.8438563460371,"SARIMA(1, 1, 0)(0, 0, 0, 12)",660.4380205069314,39126.660610996594,598.445615410165
Manila (MNL)-Bacolod City (BCD),39,58143.8961025641,25776.046512820518,44.33147456674101,"SARIMA(1, 0, 0)(1, 0, 0, 12)",830.4879250258887,"SARIMA(1, 0, 3)(1, 0, 0, 12)",775.7419936342701,7745.711251316564,-2545.6315151970134
Manila (MNL)-Butuan (BXU),39,24964.151282051283,17353.257589743596,69.51270801751724,"SARIMA(2, 0, 0)(0, 0, 0, 12)",779.0495919370451,"SARIMA(2, 0, 2)(1, 1, 1, 12)",522.3797985940882,22553.25973147484,6221.426584494721
Manila (MNL)-Cagayan de Oro (CGY),39,50991.994358974356,25134.689076923074,49.29144151526893,"SARIMA(1, 1, 0)(0, 1, 0, 12)",544.4236369343106,"SARIMA(2, 0, 0)(0, 0, 0, 12)",775.7522442502144,-5459.581399665953,22967.089572699904
Manila (MNL)-Caticlan (MPH),39,67391.47266666667,33196.803076923075,49.25964927509732,"SARIMA(1, 0, 0)(1, 1, 1, 12)",585.7372574895155,"SARIMA(3, 0, 0)(0, 0, 0, 12)",808.4229689913184,35704.20126629252,30560.348224236513
Manila (MNL)-Cauayan (CYZ),39,5963.3381538461545,5192.576307692309,87.07499346390863,"SARIMA(3, 0, 1)(0, 1, 0, 12)",479.59296874271,"SARIMA(2, 0, 1)(1, 1, 0, 12)",469.0836970622017,10692.52865003866,5520.805358623563
Manila (MNL)-Cebu (CEB),39,114172.89846153848,44515.885589743586,38.98988830938691,"SARIMA(1, 0, 0)(2, 1, 0, 12)",615.2085771019217,"SARIMA(0, 1, 0)(1, 1, 0, 12)",546.7339917642284,-60859.32985400485,-19168.637737040208
Manila (MNL)-Davao City (DVO),39,87578.54169230767,47448.32553846154,54.17802651380422,"SARIMA(1, 1, 0)(0, 1, 0, 12)",578.8056549675288,"SARIMA(1, 0, 0)(1, 1, 0, 12)",584.2443147175401,-18424.375657163488,25658.384650901993
Manila (MNL)-Dipolog (DPL),39,9476.065282051282,5811.679692307693,61.33009344411817,"SARIMA(0, 0, 2)(0, 0, 0, 12)",703.0526656755584,"SARIMA(0, 0, 2)(0, 0, 0, 12)",673.0508681673149,8633.740860699874,5262.696695967962
Manila (MNL)-Dumaguete City (DGT),39,23836.85738461538,16103.970615384616,67.55911803113077,"SARIMA(2, 0, 0)(0, 0, 0, 12)",764.9902476218507,"SARIMA(2, 0, 0)(0, 0, 0, 12)",741.3064187163093,19231.436631822053,14145.001147082507
Manila (MNL)-General Santos (GES),39,32316.672333333332,19986.66012820513,61.84628145512898,"SARIMA(1, 1, 0)(0, 1, 0, 12)",526.9589398577713,"SARIMA(0, 2, 1)(0, 1, 0, 12)",493.4191700888161,-7577.945559712424,-22621.02984836715
Manila (MNL)-Iloilo (ILO),39,70674.1717948718,33762.40635897437,47.771916531216014,"SARIMA(2, 0, 1)(0, 1, 0, 12)",592.2892996488412,"SARIMA(1, 0, 0)(0, 0, 0, 12)",795.1276208969485,61271.60227291455,5555.7754823468895
Manila (MNL)-Kalibo (KLO),37,16718.00675675675,3138.6494594594596,18.77406502537118,"SARIMA(1, 0, 0)(0, 1, 0, 12)",469.89268745538226,"SARIMA(1, 0, 0)(0, 0, 1, 12)",636.2006660363319,16880.73709934611,3899.8867944011236
Manila (MNL)-Laoag City (LAO),39,10318.297487179487,3335.323384615385,32.32435766423224,"SARIMA(0, 1, 0)(0, 1, 0, 12)",474.23253230951485,"SARIMA(0, 1, 0)(0, 1, 0, 12)",440.835121305297,-2809.8398333333294,-1090.425
Manila (MNL)-Legazpi (DRP),36,23321.183277777774,12643.272166666668,54.21368211069356,"SARIMA(3, 0, 0)(0, 1, 0, 12)",489.8142548180168,"SARIMA(1, 1, 0)(0, 0, 0, 12)",657.6732210281755,36640.703368807706,-1427.1059347665948
Manila (MNL)-Manila (MNL),34,985.8126470588235,468.41741176470583,47.515865531065295,"SARIMA(1, 0, 0)(0, 1, 0, 12)",392.1203646372729,"SARIMA(0, 0, 1)(0, 1, 0, 12)",372.4937621712438,2077.4611463580854,1520.4709779681364
Manila (MNL)-Ozamiz (OZC),39,10561.736974358977,6587.886307692309,62.37502717295369,"SARIMA(2, 0, 0)(0, 0, 0, 12)",686.562076492237,"SARIMA(2, 0, 0)(0, 0, 0, 12)",660.1354153708552,-1080.9305955510406,5500.309816890804
Manila (MNL)-Pagadian (PAG),39,8243.84907692308,8243.84907692308,100.0,"SARIMA(1, 0, 1)(0, 0, 0, 12)",696.9389185033059,"SARIMA(1, 0, 1)(0, 0, 0, 12)",696.9389185033059,6495.794852709404,6495.794852709404
Manila (MNL)-Panglao (TAG),39,41078.86235897436,20654.417282051283,50.27991549902059,"SARIMA(2, 0, 2)(2, 1, 0, 12)",552.796393634227,"SARIMA(1, 0, 0)(0, 0, 0, 12)",772.7170724805864,-4408.099757652383,2534.1351559457703
Manila (MNL)-Puerto Princesa City (PPS),39,52986.64369230769,25012.110974358973,47.20455803844412,"SARIMA(2, 0, 0)(1, 0, 1, 12)",822.6094528347371,"SARIMA(2, 0, 0)(1, 0, 0, 12)",760.38128979201,26224.350827374557,13139.409396177418
Manila (MNL)-Roxas City (RXS),39,13478.762512820513,7515.325230769231,55.75678942054899,"SARIMA(1, 0, 0)(0, 0, 0, 12)",722.5498168540466,"SARIMA(1, 0, 1)(0, 0, 0, 12)",689.2786526178835,2082.3225428853398,5122.970863209117
Manila (MNL)-Tacloban (TAC),38,41130.130263157895,19980.51836842105,48.578786987987,"SARIMA(0, 1, 0)(2, 1, 0, 12)",531.6591083284736,"SARIMA(0, 0, 1)(0, 0, 0, 12)",752.872266103939,4268.737094715248,18249.73786019502
Manila (MNL)-Tuguegarao (TUG),38,11725.160789473686,9323.010157894736,79.51285551891544,"SARIMA(1, 0, 0)(0, 1, 0, 12)",496.4866747271481,"SARIMA(1, 0, 0)(1, 1, 1, 12)",481.80226506353193,11841.917889381215,7870.161085513978
Manila (MNL)-Virac (VRC),37,4578.420162162163,4578.420162162163,100.0,"SARIMA(1, 1, 0)(0, 1, 0, 12)",390.9151724037923,"SARIMA(1, 1, 0)(0, 1, 0, 12)",390.9151724037923,2387.9554197184043,2387.9554197184043
Manila (MNL)-Zamboanga (ZAM),37,2733.843081081081,248.10891891891893,9.07546305916014,"SARIMA(0, 0, 0)(2, 1, 0, 12)",424.87669674827004,"SARIMA(0, 1, 1)(0, 1, 0, 12)",388.2999279116153,3623.1083586174077,1877.558852295383
Manila (MNL)-nan,28,1145.2144285714287,863.5907142857144,75.4086477379595,"SARIMA(1, 0, 0)(0, 0, 0, 12)",481.8627299932377,"SARIMA(1, 0, 0)(0, 0, 0, 12)",468.3319337804258,976.9763380358573,47.29721260737198
Ozamiz (OZC)-Cebu (CEB),39,2346.146307692308,27.60661538461538,1.1766791906413336,"SARIMA(0, 0, 1)(0, 0, 0, 12)",603.0781024835705,"SARIMA(1, 0, 0)(0, 1, 1, 12)",301.82130437575137,2210.6451920665577,76.41466961305382
Ozamiz (OZC)-Manila (MNL),37,10944.574432432433,6939.7404324324325,63.40804272724997,"SARIMA(0, 1, 0)(0, 1, 0, 12)",427.8198726887535,"SARIMA(0, 1, 0)(2, 1, 1, 12)",404.4652216281221,3754.8439999999996,1381.4895836722674
Pagadian (PAG)-Cebu (CEB),37,2033.385081081081,4.283027027027027,0.210635312852295,"SARIMA(0, 0, 1)(0, 0, 0, 12)",566.9229030515465,"SARIMA(0, 0, 0)(0, 0, 0, 12)",348.25025488477763,1986.2894957174756,0.0
Pagadian (PAG)-Manila (MNL),37,8561.037081081082,8561.037081081082,100.0,"SARIMA(0, 0, 1)(0, 0, 0, 12)",641.7839075911127,"SARIMA(0, 0, 1)(0, 0, 0, 12)",641.7839075911127,8364.330125396553,8364.330125396553
Panglao (TAG)-Davao City (DVO),39,2696.50517948718,1696.873794871795,62.92863102137656,"SARIMA(0, 1, 0)(0, 0, 0, 12)",626.3465263156432,"SARIMA(0, 1, 0)(0, 0, 0, 12)",616.196211784521,388.23999999999995,388.23999999999995
Panglao (TAG)-Manila (MNL),39,49273.52487179487,25737.460615384618,52.23385313380988,"SARIMA(2, 1, 0)(2, 1, 0, 12)",538.9852329520668,"SARIMA(1, 0, 0)(0, 0, 0, 12)",775.2369921763514,-2743.6633486688993,2294.5326098256764
Puerto Princesa City (PPS)-Cebu (CEB),39,5695.966820512821,4526.373230769231,79.46628506452063,"SARIMA(0, 1, 0)(0, 0, 0, 12)",676.3977901777848,"SARIMA(0, 1, 0)(0, 0, 0, 12)",672.163900581976,1293.0079999999998,1293.008
Puerto Princesa City (PPS)-Iloilo (ILO),29,2525.853793103448,2525.853793103448,100.0,"SARIMA(0, 1, 0)(0, 0, 0, 12)",458.32576414688737,"SARIMA(0, 1, 0)(0, 0, 0, 12)",458.32576414688737,1412.856,1412.856
Puerto Princesa City (PPS)-Manila (MNL),39,52230.47405128205,24988.281025641023,47.842340088865534,"SARIMA(2, 0, 1)(0, 0, 0, 12)",814.0683612539295,"SARIMA(2, 0, 0)(1, 0, 0, 12)",765.956540787666,37366.71710422247,15678.004178607182
Roxas City (RXS)-Manila (MNL),37,13711.764864864868,7780.374972972973,56.742330762318325,"SARIMA(0, 1, 0)(2, 1, 0, 12)",445.1620857402375,"SARIMA(0, 1, 0)(0, 0, 0, 12)",642.2837197176439,5846.8883366478,3767.6160000000004
Tacloban (TAC)-Manila (MNL),39,55603.21558974359,23100.071538461536,41.54448855782095,"SARIMA(1, 1, 0)(0, 1, 0, 12)",554.9705106114077,"SARIMA(2, 0, 0)(0, 0, 1, 12)",762.254460628373,-10558.343378899748,17090.040706520824
Tawi Tawi (TWT)-Zamboanga (ZAM),37,3819.294756756757,2209.7704864864863,57.858076614200996,"SARIMA(2, 0, 0)(0, 0, 0, 12)",650.1110819142699,"SARIMA(1, 0, 0)(0, 0, 0, 12)",644.1990550842115,3140.0303122091077,1903.7907557032424
Tokyo (NRT)-Angeles City (CRK),31,3608.287677419355,3608.287677419355,100.0,"SARIMA(0, 0, 2)(0, 0, 0, 12)",520.5465905747315,"SARIMA(0, 0, 2)(0, 0, 0, 12)",520.5465905747315,3176.5250215501496,3176.5250215501496
Tuguegarao (TUG)-Manila (MNL),37,16395.645837837837,14166.103243243244,86.40161774262494,"SARIMA(1, 0, 0)(0, 1, 0, 12)",496.6580918146811,"SARIMA(1, 0, 0)(0, 1, 0, 12)",482.9865528279324,17086.111276039177,15024.374436088046
Zamboanga (ZAM)-Cebu (CEB),39,4618.392717948719,3408.75641025641,73.80828392979161,"SARIMA(1, 0, 0)(1, 0, 0, 12)",705.2735241605219,"SARIMA(1, 0, 0)(0, 0, 1, 12)",705.0664863217169,4042.543071068921,3348.8862987705847
Zamboanga (ZAM)-Manila (MNL),39,26292.600102564105,17967.608512820516,68.33713076200584,"SARIMA(2, 0, 0)(0, 0, 0, 12)",761.3657001591108,"SARIMA(1, 0, 0)(0, 0, 0, 12)",744.0154056581855,13267.323624269675,1216.2829465698692
Zamboanga (ZAM)-Tawi Tawi (TWT),38,5086.493947368421,3523.613368421052,69.27391253938384,"SARIMA(2, 0, 1)(1, 0, 0, 12)",690.4025425934406,"SARIMA(1, 0, 0)(1, 0, 0, 12)",685.0228597510225,5963.458717235732,3372.5081026284693
nan-Manila (MNL),27,187.69992592592595,40.98807407407407,21.837021976369684,"SARIMA(1, 0, 0)(0, 0, 1, 12)",340.4566466344586,"SARIMA(0, 0, 0)(0, 0, 0, 12)",315.2208945516603,185.64857576312156,40.98807407407408
nan-nan,23,223.1999130434783,54.31913043478261,24.336537453848152,"SARIMA(1, 0, 0)(1, 0, 0, 12)",294.03613906569177,"SARIMA(0, 0, 0)(0, 0, 0, 12)",272.4498862721417,190.49546814840437,54.31913043478261
