Date,WMA_Pred,LSTM_Pred,Actual
2024-01-01,0.0,-485.28372,0.0
2024-01-01,0.0,-485.28372,23348.945
2024-01-01,0.0,-485.28372,0.0
2024-01-01,0.0,-485.28372,0.0
2024-01-01,0.0,-485.28372,4987.59
2024-01-01,0.0,-485.28372,6274.71
2024-01-01,0.0,-485.28372,7240.05
2024-01-01,0.0,-485.28372,15767.22
2024-01-01,0.0,-485.28372,35167.44
2024-01-01,0.0,-485.28372,48709.88
2024-01-01,0.0,-485.28372,0.0
2024-01-01,0.0,-485.28372,9814.29
2024-01-01,0.0,-485.28372,0.0
2024-01-01,0.0,-485.28372,0.0
2024-01-01,0.0,-485.28372,32338.89
2024-01-01,0.0,-485.28372,7561.83
2024-01-01,0.0,-485.28372,25486.36
2024-01-01,0.0,-485.28372,9653.4
2024-01-01,0.0,-485.28372,0.0
2024-01-01,0.0,-485.28372,23329.05
2024-01-01,0.0,-485.28372,22093.83
2024-01-01,0.0,-485.28372,9975.18
2024-01-01,0.0,-485.28372,4987.59
2024-01-01,0.0,-485.28372,0.0
2024-01-01,0.0,-485.28372,0.0
2024-01-01,0.0,-485.28372,0.0
2024-01-01,0.0,-485.28372,1868.4
2024-01-01,0.0,-485.28372,0.0
2024-01-01,0.0,-485.28372,2290.52
2024-01-01,0.0,-485.28372,0.0
2024-01-01,0.0,-485.28372,34608.65
2024-01-01,0.0,-485.28372,0.0
2024-01-01,0.0,-485.28372,643.56
2024-01-01,0.0,-485.28372,0.0
2024-01-01,0.0,-485.28372,0.0
2024-01-01,0.0,-485.28372,0.0
2024-01-01,0.0,-485.28372,4987.59
2024-01-01,0.0,-485.28372,0.0
2024-01-01,0.0,-485.28372,0.0
2024-01-01,0.0,-485.28372,0.0
2024-01-01,0.0,-485.28372,0.0
2024-01-01,0.0,-485.28372,0.0
2024-01-01,0.0,-485.28372,0.0
2024-01-01,0.0,-485.28372,0.0
2024-01-01,0.0,-485.28372,27389.36
2024-01-01,0.0,-485.28372,0.0
2024-01-01,0.0,-485.28372,17651.19
2024-01-01,0.0,-485.28372,0.0
2024-01-01,0.0,-485.28372,50353.38
2024-01-01,0.0,-485.28372,24155.99
2024-01-01,0.0,-485.28372,4987.59
2024-01-01,0.0,-485.28372,4826.7
2024-01-01,0.0,-485.28372,2179.8
2024-01-01,0.0,-485.28372,0.0
2024-01-01,0.0,-485.28372,0.0
2024-01-01,0.0,-485.28372,0.0
2024-01-01,0.0,-485.28372,0.0
2024-01-01,0.0,-485.28372,0.0
2024-01-01,0.0,-485.28372,0.0
2024-01-01,0.0,-485.28372,28100.39
2024-01-01,0.0,-485.28372,0.0
2024-01-01,0.0,-485.28372,0.0
2024-01-01,0.0,-485.28372,19306.8
2024-01-01,0.0,-485.28372,0.0
2024-01-01,0.0,-485.28372,2574.24
2024-01-01,0.0,-485.28372,2553.48
2024-01-01,0.0,-485.28372,0.0
2024-01-01,0.0,-485.28372,0.0
2024-01-01,0.0,-485.28372,5480.64
2024-01-01,0.0,-485.28372,0.0
2024-01-01,0.0,-485.28372,3736.8
2024-01-01,0.0,-485.28372,2574.24
2024-01-01,0.0,-485.28372,0.0
2024-01-01,0.0,-485.28372,0.0
2024-01-01,0.0,-485.28372,0.0
2024-01-01,0.0,-485.28372,19780.82
2024-01-01,0.0,-485.28372,0.0
2024-01-01,0.0,-485.28372,0.0
2024-01-01,0.0,-485.28372,27351.3
2024-01-01,0.0,-485.28372,0.0
2024-01-01,0.0,-485.28372,0.0
2024-01-01,0.0,-485.28372,11719.02
2024-01-01,0.0,-485.28372,5470.26
2024-01-01,0.0,-485.28372,0.0
2024-01-01,0.0,-485.28372,0.0
2024-01-01,0.0,-485.28372,0.0
2024-01-01,0.0,-485.28372,0.0
2024-01-01,0.0,-485.28372,33081.06
2024-01-01,0.0,-485.28372,2091.57
2024-01-01,0.0,-485.28372,7561.83
2024-01-01,0.0,-485.28372,1930.68
2024-01-01,0.0,-485.28372,10136.07
2024-01-01,0.0,-485.28372,3674.52
2024-01-01,0.0,-485.28372,643.56
2024-01-01,0.0,-485.28372,0.0
2024-01-01,0.0,-485.28372,0.0
2024-01-01,0.0,-485.28372,643.56
2024-01-01,0.0,-485.28372,25609.19
2024-01-01,0.0,-485.28372,9653.4
2024-01-01,0.0,-485.28372,0.0
2024-01-01,0.0,-485.28372,0.0
2024-01-01,0.0,-485.28372,0.0
2024-01-01,0.0,-485.28372,622.8
2024-01-01,0.0,-485.28372,0.0
2024-01-01,0.0,-485.28372,0.0
2024-01-01,0.0,-485.28372,0.0
2024-01-01,0.0,-485.28372,0.0
2024-01-01,0.0,-485.28372,2574.24
2024-01-01,0.0,-485.28372,3124.38
2024-01-01,0.0,-485.28372,2252.46
2024-01-01,0.0,-485.28372,2553.48
2024-01-01,0.0,-485.28372,3025.77
2024-01-01,0.0,-485.28372,0.0
2024-01-01,0.0,-485.28372,58083.02
2024-01-01,0.0,-485.28372,9975.18
2024-01-01,0.0,-485.28372,1432.44
2024-01-01,0.0,-485.28372,2242.08
2024-01-01,0.0,-485.28372,643.56
2024-01-01,0.0,-485.28372,0.0
2024-01-01,0.0,-485.28372,809.64
2024-01-01,0.0,-485.28372,1494.72
2024-01-01,0.0,-485.28372,0.0
2024-01-01,0.0,-485.28372,1806.12
2024-01-01,0.0,-485.28372,2574.24
2024-01-01,0.0,-485.28372,0.0
2024-01-01,0.0,-485.28372,4920.12
2024-01-01,0.0,-485.28372,1058.76
2024-01-01,0.0,-485.28372,0.0
2024-01-01,0.0,-485.28372,24155.99
2024-01-01,0.0,-485.28372,0.0
2024-01-01,0.0,-485.28372,0.0
2024-01-01,0.0,-485.28372,4520.49
2024-01-01,0.0,-485.28372,0.0
2024-01-01,0.0,-485.28372,0.0
2024-01-01,0.0,-485.28372,4665.81
2024-01-01,0.0,-485.28372,0.0
2024-01-01,0.0,-485.28372,2096.76
2024-01-01,0.0,-485.28372,3700.47
2024-01-01,0.0,-485.28372,33717.7
2024-01-01,0.0,-485.28372,0.0
2024-01-01,0.0,-485.28372,0.0
2024-01-01,0.0,-485.28372,0.0
2024-01-01,0.0,-485.28372,1619.28
2024-01-01,0.0,-485.28372,19742.76
2024-01-01,0.0,-485.28372,0.0
2024-01-01,0.0,-485.28372,0.0
2024-01-01,0.0,-485.28372,0.0
2024-01-01,0.0,-485.28372,0.0
2024-01-01,0.0,-485.28372,0.0
2024-01-01,0.0,-485.28372,2221.32
2024-01-01,0.0,-485.28372,0.0
2024-01-01,0.0,-485.28372,62.28
2024-01-01,0.0,-485.28372,0.0
2024-01-01,0.0,-485.28372,0.0
2024-01-01,0.0,-485.28372,4982.4
2024-01-01,0.0,-485.28372,3617.43
2024-01-01,0.0,-485.28372,0.0
2024-01-01,0.0,-485.28372,1058.76
2024-01-01,0.0,-485.28372,160.89
2024-01-01,0.0,-485.28372,0.0
2024-01-01,0.0,-485.28372,0.0
2024-01-01,0.0,-485.28372,0.0
2024-01-01,0.0,-485.28372,0.0
2024-01-01,0.0,-485.28372,0.0
2024-01-01,0.0,-485.28372,934.2
2024-01-01,0.0,-485.28372,0.0
2024-01-01,0.0,-485.28372,50851.62
2024-01-01,0.0,-485.28372,0.0
2024-01-01,0.0,-485.28372,0.0
2024-01-01,0.0,-485.28372,0.0
2024-01-01,0.0,-485.28372,0.0
2024-01-01,0.0,-485.28372,0.0
2024-01-01,0.0,-485.28372,0.0
2024-01-01,0.0,-485.28372,0.0
2024-01-01,0.0,-485.28372,0.0
2024-01-01,0.0,-485.28372,0.0
2024-01-01,0.0,-485.28372,0.0
2024-01-01,0.0,-485.28372,0.0
2024-01-01,0.0,-485.28372,2252.46
2024-01-01,0.0,-485.28372,2290.52
2024-01-01,0.0,-485.28372,23729.545
2024-01-01,0.0,-485.28372,3923.64
2024-01-01,0.0,-485.28372,0.0
2024-01-01,0.0,-485.28372,871.92
2024-01-01,0.0,-485.28372,0.0
2024-01-01,0.0,-485.28372,0.0
2024-01-01,0.0,-485.28372,0.0
2024-01-01,0.0,-485.28372,996.48
2024-01-01,0.0,-485.28372,0.0
2024-01-01,0.0,-485.28372,0.0
2024-01-01,0.0,-485.28372,4665.81
2024-01-01,0.0,-485.28372,0.0
2024-01-01,0.0,-485.28372,0.0
2024-01-01,0.0,-485.28372,5470.26
2024-01-01,0.0,-485.28372,0.0
2024-01-01,0.0,-485.28372,0.0
2024-01-01,0.0,-485.28372,0.0
2024-01-01,0.0,-485.28372,0.0
2024-01-01,0.0,-485.28372,0.0
2024-01-01,0.0,-485.28372,0.0
2024-01-01,0.0,-485.28372,0.0
2024-01-01,0.0,-485.28372,1058.76
2024-01-01,0.0,-485.28372,0.0
2024-01-01,0.0,-485.28372,0.0
2024-01-01,0.0,-485.28372,4826.7
2024-01-01,0.0,-485.28372,0.0
2024-01-01,0.0,-485.28372,0.0
2024-01-01,0.0,-485.28372,11584.08
2024-01-01,0.0,-485.28372,0.0
2024-01-01,0.0,-485.28372,7079.16
2024-01-01,0.0,-485.28372,0.0
2024-01-01,0.0,-485.28372,0.0
2024-01-01,0.0,-485.28372,6596.49
2024-01-01,0.0,-485.28372,3700.47
2024-01-01,0.0,-485.28372,0.0
2024-02-01,0.0,-365.38077,62.496
2024-02-01,0.0,-365.38077,20072.5
2024-02-01,0.0,-365.38077,0.0
2024-02-01,0.0,-365.38077,0.0
2024-02-01,0.0,-365.38077,4681.992
2024-02-01,0.0,-365.38077,7825.888
2024-02-01,0.0,-365.38077,6296.472
2024-02-01,0.0,-365.38077,16629.144
2024-02-01,0.0,-365.38077,33242.664
2024-02-01,0.0,-365.38077,38477.572
2024-02-01,0.0,-365.38077,0.0
2024-02-01,0.0,-365.38077,8072.4
2024-02-01,0.0,-365.38077,0.0
2024-02-01,0.0,-365.38077,0.0
2024-02-01,0.0,-365.38077,33034.344
2024-02-01,0.0,-365.38077,6942.264
2024-02-01,0.0,-365.38077,24899.448
2024-02-01,0.0,-365.38077,9202.536
2024-02-01,0.0,-365.38077,0.0
2024-02-01,0.0,-365.38077,21472.584
2024-02-01,0.0,-365.38077,20038.648
2024-02-01,0.0,-365.38077,9041.088
2024-02-01,0.0,-365.38077,4359.096
2024-02-01,0.0,-365.38077,0.0
2024-02-01,0.0,-365.38077,0.0
2024-02-01,0.0,-365.38077,0.0
2024-02-01,0.0,-365.38077,1812.384
2024-02-01,0.0,-365.38077,0.0
2024-02-01,0.0,-365.38077,1937.376
2024-02-01,0.0,-365.38077,0.0
2024-02-01,0.0,-365.38077,33888.456
2024-02-01,0.0,-365.38077,161.448
2024-02-01,0.0,-365.38077,161.448
2024-02-01,0.0,-365.38077,0.0
2024-02-01,0.0,-365.38077,0.0
2024-02-01,0.0,-365.38077,0.0
2024-02-01,0.0,-365.38077,4520.544
2024-02-01,0.0,-365.38077,0.0
2024-02-01,0.0,-365.38077,0.0
2024-02-01,0.0,-365.38077,0.0
2024-02-01,0.0,-365.38077,0.0
2024-02-01,0.0,-365.38077,0.0
2024-02-01,0.0,-365.38077,0.0
2024-02-01,0.0,-365.38077,0.0
2024-02-01,0.0,-365.38077,21958.664
2024-02-01,0.0,-365.38077,0.0
2024-02-01,0.0,-365.38077,15452.136
2024-02-01,0.0,-365.38077,0.0
2024-02-01,0.0,-365.38077,44339.176
2024-02-01,0.0,-365.38077,18038.776
2024-02-01,0.0,-365.38077,4520.544
2024-02-01,0.0,-365.38077,4681.992
2024-02-01,0.0,-365.38077,1999.872
2024-02-01,0.0,-365.38077,0.0
2024-02-01,0.0,-365.38077,0.0
2024-02-01,0.0,-365.38077,0.0
2024-02-01,0.0,-365.38077,199.64
2024-02-01,0.0,-365.38077,0.0
2024-02-01,0.0,-365.38077,0.0
2024-02-01,0.0,-365.38077,25951.464
2024-02-01,0.0,-365.38077,0.0
2024-02-01,0.0,-365.38077,0.0
2024-02-01,0.0,-365.38077,17833.928
2024-02-01,0.0,-365.38077,0.0
2024-02-01,0.0,-365.38077,807.24
2024-02-01,0.0,-365.38077,2499.84
2024-02-01,0.0,-365.38077,0.0
2024-02-01,0.0,-365.38077,0.0
2024-02-01,0.0,-365.38077,5249.664
2024-02-01,0.0,-365.38077,0.0
2024-02-01,0.0,-365.38077,3437.28
2024-02-01,0.0,-365.38077,807.24
2024-02-01,0.0,-365.38077,161.448
2024-02-01,0.0,-365.38077,0.0
2024-02-01,0.0,-365.38077,0.0
2024-02-01,0.0,-365.38077,17189.872
2024-02-01,0.0,-365.38077,0.0
2024-02-01,0.0,-365.38077,0.0
2024-02-01,0.0,-365.38077,24217.2
2024-02-01,0.0,-365.38077,0.0
2024-02-01,0.0,-365.38077,0.0
2024-02-01,0.0,-365.38077,10343.088
2024-02-01,0.0,-365.38077,5650.68
2024-02-01,0.0,-365.38077,0.0
2024-02-01,0.0,-365.38077,0.0
2024-02-01,0.0,-365.38077,161.448
2024-02-01,0.0,-365.38077,0.0
2024-02-01,0.0,-365.38077,34424.88
2024-02-01,0.0,-365.38077,1687.392
2024-02-01,0.0,-365.38077,6942.264
2024-02-01,0.0,-365.38077,1812.384
2024-02-01,0.0,-365.38077,8233.848
2024-02-01,0.0,-365.38077,3437.28
2024-02-01,0.0,-365.38077,161.448
2024-02-01,0.0,-365.38077,0.0
2024-02-01,0.0,-365.38077,0.0
2024-02-01,0.0,-365.38077,161.448
2024-02-01,0.0,-365.38077,24661.616
2024-02-01,0.0,-365.38077,9202.536
2024-02-01,0.0,-365.38077,0.0
2024-02-01,0.0,-365.38077,0.0
2024-02-01,0.0,-365.38077,0.0
2024-02-01,0.0,-365.38077,624.96
2024-02-01,0.0,-365.38077,0.0
2024-02-01,0.0,-365.38077,0.0
2024-02-01,0.0,-365.38077,0.0
2024-02-01,0.0,-365.38077,0.0
2024-02-01,0.0,-365.38077,807.24
2024-02-01,0.0,-365.38077,2421.72
2024-02-01,0.0,-365.38077,2098.824
2024-02-01,0.0,-365.38077,2687.328
2024-02-01,0.0,-365.38077,2286.312
2024-02-01,0.0,-365.38077,0.0
2024-02-01,0.0,-365.38077,48989.052
2024-02-01,0.0,-365.38077,8556.744
2024-02-01,0.0,-365.38077,1098.888
2024-02-01,0.0,-365.38077,1874.88
2024-02-01,0.0,-365.38077,161.448
2024-02-01,0.0,-365.38077,0.0
2024-02-01,0.0,-365.38077,749.952
2024-02-01,0.0,-365.38077,1187.424
2024-02-01,0.0,-365.38077,0.0
2024-02-01,0.0,-365.38077,1874.88
2024-02-01,0.0,-365.38077,807.24
2024-02-01,0.0,-365.38077,0.0
2024-02-01,0.0,-365.38077,4312.224
2024-02-01,0.0,-365.38077,999.936
2024-02-01,0.0,-365.38077,0.0
2024-02-01,0.0,-365.38077,17800.944
2024-02-01,0.0,-365.38077,0.0
2024-02-01,0.0,-365.38077,0.0
2024-02-01,0.0,-365.38077,5327.784
2024-02-01,0.0,-365.38077,0.0
2024-02-01,0.0,-365.38077,0.0
2024-02-01,0.0,-365.38077,1614.48
2024-02-01,0.0,-365.38077,62.496
2024-02-01,0.0,-365.38077,2265.48
2024-02-01,0.0,-365.38077,3228.96
2024-02-01,0.0,-365.38077,27204.856
2024-02-01,0.0,-365.38077,0.0
2024-02-01,0.0,-365.38077,0.0
2024-02-01,0.0,-365.38077,0.0
2024-02-01,0.0,-365.38077,1437.408
2024-02-01,0.0,-365.38077,17228.064
2024-02-01,0.0,-365.38077,0.0
2024-02-01,0.0,-365.38077,0.0
2024-02-01,0.0,-365.38077,0.0
2024-02-01,0.0,-365.38077,0.0
2024-02-01,0.0,-365.38077,0.0
2024-02-01,0.0,-365.38077,2265.48
2024-02-01,0.0,-365.38077,0.0
2024-02-01,0.0,-365.38077,62.496
2024-02-01,0.0,-365.38077,0.0
2024-02-01,0.0,-365.38077,0.0
2024-02-01,0.0,-365.38077,4249.728
2024-02-01,0.0,-365.38077,2744.616
2024-02-01,0.0,-365.38077,0.0
2024-02-01,0.0,-365.38077,999.936
2024-02-01,0.0,-365.38077,0.0
2024-02-01,0.0,-365.38077,0.0
2024-02-01,0.0,-365.38077,0.0
2024-02-01,0.0,-365.38077,0.0
2024-02-01,0.0,-365.38077,0.0
2024-02-01,0.0,-365.38077,0.0
2024-02-01,0.0,-365.38077,749.952
2024-02-01,0.0,-365.38077,0.0
2024-02-01,0.0,-365.38077,42249.9
2024-02-01,0.0,-365.38077,0.0
2024-02-01,0.0,-365.38077,0.0
2024-02-01,0.0,-365.38077,0.0
2024-02-01,0.0,-365.38077,0.0
2024-02-01,0.0,-365.38077,0.0
2024-02-01,0.0,-365.38077,0.0
2024-02-01,0.0,-365.38077,0.0
2024-02-01,0.0,-365.38077,0.0
2024-02-01,0.0,-365.38077,0.0
2024-02-01,0.0,-365.38077,0.0
2024-02-01,0.0,-365.38077,0.0
2024-02-01,0.0,-365.38077,1775.928
2024-02-01,0.0,-365.38077,2098.824
2024-02-01,0.0,-365.38077,20233.948
2024-02-01,0.0,-365.38077,3374.784
2024-02-01,0.0,-365.38077,0.0
2024-02-01,0.0,-365.38077,749.952
2024-02-01,0.0,-365.38077,0.0
2024-02-01,0.0,-365.38077,0.0
2024-02-01,0.0,-365.38077,0.0
2024-02-01,0.0,-365.38077,1062.432
2024-02-01,0.0,-365.38077,0.0
2024-02-01,0.0,-365.38077,0.0
2024-02-01,0.0,-365.38077,1775.928
2024-02-01,0.0,-365.38077,0.0
2024-02-01,0.0,-365.38077,0.0
2024-02-01,0.0,-365.38077,5973.576
2024-02-01,0.0,-365.38077,0.0
2024-02-01,0.0,-365.38077,0.0
2024-02-01,0.0,-365.38077,0.0
2024-02-01,0.0,-365.38077,0.0
2024-02-01,0.0,-365.38077,0.0
2024-02-01,0.0,-365.38077,0.0
2024-02-01,0.0,-365.38077,0.0
2024-02-01,0.0,-365.38077,999.936
2024-02-01,0.0,-365.38077,0.0
2024-02-01,0.0,-365.38077,0.0
2024-02-01,0.0,-365.38077,4681.992
2024-02-01,0.0,-365.38077,0.0
2024-02-01,0.0,-365.38077,0.0
2024-02-01,0.0,-365.38077,13723.08
2024-02-01,0.0,-365.38077,0.0
2024-02-01,0.0,-365.38077,6457.92
2024-02-01,0.0,-365.38077,0.0
2024-02-01,0.0,-365.38077,0.0
2024-02-01,0.0,-365.38077,8956.024
2024-02-01,0.0,-365.38077,3228.96
2024-02-01,0.0,-365.38077,0.0
2024-03-01,0.0,-340.42465,0.0
2024-03-01,0.0,-340.42465,22772.464
2024-03-01,0.0,-340.42465,0.0
2024-03-01,0.0,-340.42465,0.0
2024-03-01,0.0,-340.42465,4542.12
2024-03-01,0.0,-340.42465,8765.152
2024-03-01,0.0,-340.42465,6661.776
2024-03-01,0.0,-340.42465,18471.288
2024-03-01,0.0,-340.42465,35962.52
2024-03-01,0.0,-340.42465,40713.838
2024-03-01,0.0,-340.42465,151.404
2024-03-01,0.0,-340.42465,8630.028
2024-03-01,0.0,-340.42465,0.0
2024-03-01,0.0,-340.42465,0.0
2024-03-01,0.0,-340.42465,33855.888
2024-03-01,0.0,-340.42465,7267.392
2024-03-01,0.0,-340.42465,25054.92
2024-03-01,0.0,-340.42465,9235.644
2024-03-01,0.0,-340.42465,0.0
2024-03-01,0.0,-340.42465,22256.388
2024-03-01,0.0,-340.42465,20664.204
2024-03-01,0.0,-340.42465,8781.432
2024-03-01,0.0,-340.42465,4542.12
2024-03-01,0.0,-340.42465,0.0
2024-03-01,0.0,-340.42465,0.0
2024-03-01,0.0,-340.42465,0.0
2024-03-01,0.0,-340.42465,1816.848
2024-03-01,0.0,-340.42465,0.0
2024-03-01,0.0,-340.42465,1968.252
2024-03-01,0.0,-340.42465,0.0
2024-03-01,0.0,-340.42465,35508.308
2024-03-01,0.0,-340.42465,0.0
2024-03-01,0.0,-340.42465,0.0
2024-03-01,0.0,-340.42465,0.0
2024-03-01,0.0,-340.42465,0.0
2024-03-01,0.0,-340.42465,0.0
2024-03-01,0.0,-340.42465,4693.524
2024-03-01,0.0,-340.42465,0.0
2024-03-01,0.0,-340.42465,0.0
2024-03-01,0.0,-340.42465,0.0
2024-03-01,0.0,-340.42465,0.0
2024-03-01,0.0,-340.42465,0.0
2024-03-01,0.0,-340.42465,0.0
2024-03-01,0.0,-340.42465,0.0
2024-03-01,0.0,-340.42465,24400.464
2024-03-01,0.0,-340.42465,0.0
2024-03-01,0.0,-340.42465,16817.24
2024-03-01,0.0,-340.42465,0.0
2024-03-01,0.0,-340.42465,45342.242
2024-03-01,0.0,-340.42465,21385.408
2024-03-01,0.0,-340.42465,4542.12
2024-03-01,0.0,-340.42465,4844.928
2024-03-01,0.0,-340.42465,1758.24
2024-03-01,0.0,-340.42465,0.0
2024-03-01,0.0,-340.42465,0.0
2024-03-01,0.0,-340.42465,0.0
2024-03-01,0.0,-340.42465,0.0
2024-03-01,0.0,-340.42465,0.0
2024-03-01,0.0,-340.42465,0.0
2024-03-01,0.0,-340.42465,25575.88
2024-03-01,0.0,-340.42465,0.0
2024-03-01,0.0,-340.42465,0.0
2024-03-01,0.0,-340.42465,15542.516
2024-03-01,0.0,-340.42465,0.0
2024-03-01,0.0,-340.42465,2876.676
2024-03-01,0.0,-340.42465,2520.144
2024-03-01,0.0,-340.42465,0.0
2024-03-01,0.0,-340.42465,0.0
2024-03-01,0.0,-340.42465,5274.72
2024-03-01,0.0,-340.42465,0.0
2024-03-01,0.0,-340.42465,3516.48
2024-03-01,0.0,-340.42465,3028.08
2024-03-01,0.0,-340.42465,0.0
2024-03-01,0.0,-340.42465,0.0
2024-03-01,0.0,-340.42465,0.0
2024-03-01,0.0,-340.42465,17777.76
2024-03-01,0.0,-340.42465,0.0
2024-03-01,0.0,-340.42465,0.0
2024-03-01,0.0,-340.42465,26949.912
2024-03-01,0.0,-340.42465,0.0
2024-03-01,0.0,-340.42465,0.0
2024-03-01,0.0,-340.42465,11062.26
2024-03-01,0.0,-340.42465,7873.008
2024-03-01,0.0,-340.42465,0.0
2024-03-01,0.0,-340.42465,0.0
2024-03-01,0.0,-340.42465,0.0
2024-03-01,0.0,-340.42465,0.0
2024-03-01,0.0,-340.42465,34671.516
2024-03-01,0.0,-340.42465,1582.416
2024-03-01,0.0,-340.42465,7418.796
2024-03-01,0.0,-340.42465,1641.024
2024-03-01,0.0,-340.42465,8630.028
2024-03-01,0.0,-340.42465,3633.696
2024-03-01,0.0,-340.42465,4693.524
2024-03-01,0.0,-340.42465,0.0
2024-03-01,0.0,-340.42465,0.0
2024-03-01,0.0,-340.42465,0.0
2024-03-01,0.0,-340.42465,25393.544
2024-03-01,0.0,-340.42465,9387.048
2024-03-01,0.0,-340.42465,0.0
2024-03-01,0.0,-340.42465,0.0
2024-03-01,0.0,-340.42465,0.0
2024-03-01,0.0,-340.42465,703.296
2024-03-01,0.0,-340.42465,0.0
2024-03-01,0.0,-340.42465,0.0
2024-03-01,0.0,-340.42465,0.0
2024-03-01,0.0,-340.42465,3028.08
2024-03-01,0.0,-340.42465,0.0
2024-03-01,0.0,-340.42465,3677.652
2024-03-01,0.0,-340.42465,4542.12
2024-03-01,0.0,-340.42465,2578.752
2024-03-01,0.0,-340.42465,1582.416
2024-03-01,0.0,-340.42465,0.0
2024-03-01,0.0,-340.42465,50761.854
2024-03-01,0.0,-340.42465,9597.06
2024-03-01,0.0,-340.42465,879.12
2024-03-01,0.0,-340.42465,1758.24
2024-03-01,0.0,-340.42465,4693.524
2024-03-01,0.0,-340.42465,0.0
2024-03-01,0.0,-340.42465,761.904
2024-03-01,0.0,-340.42465,1113.552
2024-03-01,0.0,-340.42465,0.0
2024-03-01,0.0,-340.42465,1816.848
2024-03-01,0.0,-340.42465,2876.676
2024-03-01,0.0,-340.42465,293.04
2024-03-01,0.0,-340.42465,3809.52
2024-03-01,0.0,-340.42465,1054.944
2024-03-01,0.0,-340.42465,757.02
2024-03-01,0.0,-340.42465,21536.812
2024-03-01,0.0,-340.42465,0.0
2024-03-01,0.0,-340.42465,0.0
2024-03-01,0.0,-340.42465,8024.412
2024-03-01,0.0,-340.42465,6510.372
2024-03-01,0.0,-340.42465,0.0
2024-03-01,0.0,-340.42465,58.608
2024-03-01,0.0,-340.42465,210.012
2024-03-01,0.0,-340.42465,757.02
2024-03-01,0.0,-340.42465,1973.136
2024-03-01,0.0,-340.42465,3482.292
2024-03-01,0.0,-340.42465,30774.084
2024-03-01,0.0,-340.42465,0.0
2024-03-01,0.0,-340.42465,0.0
2024-03-01,0.0,-340.42465,0.0
2024-03-01,0.0,-340.42465,1406.592
2024-03-01,0.0,-340.42465,17422.856
2024-03-01,0.0,-340.42465,0.0
2024-03-01,0.0,-340.42465,0.0
2024-03-01,0.0,-340.42465,0.0
2024-03-01,0.0,-340.42465,0.0
2024-03-01,0.0,-340.42465,0.0
2024-03-01,0.0,-340.42465,1973.136
2024-03-01,0.0,-340.42465,0.0
2024-03-01,0.0,-340.42465,58.608
2024-03-01,0.0,-340.42465,0.0
2024-03-01,0.0,-340.42465,293.04
2024-03-01,0.0,-340.42465,3692.304
2024-03-01,0.0,-340.42465,8327.22
2024-03-01,0.0,-340.42465,0.0
2024-03-01,0.0,-340.42465,1054.944
2024-03-01,0.0,-340.42465,0.0
2024-03-01,0.0,-340.42465,0.0
2024-03-01,0.0,-340.42465,0.0
2024-03-01,0.0,-340.42465,0.0
2024-03-01,0.0,-340.42465,0.0
2024-03-01,0.0,-340.42465,0.0
2024-03-01,0.0,-340.42465,703.296
2024-03-01,0.0,-340.42465,0.0
2024-03-01,0.0,-340.42465,44323.114
2024-03-01,0.0,-340.42465,0.0
2024-03-01,0.0,-340.42465,0.0
2024-03-01,0.0,-340.42465,0.0
2024-03-01,0.0,-340.42465,0.0
2024-03-01,0.0,-340.42465,0.0
2024-03-01,0.0,-340.42465,0.0
2024-03-01,0.0,-340.42465,1054.944
2024-03-01,0.0,-340.42465,0.0
2024-03-01,0.0,-340.42465,0.0
2024-03-01,0.0,-340.42465,0.0
2024-03-01,0.0,-340.42465,0.0
2024-03-01,0.0,-340.42465,4542.12
2024-03-01,0.0,-340.42465,1968.252
2024-03-01,0.0,-340.42465,22768.394
2024-03-01,0.0,-340.42465,3223.44
2024-03-01,0.0,-340.42465,0.0
2024-03-01,0.0,-340.42465,761.904
2024-03-01,0.0,-340.42465,0.0
2024-03-01,0.0,-340.42465,0.0
2024-03-01,0.0,-340.42465,0.0
2024-03-01,0.0,-340.42465,6358.968
2024-03-01,0.0,-340.42465,0.0
2024-03-01,0.0,-340.42465,0.0
2024-03-01,0.0,-340.42465,0.0
2024-03-01,0.0,-340.42465,0.0
2024-03-01,0.0,-340.42465,187.22
2024-03-01,0.0,-340.42465,7873.008
2024-03-01,0.0,-340.42465,0.0
2024-03-01,0.0,-340.42465,0.0
2024-03-01,0.0,-340.42465,0.0
2024-03-01,0.0,-340.42465,0.0
2024-03-01,0.0,-340.42465,0.0
2024-03-01,0.0,-340.42465,0.0
2024-03-01,0.0,-340.42465,1054.944
2024-03-01,0.0,-340.42465,0.0
2024-03-01,0.0,-340.42465,0.0
2024-03-01,0.0,-340.42465,4542.12
2024-03-01,0.0,-340.42465,58.608
2024-03-01,0.0,-340.42465,0.0
2024-03-01,0.0,-340.42465,3482.292
2024-03-01,0.0,-340.42465,14231.976
2024-03-01,0.0,-340.42465,0.0
2024-03-01,0.0,-340.42465,6510.372
2024-03-01,0.0,-340.42465,58.608
2024-03-01,0.0,-340.42465,0.0
2024-03-01,0.0,-340.42465,8765.152
2024-03-01,0.0,-340.42465,0.0
2024-04-01,0.0,-332.44244,4520.172
2024-04-01,0.0,-332.44244,41040.212
2024-04-01,0.0,-332.44244,0.0
2024-04-01,0.0,-332.44244,21781.296
2024-04-01,0.0,-332.44244,6702.324
2024-04-01,0.0,-332.44244,0.0
2024-04-01,0.0,-332.44244,44555.622
2024-04-01,0.0,-332.44244,12856.596
2024-04-01,0.0,-332.44244,4052.568
2024-04-01,0.0,-332.44244,0.0
2024-04-01,0.0,-332.44244,0.0
2024-04-01,0.0,-332.44244,4676.04
2024-04-01,0.0,-332.44244,36256.908
2024-04-01,0.0,-332.44244,7637.532
2024-04-01,0.0,-332.44244,3740.832
2024-04-01,0.0,-332.44244,24747.816
2024-04-01,0.0,-332.44244,5922.984
2024-04-01,0.0,-332.44244,0.0
2024-04-01,0.0,-332.44244,21881.856
2024-04-01,0.0,-332.44244,26009.844
2024-04-01,0.0,-332.44244,9352.08
2024-04-01,0.0,-332.44244,1810.08
2024-04-01,0.0,-332.44244,17301.348
2024-04-01,0.0,-332.44244,0.0
2024-04-01,0.0,-332.44244,4676.04
2024-04-01,0.0,-332.44244,0.0
2024-04-01,0.0,-332.44244,0.0
2024-04-01,0.0,-332.44244,0.0
2024-04-01,0.0,-332.44244,2805.624
2024-04-01,0.0,-332.44244,0.0
2024-04-01,0.0,-332.44244,41159.208
2024-04-01,0.0,-332.44244,0.0
2024-04-01,0.0,-332.44244,2026.284
2024-04-01,0.0,-332.44244,0.0
2024-04-01,0.0,-332.44244,0.0
2024-04-01,0.0,-332.44244,0.0
2024-04-01,0.0,-332.44244,4676.04
2024-04-01,0.0,-332.44244,0.0
2024-04-01,0.0,-332.44244,4052.568
2024-04-01,0.0,-332.44244,0.0
2024-04-01,0.0,-332.44244,0.0
2024-04-01,0.0,-332.44244,60.336
2024-04-01,0.0,-332.44244,0.0
2024-04-01,0.0,-332.44244,28979.716
2024-04-01,0.0,-332.44244,0.0
2024-04-01,0.0,-332.44244,15972.28
2024-04-01,0.0,-332.44244,0.0
2024-04-01,0.0,-332.44244,46088.324
2024-04-01,0.0,-332.44244,29799.28
2024-04-01,0.0,-332.44244,0.0
2024-04-01,0.0,-332.44244,0.0
2024-04-01,0.0,-332.44244,3559.824
2024-04-01,0.0,-332.44244,0.0
2024-04-01,0.0,-332.44244,8572.74
2024-04-01,0.0,-332.44244,0.0
2024-04-01,0.0,-332.44244,0.0
2024-04-01,0.0,-332.44244,935.208
2024-04-01,0.0,-332.44244,0.0
2024-04-01,0.0,-332.44244,0.0
2024-04-01,0.0,-332.44244,31332.82
2024-04-01,0.0,-332.44244,0.0
2024-04-01,0.0,-332.44244,0.0
2024-04-01,0.0,-332.44244,17145.48
2024-04-01,0.0,-332.44244,0.0
2024-04-01,0.0,-332.44244,0.0
2024-04-01,0.0,-332.44244,2473.776
2024-04-01,0.0,-332.44244,0.0
2024-04-01,0.0,-332.44244,0.0
2024-04-01,0.0,-332.44244,5188.896
2024-04-01,0.0,-332.44244,0.0
2024-04-01,0.0,-332.44244,3559.824
2024-04-01,0.0,-332.44244,4676.04
2024-04-01,0.0,-332.44244,0.0
2024-04-01,0.0,-332.44244,0.0
2024-04-01,0.0,-332.44244,0.0
2024-04-01,0.0,-332.44244,18999.136
2024-04-01,0.0,-332.44244,4676.04
2024-04-01,0.0,-332.44244,0.0
2024-04-01,0.0,-332.44244,25310.952
2024-04-01,0.0,-332.44244,0.0
2024-04-01,0.0,-332.44244,0.0
2024-04-01,0.0,-332.44244,8261.004
2024-04-01,0.0,-332.44244,0.0
2024-04-01,0.0,-332.44244,0.0
2024-04-01,0.0,-332.44244,0.0
2024-04-01,0.0,-332.44244,0.0
2024-04-01,0.0,-332.44244,38066.988
2024-04-01,0.0,-332.44244,1870.416
2024-04-01,0.0,-332.44244,7325.796
2024-04-01,0.0,-332.44244,905.04
2024-04-01,0.0,-332.44244,4208.436
2024-04-01,0.0,-332.44244,6895.064
2024-04-01,0.0,-332.44244,0.0
2024-04-01,0.0,-332.44244,0.0
2024-04-01,0.0,-332.44244,0.0
2024-04-01,0.0,-332.44244,2026.284
2024-04-01,0.0,-332.44244,24362.336
2024-04-01,0.0,-332.44244,5922.984
2024-04-01,0.0,-332.44244,0.0
2024-04-01,0.0,-332.44244,0.0
2024-04-01,0.0,-332.44244,0.0
2024-04-01,0.0,-332.44244,0.0
2024-04-01,0.0,-332.44244,0.0
2024-04-01,0.0,-332.44244,0.0
2024-04-01,0.0,-332.44244,2353.104
2024-04-01,0.0,-332.44244,0.0
2024-04-01,0.0,-332.44244,0.0
2024-04-01,0.0,-332.44244,0.0
2024-04-01,0.0,-332.44244,0.0
2024-04-01,0.0,-332.44244,3559.824
2024-04-01,0.0,-332.44244,1629.072
2024-04-01,0.0,-332.44244,0.0
2024-04-01,0.0,-332.44244,54325.864
2024-04-01,0.0,-332.44244,8572.74
2024-04-01,0.0,-332.44244,301.68
2024-04-01,0.0,-332.44244,965.376
2024-04-01,0.0,-332.44244,6739.196
2024-04-01,0.0,-332.44244,0.0
2024-04-01,0.0,-332.44244,0.0
2024-04-01,0.0,-332.44244,1810.08
2024-04-01,0.0,-332.44244,0.0
2024-04-01,0.0,-332.44244,1810.08
2024-04-01,0.0,-332.44244,0.0
2024-04-01,0.0,-332.44244,1448.064
2024-04-01,0.0,-332.44244,3499.488
2024-04-01,0.0,-332.44244,1025.712
2024-04-01,0.0,-332.44244,0.0
2024-04-01,0.0,-332.44244,32752.392
2024-04-01,0.0,-332.44244,0.0
2024-04-01,0.0,-332.44244,0.0
2024-04-01,0.0,-332.44244,4153.128
2024-04-01,0.0,-332.44244,0.0
2024-04-01,0.0,-332.44244,2805.624
2024-04-01,0.0,-332.44244,0.0
2024-04-01,0.0,-332.44244,0.0
2024-04-01,0.0,-332.44244,1568.736
2024-04-01,0.0,-332.44244,3273.228
2024-04-01,0.0,-332.44244,33732.852
2024-04-01,0.0,-332.44244,0.0
2024-04-01,0.0,-332.44244,0.0
2024-04-01,0.0,-332.44244,0.0
2024-04-01,0.0,-332.44244,2896.128
2024-04-01,0.0,-332.44244,15972.28
2024-04-01,0.0,-332.44244,0.0
2024-04-01,0.0,-332.44244,0.0
2024-04-01,0.0,-332.44244,0.0
2024-04-01,0.0,-332.44244,0.0
2024-04-01,0.0,-332.44244,0.0
2024-04-01,0.0,-332.44244,3620.16
2024-04-01,0.0,-332.44244,0.0
2024-04-01,0.0,-332.44244,2413.44
2024-04-01,0.0,-332.44244,0.0
2024-04-01,0.0,-332.44244,1508.4
2024-04-01,0.0,-332.44244,3620.16
2024-04-01,0.0,-332.44244,6551.484
2024-04-01,0.0,-332.44244,0.0
2024-04-01,0.0,-332.44244,1508.4
2024-04-01,0.0,-332.44244,1181.58
2024-04-01,0.0,-332.44244,0.0
2024-04-01,0.0,-332.44244,15084.0
2024-04-01,0.0,-332.44244,0.0
2024-04-01,0.0,-332.44244,3801.168
2024-04-01,0.0,-332.44244,0.0
2024-04-01,0.0,-332.44244,784.368
2024-04-01,0.0,-332.44244,0.0
2024-04-01,0.0,-332.44244,52036.448
2024-04-01,0.0,-332.44244,0.0
2024-04-01,0.0,-332.44244,0.0
2024-04-01,0.0,-332.44244,995.544
2024-04-01,0.0,-332.44244,0.0
2024-04-01,0.0,-332.44244,0.0
2024-04-01,0.0,-332.44244,0.0
2024-04-01,0.0,-332.44244,0.0
2024-04-01,0.0,-332.44244,0.0
2024-04-01,0.0,-332.44244,0.0
2024-04-01,0.0,-332.44244,0.0
2024-04-01,0.0,-332.44244,0.0
2024-04-01,0.0,-332.44244,2805.624
2024-04-01,0.0,-332.44244,2805.624
2024-04-01,0.0,-332.44244,21781.296
2024-04-01,0.0,-332.44244,4223.52
2024-04-01,0.0,-332.44244,0.0
2024-04-01,0.0,-332.44244,784.368
2024-04-01,0.0,-332.44244,0.0
2024-04-01,0.0,-332.44244,0.0
2024-04-01,0.0,-332.44244,2192.208
2024-04-01,0.0,-332.44244,0.0
2024-04-01,0.0,-332.44244,0.0
2024-04-01,0.0,-332.44244,0.0
2024-04-01,0.0,-332.44244,15000.2
2024-04-01,0.0,-332.44244,1025.712
2024-04-01,0.0,-332.44244,192.74
2024-04-01,0.0,-332.44244,7949.268
2024-04-01,0.0,-332.44244,0.0
2024-04-01,0.0,-332.44244,0.0
2024-04-01,0.0,-332.44244,0.0
2024-04-01,0.0,-332.44244,0.0
2024-04-01,0.0,-332.44244,0.0
2024-04-01,0.0,-332.44244,0.0
2024-04-01,0.0,-332.44244,0.0
2024-04-01,0.0,-332.44244,1508.4
2024-04-01,0.0,-332.44244,0.0
2024-04-01,0.0,-332.44244,0.0
2024-04-01,0.0,-332.44244,4676.04
2024-04-01,0.0,-332.44244,1086.048
2024-04-01,0.0,-332.44244,0.0
2024-04-01,0.0,-332.44244,13404.648
2024-04-01,0.0,-332.44244,60.336
2024-04-01,0.0,-332.44244,6702.324
2024-04-01,0.0,-332.44244,1508.4
2024-04-01,0.0,-332.44244,0.0
2024-04-01,0.0,-332.44244,12447.652
2024-04-01,0.0,-332.44244,3273.228
2024-04-01,0.0,-332.44244,0.0
2024-04-01,0.0,-332.44244,0.0
2024-05-01,0.0,-328.10397,45016.128
2024-05-01,0.0,-328.10397,62.208
2024-05-01,0.0,-328.10397,23197.536
2024-05-01,0.0,-328.10397,0.0
2024-05-01,0.0,-328.10397,17195.328
2024-05-01,0.0,-328.10397,46942.848
2024-05-01,0.0,-328.10397,13599.36
2024-05-01,0.0,-328.10397,7231.68
2024-05-01,0.0,-328.10397,4981.824
2024-05-01,0.0,-328.10397,0.0
2024-05-01,0.0,-328.10397,4178.304
2024-05-01,0.0,-328.10397,26196.48
2024-05-01,0.0,-328.10397,0.0
2024-05-01,0.0,-328.10397,39631.68
2024-05-01,0.0,-328.10397,7070.976
2024-05-01,0.0,-328.10397,4981.824
2024-05-01,0.0,-328.10397,4821.12
2024-05-01,0.0,-328.10397,0.0
2024-05-01,0.0,-328.10397,21855.744
2024-05-01,0.0,-328.10397,27058.752
2024-05-01,0.0,-328.10397,9963.648
2024-05-01,0.0,-328.10397,2052.864
2024-05-01,0.0,-328.10397,0.0
2024-05-01,0.0,-328.10397,4981.824
2024-05-01,0.0,-328.10397,0.0
2024-05-01,0.0,-328.10397,0.0
2024-05-01,0.0,-328.10397,4660.416
2024-05-01,0.0,-328.10397,1683.072
2024-05-01,0.0,-328.10397,0.0
2024-05-01,0.0,-328.10397,43853.184
2024-05-01,0.0,-328.10397,0.0
2024-05-01,0.0,-328.10397,2249.856
2024-05-01,0.0,-328.10397,0.0
2024-05-01,0.0,-328.10397,0.0
2024-05-01,0.0,-328.10397,0.0
2024-05-01,0.0,-328.10397,4981.824
2024-05-01,0.0,-328.10397,0.0
2024-05-01,0.0,-328.10397,0.0
2024-05-01,0.0,-328.10397,4178.304
2024-05-01,0.0,-328.10397,0.0
2024-05-01,0.0,-328.10397,0.0
2024-05-01,0.0,-328.10397,0.0
2024-05-01,0.0,-328.10397,0.0
2024-05-01,0.0,-328.10397,28987.2
2024-05-01,0.0,-328.10397,0.0
2024-05-01,0.0,-328.10397,18595.008
2024-05-01,0.0,-328.10397,0.0
2024-05-01,0.0,-328.10397,51835.68
2024-05-01,0.0,-328.10397,32631.552
2024-05-01,0.0,-328.10397,0.0
2024-05-01,0.0,-328.10397,0.0
2024-05-01,0.0,-328.10397,3048.192
2024-05-01,0.0,-328.10397,0.0
2024-05-01,0.0,-328.10397,9320.832
2024-05-01,0.0,-328.10397,0.0
2024-05-01,0.0,-328.10397,1124.928
2024-05-01,0.0,-328.10397,0.0
2024-05-01,0.0,-328.10397,0.0
2024-05-01,0.0,-328.10397,33037.632
2024-05-01,0.0,-328.10397,0.0
2024-05-01,0.0,-328.10397,0.0
2024-05-01,0.0,-328.10397,18320.256
2024-05-01,0.0,-328.10397,0.0
2024-05-01,0.0,-328.10397,0.0
2024-05-01,0.0,-328.10397,2674.944
2024-05-01,0.0,-328.10397,0.0
2024-05-01,0.0,-328.10397,0.0
2024-05-01,0.0,-328.10397,5598.72
2024-05-01,0.0,-328.10397,0.0
2024-05-01,0.0,-328.10397,2985.984
2024-05-01,0.0,-328.10397,2731.968
2024-05-01,0.0,-328.10397,0.0
2024-05-01,0.0,-328.10397,0.0
2024-05-01,0.0,-328.10397,0.0
2024-05-01,0.0,-328.10397,19643.904
2024-05-01,0.0,-328.10397,2731.968
2024-05-01,0.0,-328.10397,0.0
2024-05-01,0.0,-328.10397,0.0
2024-05-01,0.0,-328.10397,0.0
2024-05-01,0.0,-328.10397,26355.456
2024-05-01,0.0,-328.10397,0.0
2024-05-01,0.0,-328.10397,8035.2
2024-05-01,0.0,-328.10397,0.0
2024-05-01,0.0,-328.10397,0.0
2024-05-01,0.0,-328.10397,0.0
2024-05-01,0.0,-328.10397,0.0
2024-05-01,0.0,-328.10397,41176.512
2024-05-01,0.0,-328.10397,1679.616
2024-05-01,0.0,-328.10397,7713.792
2024-05-01,0.0,-328.10397,995.328
2024-05-01,0.0,-328.10397,4981.824
2024-05-01,0.0,-328.10397,7269.696
2024-05-01,0.0,-328.10397,0.0
2024-05-01,0.0,-328.10397,0.0
2024-05-01,0.0,-328.10397,0.0
2024-05-01,0.0,-328.10397,2249.856
2024-05-01,0.0,-328.10397,26395.2
2024-05-01,0.0,-328.10397,4821.12
2024-05-01,0.0,-328.10397,0.0
2024-05-01,0.0,-328.10397,0.0
2024-05-01,0.0,-328.10397,0.0
2024-05-01,0.0,-328.10397,186.624
2024-05-01,0.0,-328.10397,0.0
2024-05-01,0.0,-328.10397,0.0
2024-05-01,0.0,-328.10397,1928.448
2024-05-01,0.0,-328.10397,0.0
2024-05-01,0.0,-328.10397,0.0
2024-05-01,0.0,-328.10397,0.0
2024-05-01,0.0,-328.10397,0.0
2024-05-01,0.0,-328.10397,3794.688
2024-05-01,0.0,-328.10397,1555.2
2024-05-01,0.0,-328.10397,0.0
2024-05-01,0.0,-328.10397,57782.592
2024-05-01,0.0,-328.10397,8999.424
2024-05-01,0.0,-328.10397,1119.744
2024-05-01,0.0,-328.10397,933.12
2024-05-01,0.0,-328.10397,7269.696
2024-05-01,0.0,-328.10397,0.0
2024-05-01,0.0,-328.10397,186.624
2024-05-01,0.0,-328.10397,1430.784
2024-05-01,0.0,-328.10397,0.0
2024-05-01,0.0,-328.10397,1928.448
2024-05-01,0.0,-328.10397,0.0
2024-05-01,0.0,-328.10397,1555.2
2024-05-01,0.0,-328.10397,3794.688
2024-05-01,0.0,-328.10397,933.12
2024-05-01,0.0,-328.10397,0.0
2024-05-01,0.0,-328.10397,34598.016
2024-05-01,0.0,-328.10397,0.0
2024-05-01,0.0,-328.10397,0.0
2024-05-01,0.0,-328.10397,3701.376
2024-05-01,0.0,-328.10397,0.0
2024-05-01,0.0,-328.10397,1683.072
2024-05-01,0.0,-328.10397,0.0
2024-05-01,0.0,-328.10397,0.0
2024-05-01,0.0,-328.10397,622.08
2024-05-01,0.0,-328.10397,2892.672
2024-05-01,0.0,-328.10397,34995.456
2024-05-01,0.0,-328.10397,0.0
2024-05-01,0.0,-328.10397,0.0
2024-05-01,0.0,-328.10397,0.0
2024-05-01,0.0,-328.10397,3110.4
2024-05-01,0.0,-328.10397,18273.6
2024-05-01,0.0,-328.10397,0.0
2024-05-01,0.0,-328.10397,0.0
2024-05-01,0.0,-328.10397,0.0
2024-05-01,0.0,-328.10397,0.0
2024-05-01,0.0,-328.10397,0.0
2024-05-01,0.0,-328.10397,4313.088
2024-05-01,0.0,-328.10397,0.0
2024-05-01,0.0,-328.10397,2177.28
2024-05-01,0.0,-328.10397,0.0
2024-05-01,0.0,-328.10397,1430.784
2024-05-01,0.0,-328.10397,3794.688
2024-05-01,0.0,-328.10397,5629.824
2024-05-01,0.0,-328.10397,0.0
2024-05-01,0.0,-328.10397,1119.744
2024-05-01,0.0,-328.10397,2052.864
2024-05-01,0.0,-328.10397,160.704
2024-05-01,0.0,-328.10397,15273.792
2024-05-01,0.0,-328.10397,0.0
2024-05-01,0.0,-328.10397,4313.088
2024-05-01,0.0,-328.10397,0.0
2024-05-01,0.0,-328.10397,808.704
2024-05-01,0.0,-328.10397,0.0
2024-05-01,0.0,-328.10397,52752.384
2024-05-01,0.0,-328.10397,0.0
2024-05-01,0.0,-328.10397,0.0
2024-05-01,0.0,-328.10397,1124.928
2024-05-01,0.0,-328.10397,0.0
2024-05-01,0.0,-328.10397,0.0
2024-05-01,0.0,-328.10397,0.0
2024-05-01,0.0,-328.10397,0.0
2024-05-01,0.0,-328.10397,0.0
2024-05-01,0.0,-328.10397,0.0
2024-05-01,0.0,-328.10397,0.0
2024-05-01,0.0,-328.10397,0.0
2024-05-01,0.0,-328.10397,1683.072
2024-05-01,0.0,-328.10397,1683.072
2024-05-01,0.0,-328.10397,23197.536
2024-05-01,0.0,-328.10397,4478.976
2024-05-01,0.0,-328.10397,0.0
2024-05-01,0.0,-328.10397,808.704
2024-05-01,0.0,-328.10397,0.0
2024-05-01,0.0,-328.10397,0.0
2024-05-01,0.0,-328.10397,1653.696
2024-05-01,0.0,-328.10397,0.0
2024-05-01,0.0,-328.10397,0.0
2024-05-01,0.0,-328.10397,0.0
2024-05-01,0.0,-328.10397,15410.304
2024-05-01,0.0,-328.10397,933.12
2024-05-01,0.0,-328.10397,160.704
2024-05-01,0.0,-328.10397,7874.496
2024-05-01,0.0,-328.10397,0.0
2024-05-01,0.0,-328.10397,0.0
2024-05-01,0.0,-328.10397,0.0
2024-05-01,0.0,-328.10397,0.0
2024-05-01,0.0,-328.10397,0.0
2024-05-01,0.0,-328.10397,0.0
2024-05-01,0.0,-328.10397,0.0
2024-05-01,0.0,-328.10397,1057.536
2024-05-01,0.0,-328.10397,0.0
2024-05-01,0.0,-328.10397,0.0
2024-05-01,0.0,-328.10397,4981.824
2024-05-01,0.0,-328.10397,2052.864
2024-05-01,0.0,-328.10397,0.0
2024-05-01,0.0,-328.10397,13981.248
2024-05-01,0.0,-328.10397,62.208
2024-05-01,0.0,-328.10397,7231.68
2024-05-01,0.0,-328.10397,622.08
2024-05-01,0.0,-328.10397,0.0
2024-05-01,0.0,-328.10397,13599.36
2024-05-01,0.0,-328.10397,2731.968
2024-05-01,0.0,-328.10397,0.0
2024-05-01,0.0,-328.10397,0.0
2024-06-01,0.0,-326.38705,36806.0
2024-06-01,0.0,-326.38705,0.0
2024-06-01,0.0,-326.38705,22049.125
2024-06-01,0.0,-326.38705,0.0
2024-06-01,0.0,-326.38705,19204.5
2024-06-01,0.0,-326.38705,56641.375
2024-06-01,0.0,-326.38705,14311.5
2024-06-01,0.0,-326.38705,6835.5
2024-06-01,0.0,-326.38705,4882.5
2024-06-01,0.0,-326.38705,0.0
2024-06-01,0.0,-326.38705,4719.75
2024-06-01,0.0,-326.38705,31599.75
2024-06-01,0.0,-326.38705,63.0
2024-06-01,0.0,-326.38705,34014.75
2024-06-01,0.0,-326.38705,7323.75
2024-06-01,0.0,-326.38705,9765.0
2024-06-01,0.0,-326.38705,9439.5
2024-06-01,0.0,-326.38705,0.0
2024-06-01,0.0,-326.38705,23598.75
2024-06-01,0.0,-326.38705,21061.25
2024-06-01,0.0,-326.38705,9765.0
2024-06-01,0.0,-326.38705,1953.0
2024-06-01,0.0,-326.38705,0.0
2024-06-01,0.0,-326.38705,4719.75
2024-06-01,0.0,-326.38705,0.0
2024-06-01,0.0,-326.38705,0.0
2024-06-01,0.0,-326.38705,4882.5
2024-06-01,0.0,-326.38705,2604.0
2024-06-01,0.0,-326.38705,0.0
2024-06-01,0.0,-326.38705,34938.75
2024-06-01,0.0,-326.38705,0.0
2024-06-01,0.0,-326.38705,2278.5
2024-06-01,0.0,-326.38705,0.0
2024-06-01,0.0,-326.38705,0.0
2024-06-01,0.0,-326.38705,0.0
2024-06-01,0.0,-326.38705,4882.5
2024-06-01,0.0,-326.38705,0.0
2024-06-01,0.0,-326.38705,0.0
2024-06-01,0.0,-326.38705,4719.75
2024-06-01,0.0,-326.38705,0.0
2024-06-01,0.0,-326.38705,0.0
2024-06-01,0.0,-326.38705,0.0
2024-06-01,0.0,-326.38705,0.0
2024-06-01,0.0,-326.38705,27184.5
2024-06-01,0.0,-326.38705,0.0
2024-06-01,0.0,-326.38705,17645.25
2024-06-01,0.0,-326.38705,0.0
2024-06-01,0.0,-326.38705,51914.625
2024-06-01,0.0,-326.38705,29760.5
2024-06-01,0.0,-326.38705,0.0
2024-06-01,0.0,-326.38705,0.0
2024-06-01,0.0,-326.38705,3024.0
2024-06-01,0.0,-326.38705,0.0
2024-06-01,0.0,-326.38705,10741.5
2024-06-01,0.0,-326.38705,0.0
2024-06-01,0.0,-326.38705,4882.5
2024-06-01,0.0,-326.38705,0.0
2024-06-01,0.0,-326.38705,0.0
2024-06-01,0.0,-326.38705,26790.75
2024-06-01,0.0,-326.38705,0.0
2024-06-01,0.0,-326.38705,0.0
2024-06-01,0.0,-326.38705,16600.5
2024-06-01,0.0,-326.38705,0.0
2024-06-01,0.0,-326.38705,0.0
2024-06-01,0.0,-326.38705,2961.0
2024-06-01,0.0,-326.38705,0.0
2024-06-01,0.0,-326.38705,0.0
2024-06-01,0.0,-326.38705,5355.0
2024-06-01,0.0,-326.38705,0.0
2024-06-01,0.0,-326.38705,3087.0
2024-06-01,0.0,-326.38705,1464.75
2024-06-01,0.0,-326.38705,0.0
2024-06-01,0.0,-326.38705,0.0
2024-06-01,0.0,-326.38705,0.0
2024-06-01,0.0,-326.38705,24164.0
2024-06-01,0.0,-326.38705,1464.75
2024-06-01,0.0,-326.38705,0.0
2024-06-01,0.0,-326.38705,0.0
2024-06-01,0.0,-326.38705,0.0
2024-06-01,0.0,-326.38705,23761.5
2024-06-01,0.0,-326.38705,0.0
2024-06-01,0.0,-326.38705,10090.5
2024-06-01,0.0,-326.38705,0.0
2024-06-01,0.0,-326.38705,0.0
2024-06-01,0.0,-326.38705,0.0
2024-06-01,0.0,-326.38705,0.0
2024-06-01,0.0,-326.38705,35904.75
2024-06-01,0.0,-326.38705,1449.0
2024-06-01,0.0,-326.38705,7812.0
2024-06-01,0.0,-326.38705,1890.0
2024-06-01,0.0,-326.38705,9765.0
2024-06-01,0.0,-326.38705,7238.0
2024-06-01,0.0,-326.38705,0.0
2024-06-01,0.0,-326.38705,0.0
2024-06-01,0.0,-326.38705,0.0
2024-06-01,0.0,-326.38705,2278.5
2024-06-01,0.0,-326.38705,31762.5
2024-06-01,0.0,-326.38705,9602.25
2024-06-01,0.0,-326.38705,0.0
2024-06-01,0.0,-326.38705,0.0
2024-06-01,0.0,-326.38705,0.0
2024-06-01,0.0,-326.38705,882.0
2024-06-01,0.0,-326.38705,0.0
2024-06-01,0.0,-326.38705,0.0
2024-06-01,0.0,-326.38705,2016.0
2024-06-01,0.0,-326.38705,0.0
2024-06-01,0.0,-326.38705,0.0
2024-06-01,0.0,-326.38705,0.0
2024-06-01,0.0,-326.38705,2604.0
2024-06-01,0.0,-326.38705,5607.0
2024-06-01,0.0,-326.38705,7381.5
2024-06-01,0.0,-326.38705,0.0
2024-06-01,0.0,-326.38705,63455.0
2024-06-01,0.0,-326.38705,10416.0
2024-06-01,0.0,-326.38705,1260.0
2024-06-01,0.0,-326.38705,1890.0
2024-06-01,0.0,-326.38705,7400.75
2024-06-01,0.0,-326.38705,0.0
2024-06-01,0.0,-326.38705,882.0
2024-06-01,0.0,-326.38705,1512.0
2024-06-01,0.0,-326.38705,0.0
2024-06-01,0.0,-326.38705,1827.0
2024-06-01,0.0,-326.38705,0.0
2024-06-01,0.0,-326.38705,1512.0
2024-06-01,0.0,-326.38705,4399.5
2024-06-01,0.0,-326.38705,1134.0
2024-06-01,0.0,-326.38705,2604.0
2024-06-01,0.0,-326.38705,29961.75
2024-06-01,0.0,-326.38705,0.0
2024-06-01,0.0,-326.38705,0.0
2024-06-01,0.0,-326.38705,5045.25
2024-06-01,0.0,-326.38705,0.0
2024-06-01,0.0,-326.38705,3580.5
2024-06-01,0.0,-326.38705,0.0
2024-06-01,0.0,-326.38705,0.0
2024-06-01,0.0,-326.38705,630.0
2024-06-01,0.0,-326.38705,3580.5
2024-06-01,0.0,-326.38705,33230.75
2024-06-01,0.0,-326.38705,0.0
2024-06-01,0.0,-326.38705,0.0
2024-06-01,0.0,-326.38705,0.0
2024-06-01,0.0,-326.38705,3654.0
2024-06-01,0.0,-326.38705,17970.75
2024-06-01,0.0,-326.38705,0.0
2024-06-01,0.0,-326.38705,0.0
2024-06-01,0.0,-326.38705,0.0
2024-06-01,0.0,-326.38705,0.0
2024-06-01,0.0,-326.38705,0.0
2024-06-01,0.0,-326.38705,2709.0
2024-06-01,0.0,-326.38705,0.0
2024-06-01,0.0,-326.38705,2205.0
2024-06-01,0.0,-326.38705,0.0
2024-06-01,0.0,-326.38705,1575.0
2024-06-01,0.0,-326.38705,4462.5
2024-06-01,0.0,-326.38705,7486.5
2024-06-01,0.0,-326.38705,0.0
2024-06-01,0.0,-326.38705,1008.0
2024-06-01,0.0,-326.38705,1260.0
2024-06-01,0.0,-326.38705,0.0
2024-06-01,0.0,-326.38705,19267.5
2024-06-01,0.0,-326.38705,0.0
2024-06-01,0.0,-326.38705,2583.0
2024-06-01,0.0,-326.38705,0.0
2024-06-01,0.0,-326.38705,756.0
2024-06-01,0.0,-326.38705,0.0
2024-06-01,0.0,-326.38705,61060.125
2024-06-01,0.0,-326.38705,0.0
2024-06-01,0.0,-326.38705,0.0
2024-06-01,0.0,-326.38705,4882.5
2024-06-01,0.0,-326.38705,0.0
2024-06-01,0.0,-326.38705,0.0
2024-06-01,0.0,-326.38705,0.0
2024-06-01,0.0,-326.38705,0.0
2024-06-01,0.0,-326.38705,0.0
2024-06-01,0.0,-326.38705,0.0
2024-06-01,0.0,-326.38705,0.0
2024-06-01,0.0,-326.38705,0.0
2024-06-01,0.0,-326.38705,3580.5
2024-06-01,0.0,-326.38705,2604.0
2024-06-01,0.0,-326.38705,22413.125
2024-06-01,0.0,-326.38705,6048.0
2024-06-01,0.0,-326.38705,0.0
2024-06-01,0.0,-326.38705,756.0
2024-06-01,0.0,-326.38705,0.0
2024-06-01,0.0,-326.38705,0.0
2024-06-01,0.0,-326.38705,8848.0
2024-06-01,0.0,-326.38705,0.0
2024-06-01,0.0,-326.38705,0.0
2024-06-01,0.0,-326.38705,0.0
2024-06-01,0.0,-326.38705,19204.5
2024-06-01,0.0,-326.38705,1134.0
2024-06-01,0.0,-326.38705,162.75
2024-06-01,0.0,-326.38705,9602.25
2024-06-01,0.0,-326.38705,0.0
2024-06-01,0.0,-326.38705,0.0
2024-06-01,0.0,-326.38705,0.0
2024-06-01,0.0,-326.38705,0.0
2024-06-01,0.0,-326.38705,0.0
2024-06-01,0.0,-326.38705,0.0
2024-06-01,0.0,-326.38705,0.0
2024-06-01,0.0,-326.38705,1008.0
2024-06-01,0.0,-326.38705,0.0
2024-06-01,0.0,-326.38705,0.0
2024-06-01,0.0,-326.38705,4394.25
2024-06-01,0.0,-326.38705,1260.0
2024-06-01,0.0,-326.38705,0.0
2024-06-01,0.0,-326.38705,16275.0
2024-06-01,0.0,-326.38705,0.0
2024-06-01,0.0,-326.38705,6835.5
2024-06-01,0.0,-326.38705,630.0
2024-06-01,0.0,-326.38705,0.0
2024-06-01,0.0,-326.38705,14110.25
2024-06-01,0.0,-326.38705,3255.0
2024-06-01,0.0,-326.38705,0.0
2024-06-01,0.0,-326.38705,0.0
2024-07-01,0.0,-326.6711,45005.616
2024-07-01,0.0,-326.6711,0.0
2024-07-01,0.0,-326.6711,27500.472
2024-07-01,0.0,-326.6711,0.0
2024-07-01,0.0,-326.6711,18333.648
2024-07-01,0.0,-326.6711,62993.832
2024-07-01,0.0,-326.6711,13989.552
2024-07-01,0.0,-326.6711,6937.056
2024-07-01,0.0,-326.6711,4789.872
2024-07-01,0.0,-326.6711,0.0
2024-07-01,0.0,-326.6711,3633.696
2024-07-01,0.0,-326.6711,30765.648
2024-07-01,0.0,-326.6711,63.936
2024-07-01,0.0,-326.6711,33566.4
2024-07-01,0.0,-326.6711,7597.728
2024-07-01,0.0,-326.6711,9744.912
2024-07-01,0.0,-326.6711,9910.08
2024-07-01,0.0,-326.6711,0.0
2024-07-01,0.0,-326.6711,23288.688
2024-07-01,0.0,-326.6711,22107.648
2024-07-01,0.0,-326.6711,9084.24
2024-07-01,0.0,-326.6711,1854.144
2024-07-01,0.0,-326.6711,0.0
2024-07-01,0.0,-326.6711,4789.872
2024-07-01,0.0,-326.6711,0.0
2024-07-01,0.0,-326.6711,0.0
2024-07-01,0.0,-326.6711,4955.04
2024-07-01,0.0,-326.6711,1156.176
2024-07-01,0.0,-326.6711,0.0
2024-07-01,0.0,-326.6711,43252.704
2024-07-01,0.0,-326.6711,0.0
2024-07-01,0.0,-326.6711,2312.352
2024-07-01,0.0,-326.6711,0.0
2024-07-01,0.0,-326.6711,0.0
2024-07-01,0.0,-326.6711,0.0
2024-07-01,0.0,-326.6711,4955.04
2024-07-01,0.0,-326.6711,0.0
2024-07-01,0.0,-326.6711,0.0
2024-07-01,0.0,-326.6711,3633.696
2024-07-01,0.0,-326.6711,0.0
2024-07-01,0.0,-326.6711,0.0
2024-07-01,0.0,-326.6711,0.0
2024-07-01,0.0,-326.6711,0.0
2024-07-01,0.0,-326.6711,30357.168
2024-07-01,0.0,-326.6711,0.0
2024-07-01,0.0,-326.6711,17276.928
2024-07-01,0.0,-326.6711,0.0
2024-07-01,0.0,-326.6711,50734.104
2024-07-01,0.0,-326.6711,30992.976
2024-07-01,0.0,-326.6711,0.0
2024-07-01,0.0,-326.6711,0.0
2024-07-01,0.0,-326.6711,2429.568
2024-07-01,0.0,-326.6711,0.0
2024-07-01,0.0,-326.6711,11012.976
2024-07-01,0.0,-326.6711,0.0
2024-07-01,0.0,-326.6711,5120.208
2024-07-01,0.0,-326.6711,0.0
2024-07-01,0.0,-326.6711,0.0
2024-07-01,0.0,-326.6711,28078.56
2024-07-01,0.0,-326.6711,0.0
2024-07-01,0.0,-326.6711,0.0
2024-07-01,0.0,-326.6711,15195.456
2024-07-01,0.0,-326.6711,0.0
2024-07-01,0.0,-326.6711,1321.344
2024-07-01,0.0,-326.6711,3644.352
2024-07-01,0.0,-326.6711,0.0
2024-07-01,0.0,-326.6711,0.0
2024-07-01,0.0,-326.6711,4987.008
2024-07-01,0.0,-326.6711,0.0
2024-07-01,0.0,-326.6711,2621.376
2024-07-01,0.0,-326.6711,3468.528
2024-07-01,0.0,-326.6711,63.936
2024-07-01,0.0,-326.6711,0.0
2024-07-01,0.0,-326.6711,0.0
2024-07-01,0.0,-326.6711,23523.12
2024-07-01,0.0,-326.6711,3303.36
2024-07-01,0.0,-326.6711,0.0
2024-07-01,0.0,-326.6711,0.0
2024-07-01,0.0,-326.6711,0.0
2024-07-01,0.0,-326.6711,27252.72
2024-07-01,0.0,-326.6711,0.0
2024-07-01,0.0,-326.6711,12387.6
2024-07-01,0.0,-326.6711,0.0
2024-07-01,0.0,-326.6711,0.0
2024-07-01,0.0,-326.6711,165.168
2024-07-01,0.0,-326.6711,0.0
2024-07-01,0.0,-326.6711,35777.52
2024-07-01,0.0,-326.6711,1662.336
2024-07-01,0.0,-326.6711,7597.728
2024-07-01,0.0,-326.6711,2237.76
2024-07-01,0.0,-326.6711,9579.744
2024-07-01,0.0,-326.6711,7471.632
2024-07-01,0.0,-326.6711,0.0
2024-07-01,0.0,-326.6711,0.0
2024-07-01,0.0,-326.6711,0.0
2024-07-01,0.0,-326.6711,2312.352
2024-07-01,0.0,-326.6711,31261.152
2024-07-01,0.0,-326.6711,9579.744
2024-07-01,0.0,-326.6711,0.0
2024-07-01,0.0,-326.6711,0.0
2024-07-01,0.0,-326.6711,0.0
2024-07-01,0.0,-326.6711,1726.272
2024-07-01,0.0,-326.6711,0.0
2024-07-01,0.0,-326.6711,0.0
2024-07-01,0.0,-326.6711,1918.08
2024-07-01,0.0,-326.6711,0.0
2024-07-01,0.0,-326.6711,0.0
2024-07-01,0.0,-326.6711,0.0
2024-07-01,0.0,-326.6711,2973.024
2024-07-01,0.0,-326.6711,5946.048
2024-07-01,0.0,-326.6711,7389.936
2024-07-01,0.0,-326.6711,0.0
2024-07-01,0.0,-326.6711,63850.752
2024-07-01,0.0,-326.6711,9414.576
2024-07-01,0.0,-326.6711,1150.848
2024-07-01,0.0,-326.6711,2237.76
2024-07-01,0.0,-326.6711,7471.632
2024-07-01,0.0,-326.6711,0.0
2024-07-01,0.0,-326.6711,1854.144
2024-07-01,0.0,-326.6711,1470.528
2024-07-01,0.0,-326.6711,0.0
2024-07-01,0.0,-326.6711,1918.08
2024-07-01,0.0,-326.6711,1321.344
2024-07-01,0.0,-326.6711,1662.336
2024-07-01,0.0,-326.6711,2941.056
2024-07-01,0.0,-326.6711,1188.144
2024-07-01,0.0,-326.6711,2973.024
2024-07-01,0.0,-326.6711,31197.216
2024-07-01,0.0,-326.6711,0.0
2024-07-01,0.0,-326.6711,0.0
2024-07-01,0.0,-326.6711,7267.392
2024-07-01,0.0,-326.6711,0.0
2024-07-01,0.0,-326.6711,1816.848
2024-07-01,0.0,-326.6711,0.0
2024-07-01,0.0,-326.6711,0.0
2024-07-01,0.0,-326.6711,895.104
2024-07-01,0.0,-326.6711,3468.528
2024-07-01,0.0,-326.6711,36123.84
2024-07-01,0.0,-326.6711,0.0
2024-07-01,0.0,-326.6711,0.0
2024-07-01,0.0,-326.6711,0.0
2024-07-01,0.0,-326.6711,2749.248
2024-07-01,0.0,-326.6711,18102.768
2024-07-01,0.0,-326.6711,0.0
2024-07-01,0.0,-326.6711,0.0
2024-07-01,0.0,-326.6711,0.0
2024-07-01,0.0,-326.6711,0.0
2024-07-01,0.0,-326.6711,0.0
2024-07-01,0.0,-326.6711,3388.608
2024-07-01,0.0,-326.6711,0.0
2024-07-01,0.0,-326.6711,1342.656
2024-07-01,0.0,-326.6711,0.0
2024-07-01,0.0,-326.6711,1662.336
2024-07-01,0.0,-326.6711,2941.056
2024-07-01,0.0,-326.6711,9744.912
2024-07-01,0.0,-326.6711,0.0
2024-07-01,0.0,-326.6711,895.104
2024-07-01,0.0,-326.6711,1470.528
2024-07-01,0.0,-326.6711,63.936
2024-07-01,0.0,-326.6711,19427.664
2024-07-01,0.0,-326.6711,0.0
2024-07-01,0.0,-326.6711,3388.608
2024-07-01,0.0,-326.6711,0.0
2024-07-01,0.0,-326.6711,895.104
2024-07-01,0.0,-326.6711,0.0
2024-07-01,0.0,-326.6711,67856.52
2024-07-01,0.0,-326.6711,0.0
2024-07-01,0.0,-326.6711,0.0
2024-07-01,0.0,-326.6711,5120.208
2024-07-01,0.0,-326.6711,63.936
2024-07-01,0.0,-326.6711,0.0
2024-07-01,0.0,-326.6711,0.0
2024-07-01,0.0,-326.6711,0.0
2024-07-01,0.0,-326.6711,0.0
2024-07-01,0.0,-326.6711,0.0
2024-07-01,0.0,-326.6711,0.0
2024-07-01,0.0,-326.6711,0.0
2024-07-01,0.0,-326.6711,1816.848
2024-07-01,0.0,-326.6711,1156.176
2024-07-01,0.0,-326.6711,26270.592
2024-07-01,0.0,-326.6711,6393.6
2024-07-01,0.0,-326.6711,0.0
2024-07-01,0.0,-326.6711,895.104
2024-07-01,0.0,-326.6711,0.0
2024-07-01,0.0,-326.6711,0.0
2024-07-01,0.0,-326.6711,7416.576
2024-07-01,0.0,-326.6711,0.0
2024-07-01,0.0,-326.6711,0.0
2024-07-01,0.0,-326.6711,0.0
2024-07-01,0.0,-326.6711,19528.896
2024-07-01,0.0,-326.6711,959.04
2024-07-01,0.0,-326.6711,204.24
2024-07-01,0.0,-326.6711,11892.096
2024-07-01,0.0,-326.6711,0.0
2024-07-01,0.0,-326.6711,0.0
2024-07-01,0.0,-326.6711,0.0
2024-07-01,0.0,-326.6711,0.0
2024-07-01,0.0,-326.6711,0.0
2024-07-01,0.0,-326.6711,0.0
2024-07-01,0.0,-326.6711,0.0
2024-07-01,0.0,-326.6711,895.104
2024-07-01,0.0,-326.6711,0.0
2024-07-01,0.0,-326.6711,0.0
2024-07-01,0.0,-326.6711,4789.872
2024-07-01,0.0,-326.6711,1470.528
2024-07-01,0.0,-326.6711,0.0
2024-07-01,0.0,-326.6711,14699.952
2024-07-01,0.0,-326.6711,63.936
2024-07-01,0.0,-326.6711,6937.056
2024-07-01,0.0,-326.6711,895.104
2024-07-01,0.0,-326.6711,0.0
2024-07-01,0.0,-326.6711,14193.792
2024-07-01,0.0,-326.6711,3468.528
2024-07-01,0.0,-326.6711,0.0
2024-07-01,0.0,-326.6711,0.0
2024-08-01,0.0,-327.78918,0.0
2024-08-01,0.0,-327.78918,29814.336
2024-08-01,0.0,-327.78918,0.0
2024-08-01,0.0,-327.78918,0.0
2024-08-01,0.0,-327.78918,4687.758
2024-08-01,0.0,-327.78918,13232.388
2024-08-01,0.0,-327.78918,6804.81
2024-08-01,0.0,-327.78918,16785.198
2024-08-01,0.0,-327.78918,44848.332
2024-08-01,0.0,-327.78918,67275.75
2024-08-01,0.0,-327.78918,4536.54
2024-08-01,0.0,-327.78918,9677.952
2024-08-01,0.0,-327.78918,0.0
2024-08-01,0.0,-327.78918,0.0
2024-08-01,0.0,-327.78918,32511.87
2024-08-01,0.0,-327.78918,7409.682
2024-08-01,0.0,-327.78918,23734.722
2024-08-01,0.0,-327.78918,9073.08
2024-08-01,0.0,-327.78918,0.0
2024-08-01,0.0,-327.78918,22380.264
2024-08-01,0.0,-327.78918,21612.792
2024-08-01,0.0,-327.78918,9375.516
2024-08-01,0.0,-327.78918,4234.104
2024-08-01,0.0,-327.78918,0.0
2024-08-01,0.0,-327.78918,0.0
2024-08-01,0.0,-327.78918,0.0
2024-08-01,0.0,-327.78918,1814.616
2024-08-01,0.0,-327.78918,302.436
2024-08-01,0.0,-327.78918,2721.924
2024-08-01,0.0,-327.78918,0.0
2024-08-01,0.0,-327.78918,43113.39
2024-08-01,0.0,-327.78918,0.0
2024-08-01,0.0,-327.78918,1965.834
2024-08-01,0.0,-327.78918,0.0
2024-08-01,0.0,-327.78918,0.0
2024-08-01,0.0,-327.78918,0.0
2024-08-01,0.0,-327.78918,4536.54
2024-08-01,0.0,-327.78918,0.0
2024-08-01,0.0,-327.78918,0.0
2024-08-01,0.0,-327.78918,0.0
2024-08-01,0.0,-327.78918,0.0
2024-08-01,0.0,-327.78918,0.0
2024-08-01,0.0,-327.78918,0.0
2024-08-01,0.0,-327.78918,373.98
2024-08-01,0.0,-327.78918,29033.856
2024-08-01,0.0,-327.78918,0.0
2024-08-01,0.0,-327.78918,17676.246
2024-08-01,0.0,-327.78918,0.0
2024-08-01,0.0,-327.78918,59175.018
2024-08-01,0.0,-327.78918,30619.206
2024-08-01,0.0,-327.78918,4234.104
2024-08-01,0.0,-327.78918,4990.194
2024-08-01,0.0,-327.78918,2399.976
2024-08-01,0.0,-327.78918,0.0
2024-08-01,0.0,-327.78918,0.0
2024-08-01,0.0,-327.78918,0.0
2024-08-01,0.0,-327.78918,4687.758
2024-08-01,0.0,-327.78918,0.0
2024-08-01,0.0,-327.78918,0.0
2024-08-01,0.0,-327.78918,26625.75
2024-08-01,0.0,-327.78918,0.0
2024-08-01,0.0,-327.78918,0.0
2024-08-01,0.0,-327.78918,16331.544
2024-08-01,0.0,-327.78918,0.0
2024-08-01,0.0,-327.78918,1209.744
2024-08-01,0.0,-327.78918,3746.304
2024-08-01,0.0,-327.78918,0.0
2024-08-01,0.0,-327.78918,0.0
2024-08-01,0.0,-327.78918,5385.312
2024-08-01,0.0,-327.78918,302.436
2024-08-01,0.0,-327.78918,3278.016
2024-08-01,0.0,-327.78918,4687.758
2024-08-01,0.0,-327.78918,0.0
2024-08-01,0.0,-327.78918,0.0
2024-08-01,0.0,-327.78918,0.0
2024-08-01,0.0,-327.78918,23394.888
2024-08-01,0.0,-327.78918,0.0
2024-08-01,0.0,-327.78918,0.0
2024-08-01,0.0,-327.78918,26916.804
2024-08-01,0.0,-327.78918,0.0
2024-08-01,0.0,-327.78918,0.0
2024-08-01,0.0,-327.78918,9907.218
2024-08-01,0.0,-327.78918,10887.696
2024-08-01,0.0,-327.78918,0.0
2024-08-01,0.0,-327.78918,0.0
2024-08-01,0.0,-327.78918,0.0
2024-08-01,0.0,-327.78918,0.0
2024-08-01,0.0,-327.78918,34477.704
2024-08-01,0.0,-327.78918,1697.544
2024-08-01,0.0,-327.78918,7409.682
2024-08-01,0.0,-327.78918,1931.688
2024-08-01,0.0,-327.78918,9224.298
2024-08-01,0.0,-327.78918,3219.48
2024-08-01,0.0,-327.78918,6502.374
2024-08-01,0.0,-327.78918,0.0
2024-08-01,0.0,-327.78918,0.0
2024-08-01,0.0,-327.78918,1965.834
2024-08-01,0.0,-327.78918,24037.158
2024-08-01,0.0,-327.78918,9224.298
2024-08-01,0.0,-327.78918,0.0
2024-08-01,0.0,-327.78918,0.0
2024-08-01,0.0,-327.78918,0.0
2024-08-01,0.0,-327.78918,936.576
2024-08-01,0.0,-327.78918,0.0
2024-08-01,0.0,-327.78918,0.0
2024-08-01,0.0,-327.78918,0.0
2024-08-01,0.0,-327.78918,0.0
2024-08-01,0.0,-327.78918,5897.502
2024-08-01,0.0,-327.78918,10942.98
2024-08-01,0.0,-327.78918,3931.668
2024-08-01,0.0,-327.78918,5560.92
2024-08-01,0.0,-327.78918,10035.672
2024-08-01,0.0,-327.78918,0.0
2024-08-01,0.0,-327.78918,70546.449
2024-08-01,0.0,-327.78918,8770.644
2024-08-01,0.0,-327.78918,1463.4
2024-08-01,0.0,-327.78918,1990.224
2024-08-01,0.0,-327.78918,6502.374
2024-08-01,0.0,-327.78918,0.0
2024-08-01,0.0,-327.78918,995.112
2024-08-01,0.0,-327.78918,1580.472
2024-08-01,0.0,-327.78918,0.0
2024-08-01,0.0,-327.78918,1814.616
2024-08-01,0.0,-327.78918,0.0
2024-08-01,0.0,-327.78918,1756.08
2024-08-01,0.0,-327.78918,2692.656
2024-08-01,0.0,-327.78918,1053.648
2024-08-01,0.0,-327.78918,2721.924
2024-08-01,0.0,-327.78918,30734.652
2024-08-01,0.0,-327.78918,0.0
2024-08-01,0.0,-327.78918,0.0
2024-08-01,0.0,-327.78918,7258.464
2024-08-01,0.0,-327.78918,0.0
2024-08-01,0.0,-327.78918,0.0
2024-08-01,0.0,-327.78918,22975.38
2024-08-01,0.0,-327.78918,0.0
2024-08-01,0.0,-327.78918,3687.768
2024-08-01,0.0,-327.78918,3326.796
2024-08-01,0.0,-327.78918,35061.438
2024-08-01,0.0,-327.78918,0.0
2024-08-01,0.0,-327.78918,0.0
2024-08-01,0.0,-327.78918,0.0
2024-08-01,0.0,-327.78918,2751.192
2024-08-01,0.0,-327.78918,17827.464
2024-08-01,0.0,-327.78918,0.0
2024-08-01,0.0,-327.78918,0.0
2024-08-01,0.0,-327.78918,0.0
2024-08-01,0.0,-327.78918,0.0
2024-08-01,0.0,-327.78918,0.0
2024-08-01,0.0,-327.78918,3629.232
2024-08-01,0.0,-327.78918,0.0
2024-08-01,0.0,-327.78918,1639.008
2024-08-01,0.0,-327.78918,0.0
2024-08-01,0.0,-327.78918,1697.544
2024-08-01,0.0,-327.78918,2879.646
2024-08-01,0.0,-327.78918,9375.516
2024-08-01,0.0,-327.78918,0.0
2024-08-01,0.0,-327.78918,819.504
2024-08-01,0.0,-327.78918,1463.4
2024-08-01,0.0,-327.78918,292.68
2024-08-01,0.0,-327.78918,0.0
2024-08-01,0.0,-327.78918,2721.924
2024-08-01,0.0,-327.78918,0.0
2024-08-01,0.0,-327.78918,0.0
2024-08-01,0.0,-327.78918,760.968
2024-08-01,0.0,-327.78918,302.436
2024-08-01,0.0,-327.78918,71087.094
2024-08-01,0.0,-327.78918,0.0
2024-08-01,0.0,-327.78918,0.0
2024-08-01,0.0,-327.78918,4687.758
2024-08-01,0.0,-327.78918,0.0
2024-08-01,0.0,-327.78918,0.0
2024-08-01,0.0,-327.78918,0.0
2024-08-01,0.0,-327.78918,0.0
2024-08-01,0.0,-327.78918,0.0
2024-08-01,0.0,-327.78918,0.0
2024-08-01,0.0,-327.78918,0.0
2024-08-01,0.0,-327.78918,0.0
2024-08-01,0.0,-327.78918,3931.668
2024-08-01,0.0,-327.78918,2721.924
2024-08-01,0.0,-327.78918,29249.301
2024-08-01,0.0,-327.78918,5970.672
2024-08-01,0.0,-327.78918,0.0
2024-08-01,0.0,-327.78918,760.968
2024-08-01,0.0,-327.78918,0.0
2024-08-01,0.0,-327.78918,0.0
2024-08-01,0.0,-327.78918,0.0
2024-08-01,0.0,-327.78918,995.112
2024-08-01,0.0,-327.78918,0.0
2024-08-01,0.0,-327.78918,0.0
2024-08-01,0.0,-327.78918,22765.626
2024-08-01,0.0,-327.78918,0.0
2024-08-01,0.0,-327.78918,0.0
2024-08-01,0.0,-327.78918,8165.772
2024-08-01,0.0,-327.78918,0.0
2024-08-01,0.0,-327.78918,0.0
2024-08-01,0.0,-327.78918,0.0
2024-08-01,0.0,-327.78918,0.0
2024-08-01,0.0,-327.78918,0.0
2024-08-01,0.0,-327.78918,0.0
2024-08-01,0.0,-327.78918,0.0
2024-08-01,0.0,-327.78918,819.504
2024-08-01,0.0,-327.78918,0.0
2024-08-01,0.0,-327.78918,0.0
2024-08-01,0.0,-327.78918,4687.758
2024-08-01,0.0,-327.78918,1521.936
2024-08-01,0.0,-327.78918,0.0
2024-08-01,0.0,-327.78918,13307.184
2024-08-01,0.0,-327.78918,0.0
2024-08-01,0.0,-327.78918,6653.592
2024-08-01,0.0,-327.78918,292.68
2024-08-01,0.0,-327.78918,0.0
2024-08-01,0.0,-327.78918,13173.852
2024-08-01,0.0,-327.78918,2873.142
2024-08-01,0.0,-327.78918,0.0
2024-09-01,0.0,-328.04608,32630.728
2024-09-01,0.0,-328.04608,0.0
2024-09-01,0.0,-328.04608,20429.864
2024-09-01,0.0,-328.04608,0.0
2024-09-01,0.0,-328.04608,17268.24
2024-09-01,0.0,-328.04608,54298.74
2024-09-01,0.0,-328.04608,12899.696
2024-09-01,0.0,-328.04608,6750.312
2024-09-01,0.0,-328.04608,3296.664
2024-09-01,0.0,-328.04608,0.0
2024-09-01,0.0,-328.04608,2825.712
2024-09-01,0.0,-328.04608,22801.504
2024-09-01,0.0,-328.04608,182.304
2024-09-01,0.0,-328.04608,32531.136
2024-09-01,0.0,-328.04608,7378.248
2024-09-01,0.0,-328.04608,9733.008
2024-09-01,0.0,-328.04608,7378.248
2024-09-01,0.0,-328.04608,0.0
2024-09-01,0.0,-328.04608,22448.712
2024-09-01,0.0,-328.04608,21260.36
2024-09-01,0.0,-328.04608,8320.152
2024-09-01,0.0,-328.04608,1640.736
2024-09-01,0.0,-328.04608,0.0
2024-09-01,0.0,-328.04608,4081.584
2024-09-01,0.0,-328.04608,0.0
2024-09-01,0.0,-328.04608,0.0
2024-09-01,0.0,-328.04608,4552.536
2024-09-01,0.0,-328.04608,784.92
2024-09-01,0.0,-328.04608,156.984
2024-09-01,0.0,-328.04608,32861.984
2024-09-01,0.0,-328.04608,0.0
2024-09-01,0.0,-328.04608,2040.792
2024-09-01,0.0,-328.04608,0.0
2024-09-01,0.0,-328.04608,0.0
2024-09-01,0.0,-328.04608,0.0
2024-09-01,0.0,-328.04608,3453.648
2024-09-01,0.0,-328.04608,0.0
2024-09-01,0.0,-328.04608,0.0
2024-09-01,0.0,-328.04608,2825.712
2024-09-01,0.0,-328.04608,0.0
2024-09-01,0.0,-328.04608,0.0
2024-09-01,0.0,-328.04608,0.0
2024-09-01,0.0,-328.04608,0.0
2024-09-01,0.0,-328.04608,26287.224
2024-09-01,0.0,-328.04608,0.0
2024-09-01,0.0,-328.04608,17102.816
2024-09-01,0.0,-328.04608,0.0
2024-09-01,0.0,-328.04608,51825.82
2024-09-01,0.0,-328.04608,30944.416
2024-09-01,0.0,-328.04608,0.0
2024-09-01,0.0,-328.04608,0.0
2024-09-01,0.0,-328.04608,3038.4
2024-09-01,0.0,-328.04608,0.0
2024-09-01,0.0,-328.04608,4709.52
2024-09-01,0.0,-328.04608,0.0
2024-09-01,0.0,-328.04608,4746.656
2024-09-01,0.0,-328.04608,0.0
2024-09-01,0.0,-328.04608,0.0
2024-09-01,0.0,-328.04608,25531.0
2024-09-01,0.0,-328.04608,0.0
2024-09-01,0.0,-328.04608,0.0
2024-09-01,0.0,-328.04608,14128.56
2024-09-01,0.0,-328.04608,0.0
2024-09-01,0.0,-328.04608,313.968
2024-09-01,0.0,-328.04608,1883.808
2024-09-01,0.0,-328.04608,0.0
2024-09-01,0.0,-328.04608,0.0
2024-09-01,0.0,-328.04608,4375.296
2024-09-01,0.0,-328.04608,156.984
2024-09-01,0.0,-328.04608,2977.632
2024-09-01,0.0,-328.04608,4866.504
2024-09-01,0.0,-328.04608,0.0
2024-09-01,0.0,-328.04608,0.0
2024-09-01,0.0,-328.04608,0.0
2024-09-01,0.0,-328.04608,23307.904
2024-09-01,0.0,-328.04608,4866.504
2024-09-01,0.0,-328.04608,0.0
2024-09-01,0.0,-328.04608,0.0
2024-09-01,0.0,-328.04608,0.0
2024-09-01,0.0,-328.04608,27472.2
2024-09-01,0.0,-328.04608,0.0
2024-09-01,0.0,-328.04608,5337.456
2024-09-01,0.0,-328.04608,0.0
2024-09-01,0.0,-328.04608,0.0
2024-09-01,0.0,-328.04608,0.0
2024-09-01,0.0,-328.04608,0.0
2024-09-01,0.0,-328.04608,33376.824
2024-09-01,0.0,-328.04608,1823.04
2024-09-01,0.0,-328.04608,7378.248
2024-09-01,0.0,-328.04608,1579.968
2024-09-01,0.0,-328.04608,8477.136
2024-09-01,0.0,-328.04608,4746.656
2024-09-01,0.0,-328.04608,156.984
2024-09-01,0.0,-328.04608,0.0
2024-09-01,0.0,-328.04608,0.0
2024-09-01,0.0,-328.04608,2040.792
2024-09-01,0.0,-328.04608,23115.472
2024-09-01,0.0,-328.04608,7378.248
2024-09-01,0.0,-328.04608,0.0
2024-09-01,0.0,-328.04608,0.0
2024-09-01,0.0,-328.04608,0.0
2024-09-01,0.0,-328.04608,729.216
2024-09-01,0.0,-328.04608,0.0
2024-09-01,0.0,-328.04608,0.0
2024-09-01,0.0,-328.04608,2491.488
2024-09-01,0.0,-328.04608,0.0
2024-09-01,0.0,-328.04608,0.0
2024-09-01,0.0,-328.04608,0.0
2024-09-01,0.0,-328.04608,2226.472
2024-09-01,0.0,-328.04608,4982.976
2024-09-01,0.0,-328.04608,9822.472
2024-09-01,0.0,-328.04608,0.0
2024-09-01,0.0,-328.04608,62305.768
2024-09-01,0.0,-328.04608,4395.552
2024-09-01,0.0,-328.04608,1762.272
2024-09-01,0.0,-328.04608,1823.04
2024-09-01,0.0,-328.04608,4746.656
2024-09-01,0.0,-328.04608,0.0
2024-09-01,0.0,-328.04608,789.984
2024-09-01,0.0,-328.04608,1762.272
2024-09-01,0.0,-328.04608,0.0
2024-09-01,0.0,-328.04608,486.144
2024-09-01,0.0,-328.04608,313.968
2024-09-01,0.0,-328.04608,1823.04
2024-09-01,0.0,-328.04608,3585.312
2024-09-01,0.0,-328.04608,789.984
2024-09-01,0.0,-328.04608,2226.472
2024-09-01,0.0,-328.04608,31221.248
2024-09-01,0.0,-328.04608,0.0
2024-09-01,0.0,-328.04608,0.0
2024-09-01,0.0,-328.04608,3019.832
2024-09-01,0.0,-328.04608,0.0
2024-09-01,0.0,-328.04608,784.92
2024-09-01,0.0,-328.04608,0.0
2024-09-01,0.0,-328.04608,0.0
2024-09-01,0.0,-328.04608,60.768
2024-09-01,0.0,-328.04608,2115.064
2024-09-01,0.0,-328.04608,31879.568
2024-09-01,0.0,-328.04608,0.0
2024-09-01,0.0,-328.04608,0.0
2024-09-01,0.0,-328.04608,0.0
2024-09-01,0.0,-328.04608,1762.272
2024-09-01,0.0,-328.04608,17102.816
2024-09-01,0.0,-328.04608,0.0
2024-09-01,0.0,-328.04608,0.0
2024-09-01,0.0,-328.04608,0.0
2024-09-01,0.0,-328.04608,0.0
2024-09-01,0.0,-328.04608,0.0
2024-09-01,0.0,-328.04608,1762.272
2024-09-01,0.0,-328.04608,0.0
2024-09-01,0.0,-328.04608,1762.272
2024-09-01,0.0,-328.04608,0.0
2024-09-01,0.0,-328.04608,1883.808
2024-09-01,0.0,-328.04608,3524.544
2024-09-01,0.0,-328.04608,5060.624
2024-09-01,0.0,-328.04608,0.0
2024-09-01,0.0,-328.04608,850.752
2024-09-01,0.0,-328.04608,789.984
2024-09-01,0.0,-328.04608,0.0
2024-09-01,0.0,-328.04608,19212.816
2024-09-01,0.0,-328.04608,0.0
2024-09-01,0.0,-328.04608,1701.504
2024-09-01,0.0,-328.04608,0.0
2024-09-01,0.0,-328.04608,789.984
2024-09-01,0.0,-328.04608,0.0
2024-09-01,0.0,-328.04608,55223.764
2024-09-01,0.0,-328.04608,0.0
2024-09-01,0.0,-328.04608,0.0
2024-09-01,0.0,-328.04608,4746.656
2024-09-01,0.0,-328.04608,0.0
2024-09-01,0.0,-328.04608,0.0
2024-09-01,0.0,-328.04608,0.0
2024-09-01,0.0,-328.04608,0.0
2024-09-01,0.0,-328.04608,0.0
2024-09-01,0.0,-328.04608,0.0
2024-09-01,0.0,-328.04608,0.0
2024-09-01,0.0,-328.04608,0.0
2024-09-01,0.0,-328.04608,784.92
2024-09-01,0.0,-328.04608,784.92
2024-09-01,0.0,-328.04608,19612.028
2024-09-01,0.0,-328.04608,5712.192
2024-09-01,0.0,-328.04608,0.0
2024-09-01,0.0,-328.04608,729.216
2024-09-01,0.0,-328.04608,0.0
2024-09-01,0.0,-328.04608,0.0
2024-09-01,0.0,-328.04608,9822.472
2024-09-01,0.0,-328.04608,0.0
2024-09-01,0.0,-328.04608,0.0
2024-09-01,0.0,-328.04608,0.0
2024-09-01,0.0,-328.04608,18898.848
2024-09-01,0.0,-328.04608,729.216
2024-09-01,0.0,-328.04608,156.984
2024-09-01,0.0,-328.04608,4866.504
2024-09-01,0.0,-328.04608,0.0
2024-09-01,0.0,-328.04608,0.0
2024-09-01,0.0,-328.04608,0.0
2024-09-01,0.0,-328.04608,0.0
2024-09-01,0.0,-328.04608,0.0
2024-09-01,0.0,-328.04608,0.0
2024-09-01,0.0,-328.04608,0.0
2024-09-01,0.0,-328.04608,850.752
2024-09-01,0.0,-328.04608,0.0
2024-09-01,0.0,-328.04608,0.0
2024-09-01,0.0,-328.04608,3924.6
2024-09-01,0.0,-328.04608,668.448
2024-09-01,0.0,-328.04608,0.0
2024-09-01,0.0,-328.04608,13814.592
2024-09-01,0.0,-328.04608,0.0
2024-09-01,0.0,-328.04608,6593.328
2024-09-01,0.0,-328.04608,0.0
2024-09-01,0.0,-328.04608,0.0
2024-09-01,0.0,-328.04608,12548.592
2024-09-01,0.0,-328.04608,2115.064
2024-09-01,0.0,-328.04608,0.0
2024-09-01,0.0,-328.04608,0.0
2024-10-01,0.0,-328.0913,0.0
2024-10-01,0.0,-328.0913,25571.512
2024-10-01,0.0,-328.0913,0.0
2024-10-01,0.0,-328.0913,0.0
2024-10-01,0.0,-328.0913,4081.584
2024-10-01,0.0,-328.0913,13205.224
2024-10-01,0.0,-328.0913,6593.328
2024-10-01,0.0,-328.0913,18681.096
2024-10-01,0.0,-328.0913,44112.504
2024-10-01,0.0,-328.0913,65754.352
2024-10-01,0.0,-328.0913,4552.536
2024-10-01,0.0,-328.0913,8948.088
2024-10-01,0.0,-328.0913,0.0
2024-10-01,0.0,-328.0913,0.0
2024-10-01,0.0,-328.0913,34501.032
2024-10-01,0.0,-328.0913,7064.28
2024-10-01,0.0,-328.0913,27360.792
2024-10-01,0.0,-328.0913,9576.024
2024-10-01,0.0,-328.0913,0.0
2024-10-01,0.0,-328.0913,22448.712
2024-10-01,0.0,-328.0913,22300.168
2024-10-01,0.0,-328.0913,8320.152
2024-10-01,0.0,-328.0913,4395.552
2024-10-01,0.0,-328.0913,0.0
2024-10-01,0.0,-328.0913,0.0
2024-10-01,0.0,-328.0913,0.0
2024-10-01,0.0,-328.0913,1823.04
2024-10-01,0.0,-328.0913,784.92
2024-10-01,0.0,-328.0913,3139.68
2024-10-01,0.0,-328.0913,0.0
2024-10-01,0.0,-328.0913,42566.296
2024-10-01,0.0,-328.0913,0.0
2024-10-01,0.0,-328.0913,2511.744
2024-10-01,0.0,-328.0913,470.952
2024-10-01,0.0,-328.0913,0.0
2024-10-01,0.0,-328.0913,313.968
2024-10-01,0.0,-328.0913,4238.568
2024-10-01,0.0,-328.0913,0.0
2024-10-01,0.0,-328.0913,0.0
2024-10-01,0.0,-328.0913,0.0
2024-10-01,0.0,-328.0913,60.768
2024-10-01,0.0,-328.0913,0.0
2024-10-01,0.0,-328.0913,0.0
2024-10-01,0.0,-328.0913,0.0
2024-10-01,0.0,-328.0913,31425.496
2024-10-01,0.0,-328.0913,0.0
2024-10-01,0.0,-328.0913,18341.808
2024-10-01,0.0,-328.0913,0.0
2024-10-01,0.0,-328.0913,58468.944
2024-10-01,0.0,-328.0913,30679.4
2024-10-01,0.0,-328.0913,4395.552
2024-10-01,0.0,-328.0913,4709.52
2024-10-01,0.0,-328.0913,2248.416
2024-10-01,0.0,-328.0913,156.984
2024-10-01,0.0,-328.0913,0.0
2024-10-01,0.0,-328.0913,0.0
2024-10-01,0.0,-328.0913,4866.504
2024-10-01,0.0,-328.0913,0.0
2024-10-01,0.0,-328.0913,0.0
2024-10-01,0.0,-328.0913,28400.6
2024-10-01,0.0,-328.0913,0.0
2024-10-01,0.0,-328.0913,0.0
2024-10-01,0.0,-328.0913,14599.512
2024-10-01,0.0,-328.0913,0.0
2024-10-01,0.0,-328.0913,2668.728
2024-10-01,0.0,-328.0913,3828.384
2024-10-01,0.0,-328.0913,0.0
2024-10-01,0.0,-328.0913,0.0
2024-10-01,0.0,-328.0913,5226.048
2024-10-01,0.0,-328.0913,470.952
2024-10-01,0.0,-328.0913,2916.864
2024-10-01,0.0,-328.0913,7535.232
2024-10-01,0.0,-328.0913,784.92
2024-10-01,0.0,-328.0913,0.0
2024-10-01,0.0,-328.0913,313.968
2024-10-01,0.0,-328.0913,23745.096
2024-10-01,0.0,-328.0913,0.0
2024-10-01,0.0,-328.0913,0.0
2024-10-01,0.0,-328.0913,26844.264
2024-10-01,0.0,-328.0913,470.952
2024-10-01,0.0,-328.0913,313.968
2024-10-01,0.0,-328.0913,10720.488
2024-10-01,0.0,-328.0913,11302.848
2024-10-01,0.0,-328.0913,784.92
2024-10-01,0.0,-328.0913,0.0
2024-10-01,0.0,-328.0913,0.0
2024-10-01,0.0,-328.0913,0.0
2024-10-01,0.0,-328.0913,34789.68
2024-10-01,0.0,-328.0913,1701.504
2024-10-01,0.0,-328.0913,7535.232
2024-10-01,0.0,-328.0913,2126.88
2024-10-01,0.0,-328.0913,8948.088
2024-10-01,0.0,-328.0913,2795.328
2024-10-01,0.0,-328.0913,8158.104
2024-10-01,0.0,-328.0913,784.92
2024-10-01,0.0,-328.0913,0.0
2024-10-01,0.0,-328.0913,2511.744
2024-10-01,0.0,-328.0913,27323.656
2024-10-01,0.0,-328.0913,9262.056
2024-10-01,0.0,-328.0913,0.0
2024-10-01,0.0,-328.0913,0.0
2024-10-01,0.0,-328.0913,0.0
2024-10-01,0.0,-328.0913,2369.952
2024-10-01,0.0,-328.0913,0.0
2024-10-01,0.0,-328.0913,243.072
2024-10-01,0.0,-328.0913,1726.824
2024-10-01,0.0,-328.0913,1726.824
2024-10-01,0.0,-328.0913,7221.264
2024-10-01,0.0,-328.0913,9962.576
2024-10-01,0.0,-328.0913,5494.44
2024-10-01,0.0,-328.0913,5651.424
2024-10-01,0.0,-328.0913,9515.256
2024-10-01,0.0,-328.0913,60.768
2024-10-01,0.0,-328.0913,68234.868
2024-10-01,0.0,-328.0913,9322.824
2024-10-01,0.0,-328.0913,1615.416
2024-10-01,0.0,-328.0913,2248.416
2024-10-01,0.0,-328.0913,8352.224
2024-10-01,0.0,-328.0913,0.0
2024-10-01,0.0,-328.0913,2491.488
2024-10-01,0.0,-328.0913,1458.432
2024-10-01,0.0,-328.0913,0.0
2024-10-01,0.0,-328.0913,1701.504
2024-10-01,0.0,-328.0913,2668.728
2024-10-01,0.0,-328.0913,2309.184
2024-10-01,0.0,-328.0913,2491.488
2024-10-01,0.0,-328.0913,1093.824
2024-10-01,0.0,-328.0913,3139.68
2024-10-01,0.0,-328.0913,30642.264
2024-10-01,0.0,-328.0913,0.0
2024-10-01,0.0,-328.0913,0.0
2024-10-01,0.0,-328.0913,8791.104
2024-10-01,0.0,-328.0913,0.0
2024-10-01,0.0,-328.0913,1255.872
2024-10-01,0.0,-328.0913,21035.856
2024-10-01,0.0,-328.0913,0.0
2024-10-01,0.0,-328.0913,4010.688
2024-10-01,0.0,-328.0913,3610.632
2024-10-01,0.0,-328.0913,37257.536
2024-10-01,0.0,-328.0913,0.0
2024-10-01,0.0,-328.0913,0.0
2024-10-01,0.0,-328.0913,0.0
2024-10-01,0.0,-328.0913,2369.952
2024-10-01,0.0,-328.0913,18184.824
2024-10-01,0.0,-328.0913,0.0
2024-10-01,0.0,-328.0913,0.0
2024-10-01,0.0,-328.0913,0.0
2024-10-01,0.0,-328.0913,0.0
2024-10-01,0.0,-328.0913,0.0
2024-10-01,0.0,-328.0913,4010.688
2024-10-01,0.0,-328.0913,0.0
2024-10-01,0.0,-328.0913,1093.824
2024-10-01,0.0,-328.0913,0.0
2024-10-01,0.0,-328.0913,2552.256
2024-10-01,0.0,-328.0913,2491.488
2024-10-01,0.0,-328.0913,11773.8
2024-10-01,0.0,-328.0913,0.0
2024-10-01,0.0,-328.0913,850.752
2024-10-01,0.0,-328.0913,972.288
2024-10-01,0.0,-328.0913,546.912
2024-10-01,0.0,-328.0913,0.0
2024-10-01,0.0,-328.0913,3139.68
2024-10-01,0.0,-328.0913,0.0
2024-10-01,0.0,-328.0913,0.0
2024-10-01,0.0,-328.0913,972.288
2024-10-01,0.0,-328.0913,784.92
2024-10-01,0.0,-328.0913,69566.7
2024-10-01,0.0,-328.0913,784.92
2024-10-01,0.0,-328.0913,784.92
2024-10-01,0.0,-328.0913,4866.504
2024-10-01,0.0,-328.0913,0.0
2024-10-01,0.0,-328.0913,0.0
2024-10-01,0.0,-328.0913,0.0
2024-10-01,0.0,-328.0913,0.0
2024-10-01,0.0,-328.0913,0.0
2024-10-01,0.0,-328.0913,0.0
2024-10-01,0.0,-328.0913,0.0
2024-10-01,0.0,-328.0913,0.0
2024-10-01,0.0,-328.0913,5494.44
2024-10-01,0.0,-328.0913,3139.68
2024-10-01,0.0,-328.0913,25922.616
2024-10-01,0.0,-328.0913,6259.104
2024-10-01,0.0,-328.0913,0.0
2024-10-01,0.0,-328.0913,972.288
2024-10-01,0.0,-328.0913,0.0
2024-10-01,0.0,-328.0913,0.0
2024-10-01,0.0,-328.0913,1255.872
2024-10-01,0.0,-328.0913,1033.056
2024-10-01,0.0,-328.0913,0.0
2024-10-01,0.0,-328.0913,0.0
2024-10-01,0.0,-328.0913,20878.872
2024-10-01,0.0,-328.0913,0.0
2024-10-01,0.0,-328.0913,0.0
2024-10-01,0.0,-328.0913,10046.976
2024-10-01,0.0,-328.0913,1726.824
2024-10-01,0.0,-328.0913,0.0
2024-10-01,0.0,-328.0913,0.0
2024-10-01,0.0,-328.0913,0.0
2024-10-01,0.0,-328.0913,0.0
2024-10-01,0.0,-328.0913,0.0
2024-10-01,0.0,-328.0913,0.0
2024-10-01,0.0,-328.0913,789.984
2024-10-01,0.0,-328.0913,0.0
2024-10-01,0.0,-328.0913,0.0
2024-10-01,0.0,-328.0913,4081.584
2024-10-01,0.0,-328.0913,1033.056
2024-10-01,0.0,-328.0913,0.0
2024-10-01,0.0,-328.0913,14442.528
2024-10-01,0.0,-328.0913,60.768
2024-10-01,0.0,-328.0913,6593.328
2024-10-01,0.0,-328.0913,546.912
2024-10-01,0.0,-328.0913,0.0
2024-10-01,0.0,-328.0913,13325.072
2024-10-01,0.0,-328.0913,3610.632
2024-10-01,0.0,-328.0913,0.0
2024-11-01,0.0,-328.07504,0.0
2024-11-01,0.0,-328.07504,26232.364
2024-11-01,0.0,-328.07504,0.0
2024-11-01,0.0,-328.07504,0.0
2024-11-01,0.0,-328.07504,6436.344
2024-11-01,0.0,-328.07504,16042.752
2024-11-01,0.0,-328.07504,6750.312
2024-11-01,0.0,-328.07504,18367.128
2024-11-01,0.0,-328.07504,45425.768
2024-11-01,0.0,-328.07504,60834.676
2024-11-01,0.0,-328.07504,4552.536
2024-11-01,0.0,-328.07504,9419.04
2024-11-01,0.0,-328.07504,0.0
2024-11-01,0.0,-328.07504,0.0
2024-11-01,0.0,-328.07504,34571.928
2024-11-01,0.0,-328.07504,7221.264
2024-11-01,0.0,-328.07504,34278.216
2024-11-01,0.0,-328.07504,9576.024
2024-11-01,0.0,-328.07504,0.0
2024-11-01,0.0,-328.07504,22291.728
2024-11-01,0.0,-328.07504,23071.584
2024-11-01,0.0,-328.07504,8477.136
2024-11-01,0.0,-328.07504,4395.552
2024-11-01,0.0,-328.07504,0.0
2024-11-01,0.0,-328.07504,0.0
2024-11-01,0.0,-328.07504,0.0
2024-11-01,0.0,-328.07504,1883.808
2024-11-01,0.0,-328.07504,4709.52
2024-11-01,0.0,-328.07504,4238.568
2024-11-01,0.0,-328.07504,0.0
2024-11-01,0.0,-328.07504,41786.44
2024-11-01,0.0,-328.07504,0.0
2024-11-01,0.0,-328.07504,4709.52
2024-11-01,0.0,-328.07504,2511.744
2024-11-01,0.0,-328.07504,0.0
2024-11-01,0.0,-328.07504,2040.792
2024-11-01,0.0,-328.07504,4552.536
2024-11-01,0.0,-328.07504,0.0
2024-11-01,0.0,-328.07504,0.0
2024-11-01,0.0,-328.07504,0.0
2024-11-01,0.0,-328.07504,729.216
2024-11-01,0.0,-328.07504,0.0
2024-11-01,0.0,-328.07504,0.0
2024-11-01,0.0,-328.07504,0.0
2024-11-01,0.0,-328.07504,27608.928
2024-11-01,0.0,-328.07504,0.0
2024-11-01,0.0,-328.07504,19006.88
2024-11-01,0.0,-328.07504,0.0
2024-11-01,0.0,-328.07504,65416.752
2024-11-01,0.0,-328.07504,30689.528
2024-11-01,0.0,-328.07504,4395.552
2024-11-01,0.0,-328.07504,4709.52
2024-11-01,0.0,-328.07504,2795.328
2024-11-01,0.0,-328.07504,0.0
2024-11-01,0.0,-328.07504,0.0
2024-11-01,0.0,-328.07504,0.0
2024-11-01,0.0,-328.07504,4552.536
2024-11-01,0.0,-328.07504,0.0
2024-11-01,0.0,-328.07504,0.0
2024-11-01,0.0,-328.07504,28701.064
2024-11-01,0.0,-328.07504,0.0
2024-11-01,0.0,-328.07504,0.0
2024-11-01,0.0,-328.07504,14756.496
2024-11-01,0.0,-328.07504,0.0
2024-11-01,0.0,-328.07504,4709.52
2024-11-01,0.0,-328.07504,3463.776
2024-11-01,0.0,-328.07504,0.0
2024-11-01,0.0,-328.07504,0.0
2024-11-01,0.0,-328.07504,6684.48
2024-11-01,0.0,-328.07504,313.968
2024-11-01,0.0,-328.07504,2977.632
2024-11-01,0.0,-328.07504,9419.04
2024-11-01,0.0,-328.07504,4238.568
2024-11-01,0.0,-328.07504,0.0
2024-11-01,0.0,-328.07504,2040.792
2024-11-01,0.0,-328.07504,23652.256
2024-11-01,0.0,-328.07504,0.0
2024-11-01,0.0,-328.07504,0.0
2024-11-01,0.0,-328.07504,26844.264
2024-11-01,0.0,-328.07504,2511.744
2024-11-01,0.0,-328.07504,1883.808
2024-11-01,0.0,-328.07504,11945.976
2024-11-01,0.0,-328.07504,16169.352
2024-11-01,0.0,-328.07504,4709.52
2024-11-01,0.0,-328.07504,0.0
2024-11-01,0.0,-328.07504,0.0
2024-11-01,0.0,-328.07504,0.0
2024-11-01,0.0,-328.07504,34257.96
2024-11-01,0.0,-328.07504,1640.736
2024-11-01,0.0,-328.07504,7378.248
2024-11-01,0.0,-328.07504,1276.128
2024-11-01,0.0,-328.07504,9419.04
2024-11-01,0.0,-328.07504,2856.096
2024-11-01,0.0,-328.07504,10219.152
2024-11-01,0.0,-328.07504,4709.52
2024-11-01,0.0,-328.07504,0.0
2024-11-01,0.0,-328.07504,4709.52
2024-11-01,0.0,-328.07504,34315.352
2024-11-01,0.0,-328.07504,9262.056
2024-11-01,0.0,-328.07504,0.0
2024-11-01,0.0,-328.07504,0.0
2024-11-01,0.0,-328.07504,0.0
2024-11-01,0.0,-328.07504,2673.792
2024-11-01,0.0,-328.07504,0.0
2024-11-01,0.0,-328.07504,911.52
2024-11-01,0.0,-328.07504,4238.568
2024-11-01,0.0,-328.07504,4552.536
2024-11-01,0.0,-328.07504,9419.04
2024-11-01,0.0,-328.07504,10462.224
2024-11-01,0.0,-328.07504,10236.032
2024-11-01,0.0,-328.07504,5104.512
2024-11-01,0.0,-328.07504,7383.312
2024-11-01,0.0,-328.07504,789.984
2024-11-01,0.0,-328.07504,66135.84
2024-11-01,0.0,-328.07504,11145.864
2024-11-01,0.0,-328.07504,364.608
2024-11-01,0.0,-328.07504,1458.432
2024-11-01,0.0,-328.07504,10376.136
2024-11-01,0.0,-328.07504,0.0
2024-11-01,0.0,-328.07504,2734.56
2024-11-01,0.0,-328.07504,1336.896
2024-11-01,0.0,-328.07504,0.0
2024-11-01,0.0,-328.07504,1336.896
2024-11-01,0.0,-328.07504,4709.52
2024-11-01,0.0,-328.07504,3038.4
2024-11-01,0.0,-328.07504,6137.568
2024-11-01,0.0,-328.07504,972.288
2024-11-01,0.0,-328.07504,4709.52
2024-11-01,0.0,-328.07504,30689.528
2024-11-01,0.0,-328.07504,0.0
2024-11-01,0.0,-328.07504,0.0
2024-11-01,0.0,-328.07504,11277.528
2024-11-01,0.0,-328.07504,0.0
2024-11-01,0.0,-328.07504,4552.536
2024-11-01,0.0,-328.07504,23502.024
2024-11-01,0.0,-328.07504,1215.36
2024-11-01,0.0,-328.07504,5372.904
2024-11-01,0.0,-328.07504,4709.52
2024-11-01,0.0,-328.07504,33486.544
2024-11-01,0.0,-328.07504,0.0
2024-11-01,0.0,-328.07504,0.0
2024-11-01,0.0,-328.07504,0.0
2024-11-01,0.0,-328.07504,3159.936
2024-11-01,0.0,-328.07504,19006.88
2024-11-01,0.0,-328.07504,0.0
2024-11-01,0.0,-328.07504,0.0
2024-11-01,0.0,-328.07504,0.0
2024-11-01,0.0,-328.07504,0.0
2024-11-01,0.0,-328.07504,0.0
2024-11-01,0.0,-328.07504,5433.672
2024-11-01,0.0,-328.07504,0.0
2024-11-01,0.0,-328.07504,1762.272
2024-11-01,0.0,-328.07504,0.0
2024-11-01,0.0,-328.07504,3099.168
2024-11-01,0.0,-328.07504,6259.104
2024-11-01,0.0,-328.07504,11554.36
2024-11-01,0.0,-328.07504,0.0
2024-11-01,0.0,-328.07504,1640.736
2024-11-01,0.0,-328.07504,2430.72
2024-11-01,0.0,-328.07504,2856.096
2024-11-01,0.0,-328.07504,0.0
2024-11-01,0.0,-328.07504,4709.52
2024-11-01,0.0,-328.07504,0.0
2024-11-01,0.0,-328.07504,0.0
2024-11-01,0.0,-328.07504,1762.272
2024-11-01,0.0,-328.07504,4709.52
2024-11-01,0.0,-328.07504,64762.652
2024-11-01,0.0,-328.07504,4709.52
2024-11-01,0.0,-328.07504,4709.52
2024-11-01,0.0,-328.07504,4552.536
2024-11-01,0.0,-328.07504,0.0
2024-11-01,0.0,-328.07504,0.0
2024-11-01,0.0,-328.07504,0.0
2024-11-01,0.0,-328.07504,0.0
2024-11-01,0.0,-328.07504,0.0
2024-11-01,0.0,-328.07504,0.0
2024-11-01,0.0,-328.07504,0.0
2024-11-01,0.0,-328.07504,0.0
2024-11-01,0.0,-328.07504,10273.168
2024-11-01,0.0,-328.07504,4395.552
2024-11-01,0.0,-328.07504,26426.484
2024-11-01,0.0,-328.07504,6562.944
2024-11-01,0.0,-328.07504,0.0
2024-11-01,0.0,-328.07504,1701.504
2024-11-01,0.0,-328.07504,0.0
2024-11-01,0.0,-328.07504,0.0
2024-11-01,0.0,-328.07504,4552.536
2024-11-01,0.0,-328.07504,789.984
2024-11-01,0.0,-328.07504,0.0
2024-11-01,0.0,-328.07504,0.0
2024-11-01,0.0,-328.07504,22524.672
2024-11-01,0.0,-328.07504,0.0
2024-11-01,0.0,-328.07504,156.984
2024-11-01,0.0,-328.07504,11773.8
2024-11-01,0.0,-328.07504,4552.536
2024-11-01,0.0,-328.07504,0.0
2024-11-01,0.0,-328.07504,0.0
2024-11-01,0.0,-328.07504,0.0
2024-11-01,0.0,-328.07504,0.0
2024-11-01,0.0,-328.07504,0.0
2024-11-01,0.0,-328.07504,0.0
2024-11-01,0.0,-328.07504,1519.2
2024-11-01,0.0,-328.07504,0.0
2024-11-01,0.0,-328.07504,0.0
2024-11-01,0.0,-328.07504,5965.392
2024-11-01,0.0,-328.07504,2309.184
2024-11-01,0.0,-328.07504,0.0
2024-11-01,0.0,-328.07504,13971.576
2024-11-01,0.0,-328.07504,2309.184
2024-11-01,0.0,-328.07504,6750.312
2024-11-01,0.0,-328.07504,2916.864
2024-11-01,0.0,-328.07504,0.0
2024-11-01,0.0,-328.07504,16005.616
2024-11-01,0.0,-328.07504,4552.536
2024-11-01,0.0,-328.07504,0.0
2024-12-01,0.0,-328.0497,0.0
2024-12-01,0.0,-328.0497,25024.944
2024-12-01,0.0,-328.0497,0.0
2024-12-01,0.0,-328.0497,0.0
2024-12-01,0.0,-328.0497,7606.656
2024-12-01,0.0,-328.0497,17408.064
2024-12-01,0.0,-328.0497,6814.296
2024-12-01,0.0,-328.0497,19650.528
2024-12-01,0.0,-328.0497,44672.064
2024-12-01,0.0,-328.0497,57856.764
2024-12-01,0.0,-328.0497,4912.632
2024-12-01,0.0,-328.0497,9825.264
2024-12-01,0.0,-328.0497,0.0
2024-12-01,0.0,-328.0497,0.0
2024-12-01,0.0,-328.0497,36509.904
2024-12-01,0.0,-328.0497,7606.656
2024-12-01,0.0,-328.0497,34015.248
2024-12-01,0.0,-328.0497,9825.264
2024-12-01,0.0,-328.0497,0.0
2024-12-01,0.0,-328.0497,24404.688
2024-12-01,0.0,-328.0497,23886.672
2024-12-01,0.0,-328.0497,9191.376
2024-12-01,0.0,-328.0497,4912.632
2024-12-01,0.0,-328.0497,0.0
2024-12-01,0.0,-328.0497,1901.664
2024-12-01,0.0,-328.0497,0.0
2024-12-01,0.0,-328.0497,1778.976
2024-12-01,0.0,-328.0497,4754.16
2024-12-01,0.0,-328.0497,4912.632
2024-12-01,0.0,-328.0497,0.0
2024-12-01,0.0,-328.0497,41444.688
2024-12-01,0.0,-328.0497,0.0
2024-12-01,0.0,-328.0497,5108.592
2024-12-01,0.0,-328.0497,2852.496
2024-12-01,0.0,-328.0497,4912.632
2024-12-01,0.0,-328.0497,2852.496
2024-12-01,0.0,-328.0497,4912.632
2024-12-01,0.0,-328.0497,0.0
2024-12-01,0.0,-328.0497,0.0
2024-12-01,0.0,-328.0497,0.0
2024-12-01,0.0,-328.0497,736.128
2024-12-01,0.0,-328.0497,0.0
2024-12-01,0.0,-328.0497,0.0
2024-12-01,0.0,-328.0497,0.0
2024-12-01,0.0,-328.0497,28049.544
2024-12-01,0.0,-328.0497,0.0
2024-12-01,0.0,-328.0497,20454.816
2024-12-01,0.0,-328.0497,0.0
2024-12-01,0.0,-328.0497,65680.68
2024-12-01,0.0,-328.0497,32684.424
2024-12-01,0.0,-328.0497,4912.632
2024-12-01,0.0,-328.0497,5071.104
2024-12-01,0.0,-328.0497,3312.576
2024-12-01,0.0,-328.0497,0.0
2024-12-01,0.0,-328.0497,0.0
2024-12-01,0.0,-328.0497,158.472
2024-12-01,0.0,-328.0497,4912.632
2024-12-01,0.0,-328.0497,0.0
2024-12-01,0.0,-328.0497,4912.632
2024-12-01,0.0,-328.0497,29923.944
2024-12-01,0.0,-328.0497,0.0
2024-12-01,0.0,-328.0497,0.0
2024-12-01,0.0,-328.0497,18065.808
2024-12-01,0.0,-328.0497,0.0
2024-12-01,0.0,-328.0497,4595.688
2024-12-01,0.0,-328.0497,4048.704
2024-12-01,0.0,-328.0497,0.0
2024-12-01,0.0,-328.0497,0.0
2024-12-01,0.0,-328.0497,7422.624
2024-12-01,0.0,-328.0497,0.0
2024-12-01,0.0,-328.0497,3189.888
2024-12-01,0.0,-328.0497,9032.904
2024-12-01,0.0,-328.0497,4754.16
2024-12-01,0.0,-328.0497,0.0
2024-12-01,0.0,-328.0497,2852.496
2024-12-01,0.0,-328.0497,25418.568
2024-12-01,0.0,-328.0497,0.0
2024-12-01,0.0,-328.0497,0.0
2024-12-01,0.0,-328.0497,29158.848
2024-12-01,0.0,-328.0497,2852.496
2024-12-01,0.0,-328.0497,2060.136
2024-12-01,0.0,-328.0497,13270.752
2024-12-01,0.0,-328.0497,14737.896
2024-12-01,0.0,-328.0497,4754.16
2024-12-01,0.0,-328.0497,0.0
2024-12-01,0.0,-328.0497,0.0
2024-12-01,0.0,-328.0497,0.0
2024-12-01,0.0,-328.0497,36131.616
2024-12-01,0.0,-328.0497,1717.632
2024-12-01,0.0,-328.0497,7606.656
2024-12-01,0.0,-328.0497,1594.944
2024-12-01,0.0,-328.0497,9666.792
2024-12-01,0.0,-328.0497,3251.232
2024-12-01,0.0,-328.0497,9402.672
2024-12-01,0.0,-328.0497,4912.632
2024-12-01,0.0,-328.0497,0.0
2024-12-01,0.0,-328.0497,4754.16
2024-12-01,0.0,-328.0497,34015.248
2024-12-01,0.0,-328.0497,9032.904
2024-12-01,0.0,-328.0497,0.0
2024-12-01,0.0,-328.0497,0.0
2024-12-01,0.0,-328.0497,0.0
2024-12-01,0.0,-328.0497,2576.448
2024-12-01,0.0,-328.0497,0.0
2024-12-01,0.0,-328.0497,1226.88
2024-12-01,0.0,-328.0497,4912.632
2024-12-01,0.0,-328.0497,8874.432
2024-12-01,0.0,-328.0497,4791.648
2024-12-01,0.0,-328.0497,10244.448
2024-12-01,0.0,-328.0497,8969.856
2024-12-01,0.0,-328.0497,5582.304
2024-12-01,0.0,-328.0497,8772.192
2024-12-01,0.0,-328.0497,736.128
2024-12-01,0.0,-328.0497,65893.68
2024-12-01,0.0,-328.0497,12202.344
2024-12-01,0.0,-328.0497,0.0
2024-12-01,0.0,-328.0497,1594.944
2024-12-01,0.0,-328.0497,9402.672
2024-12-01,0.0,-328.0497,0.0
2024-12-01,0.0,-328.0497,2883.168
2024-12-01,0.0,-328.0497,1594.944
2024-12-01,0.0,-328.0497,0.0
2024-12-01,0.0,-328.0497,1717.632
2024-12-01,0.0,-328.0497,4912.632
2024-12-01,0.0,-328.0497,3251.232
2024-12-01,0.0,-328.0497,9728.136
2024-12-01,0.0,-328.0497,981.504
2024-12-01,0.0,-328.0497,4912.632
2024-12-01,0.0,-328.0497,32684.424
2024-12-01,0.0,-328.0497,0.0
2024-12-01,0.0,-328.0497,0.0
2024-12-01,0.0,-328.0497,12773.184
2024-12-01,0.0,-328.0497,22881.312
2024-12-01,0.0,-328.0497,4912.632
2024-12-01,0.0,-328.0497,3373.92
2024-12-01,0.0,-328.0497,2821.824
2024-12-01,0.0,-328.0497,4912.632
2024-12-01,0.0,-328.0497,5480.064
2024-12-01,0.0,-328.0497,4912.632
2024-12-01,0.0,-328.0497,33665.928
2024-12-01,0.0,-328.0497,0.0
2024-12-01,0.0,-328.0497,0.0
2024-12-01,0.0,-328.0497,0.0
2024-12-01,0.0,-328.0497,4294.08
2024-12-01,0.0,-328.0497,20454.816
2024-12-01,0.0,-328.0497,0.0
2024-12-01,0.0,-328.0497,0.0
2024-12-01,0.0,-328.0497,0.0
2024-12-01,0.0,-328.0497,0.0
2024-12-01,0.0,-328.0497,0.0
2024-12-01,0.0,-328.0497,5480.064
2024-12-01,0.0,-328.0497,0.0
2024-12-01,0.0,-328.0497,2760.48
2024-12-01,0.0,-328.0497,0.0
2024-12-01,0.0,-328.0497,3435.264
2024-12-01,0.0,-328.0497,9728.136
2024-12-01,0.0,-328.0497,10237.632
2024-12-01,0.0,-328.0497,0.0
2024-12-01,0.0,-328.0497,1901.664
2024-12-01,0.0,-328.0497,1717.632
2024-12-01,0.0,-328.0497,0.0
2024-12-01,0.0,-328.0497,0.0
2024-12-01,0.0,-328.0497,0.0
2024-12-01,0.0,-328.0497,4912.632
2024-12-01,0.0,-328.0497,0.0
2024-12-01,0.0,-328.0497,1840.32
2024-12-01,0.0,-328.0497,4595.688
2024-12-01,0.0,-328.0497,61079.88
2024-12-01,0.0,-328.0497,4754.16
2024-12-01,0.0,-328.0497,4912.632
2024-12-01,0.0,-328.0497,4912.632
2024-12-01,0.0,-328.0497,0.0
2024-12-01,0.0,-328.0497,0.0
2024-12-01,0.0,-328.0497,0.0
2024-12-01,0.0,-328.0497,1104.192
2024-12-01,0.0,-328.0497,0.0
2024-12-01,0.0,-328.0497,0.0
2024-12-01,0.0,-328.0497,0.0
2024-12-01,0.0,-328.0497,0.0
2024-12-01,0.0,-328.0497,8969.856
2024-12-01,0.0,-328.0497,4912.632
2024-12-01,0.0,-328.0497,24828.984
2024-12-01,0.0,-328.0497,6809.184
2024-12-01,0.0,-328.0497,0.0
2024-12-01,0.0,-328.0497,1901.664
2024-12-01,0.0,-328.0497,0.0
2024-12-01,0.0,-328.0497,0.0
2024-12-01,0.0,-328.0497,0.0
2024-12-01,0.0,-328.0497,22881.312
2024-12-01,0.0,-328.0497,0.0
2024-12-01,0.0,-328.0497,0.0
2024-12-01,0.0,-328.0497,0.0
2024-12-01,0.0,-328.0497,0.0
2024-12-01,0.0,-328.0497,0.0
2024-12-01,0.0,-328.0497,12836.232
2024-12-01,0.0,-328.0497,4912.632
2024-12-01,0.0,-328.0497,0.0
2024-12-01,0.0,-328.0497,0.0
2024-12-01,0.0,-328.0497,0.0
2024-12-01,0.0,-328.0497,0.0
2024-12-01,0.0,-328.0497,0.0
2024-12-01,0.0,-328.0497,1533.6
2024-12-01,0.0,-328.0497,0.0
2024-12-01,0.0,-328.0497,0.0
2024-12-01,0.0,-328.0497,6972.768
2024-12-01,0.0,-328.0497,2821.824
2024-12-01,0.0,-328.0497,61.344
2024-12-01,0.0,-328.0497,4912.632
2024-12-01,0.0,-328.0497,14737.896
2024-12-01,0.0,-328.0497,2883.168
2024-12-01,0.0,-328.0497,6655.824
2024-12-01,0.0,-328.0497,3189.888
2024-12-01,0.0,-328.0497,2060.136
2024-12-01,0.0,-328.0497,17016.144
2024-12-01,0.0,-328.0497,0.0
