Airport,Model,Window,Split,RMSE,MAE,R2,MAPE
MNL,V01_Simple,3,Train,32714.472882808306,29363.216796875,0.4841007590293884,7.095963478088379
MNL,V01_Simple,3,Test,138492.38442600373,95046.8359375,-0.0898512601852417,37.92369079589844
MNL,V01_Simple,6,Train,30974.27784468913,26265.099609375,0.5312005877494812,6.373419761657715
MNL,V01_Simple,6,Test,152392.87668391853,90409.640625,-0.31960761547088623,39.776649475097656
MNL,V01_Simple,12,Train,32384.811254660726,27965.44921875,0.5096138715744019,6.446216106414795
MNL,V01_Simple,12,Test,187818.12751702112,120931.7734375,-0.7187404632568359,56.36006546020508
MNL,V02_Deep,3,Train,33519.30882342296,30034.8828125,0.4584043622016907,7.250560760498047
MNL,V02_Deep,3,Test,142615.87591849655,95786.765625,-0.1557161808013916,38.75571823120117
MNL,V02_Deep,6,Train,34990.66481220384,28374.572265625,0.40174126625061035,7.01745080947876
MNL,V02_Deep,6,Test,162022.5635644616,92861.5859375,-0.49164843559265137,41.809932708740234
MNL,V02_Deep,12,Train,30711.993748371337,26385.99609375,0.5589666366577148,5.819973468780518
MNL,V02_Deep,12,Test,180814.79302313735,118401.3984375,-0.5929539203643799,54.53077697753906
MNL,V03_Wide,3,Train,34865.15096769265,30440.046875,0.4140397906303406,7.452754020690918
MNL,V03_Wide,3,Test,146260.02488718508,94826.9453125,-0.21553301811218262,39.258644104003906
MNL,V03_Wide,6,Train,28809.482883245233,24533.7421875,0.5944395661354065,5.854620456695557
MNL,V03_Wide,6,Test,154752.27129835606,90466.8359375,-0.3607851266860962,40.14985275268555
MNL,V03_Wide,12,Train,33590.798740131206,29498.025390625,0.47241050004959106,6.420525074005127
MNL,V03_Wide,12,Test,178035.38129259588,120839.2109375,-0.5443577766418457,54.504268646240234
MNL,V04_Triple,3,Train,36895.3234977009,32536.123046875,0.34381288290023804,7.983065605163574
MNL,V04_Triple,3,Test,142980.94888480773,99540.1640625,-0.16164076328277588,39.54098892211914
MNL,V04_Triple,6,Train,36696.10900354423,30234.525390625,0.34200185537338257,7.494056224822998
MNL,V04_Triple,6,Test,156357.39655033912,92007.9296875,-0.38916027545928955,40.85425567626953
MNL,V04_Triple,12,Train,32451.94157519701,28202.900390625,0.5075787305831909,6.4414753913879395
MNL,V04_Triple,12,Test,182716.53656962744,118172.2265625,-0.6266382932662964,54.90406036376953
MNL,V05_Bidir,3,Train,34500.31698405103,28879.55078125,0.4262387752532959,7.158276557922363
MNL,V05_Bidir,3,Test,136796.597852432,87770.2265625,-0.06332516670227051,36.3636360168457
MNL,V05_Bidir,6,Train,29931.177591267606,25584.390625,0.5622438192367554,6.165560722351074
MNL,V05_Bidir,6,Test,150939.14598936884,90103.3046875,-0.2945512533187866,39.410552978515625
MNL,V05_Bidir,12,Train,29428.569520110894,25168.33984375,0.5950571298599243,5.725457191467285
MNL,V05_Bidir,12,Test,188314.29863926955,120736.9140625,-0.7278335094451904,56.203834533691406
MNL,V06_Pyramid,3,Train,35721.12069910461,31750.537109375,0.38491493463516235,7.750646114349365
MNL,V06_Pyramid,3,Test,144081.56267892156,98368.359375,-0.17959332466125488,39.50967025756836
MNL,V06_Pyramid,6,Train,41669.713893906206,33870.87890625,0.15155106782913208,8.4560546875
MNL,V06_Pyramid,6,Test,164595.9435709155,93729.390625,-0.5394079685211182,42.462215423583984
MNL,V06_Pyramid,12,Train,31362.728452735104,27256.005859375,0.5400791168212891,6.184275150299072
MNL,V06_Pyramid,12,Test,185502.5068078596,119187.0234375,-0.6766208410263062,55.5918083190918
MNL,V07_DenseLSTM,3,Train,35884.58476839324,31154.646484375,0.3792726993560791,7.670431613922119
MNL,V07_DenseLSTM,3,Test,146188.16061501013,94544.3359375,-0.2143387794494629,39.22234344482422
MNL,V07_DenseLSTM,6,Train,28847.777037407926,24478.056640625,0.5933606624603271,5.812056064605713
MNL,V07_DenseLSTM,6,Test,154908.9229192431,92469.2109375,-0.36354148387908936,40.613304138183594
MNL,V07_DenseLSTM,12,Train,30356.802993727782,26090.462890625,0.5691089034080505,5.83190393447876
MNL,V07_DenseLSTM,12,Test,184934.841195487,119443.859375,-0.6663750410079956,55.49544143676758
MNL,V08_Lite,3,Train,32246.705009969624,29073.638671875,0.4987484812736511,6.963577747344971
MNL,V08_Lite,3,Test,134640.74438296902,97014.859375,-0.030074119567871094,37.541988372802734
MNL,V08_Lite,6,Train,32862.584195403746,27852.0625,0.472298800945282,6.813239097595215
MNL,V08_Lite,6,Test,153414.4078761835,91464.375,-0.33735835552215576,40.175941467285156
MNL,V08_Lite,12,Train,30224.04446793976,25962.23828125,0.5728694200515747,5.78037691116333
MNL,V08_Lite,12,Test,177814.62203092297,117275.7890625,-0.5405302047729492,53.74367141723633
MNL,V09_BiDeep,3,Train,36585.706498576736,29787.3984375,0.35477983951568604,7.44304084777832
MNL,V09_BiDeep,3,Test,141751.6783110521,88102.6640625,-0.14175236225128174,37.236968994140625
MNL,V09_BiDeep,6,Train,28690.941288148773,25448.306640625,0.5977702140808105,5.971662521362305
MNL,V09_BiDeep,6,Test,145239.9592398731,94286.625,-0.19863712787628174,39.25522232055664
MNL,V09_BiDeep,12,Train,29603.300356548087,25196.373046875,0.5902341604232788,5.621915817260742
MNL,V09_BiDeep,12,Test,178056.56916834044,115924.7265625,-0.5447252988815308,53.47844314575195
MNL,V10_Mixed,3,Train,34477.58135368547,28851.189453125,0.4269947409629822,7.147212982177734
MNL,V10_Mixed,3,Test,139639.42045138974,88179.0859375,-0.10797905921936035,36.879451751708984
MNL,V10_Mixed,6,Train,28514.756320193235,25585.919921875,0.6026950478553772,5.968284606933594
MNL,V10_Mixed,6,Test,145175.01757533904,93717.2734375,-0.19756543636322021,39.105525970458984
MNL,V10_Mixed,12,Train,29745.67935011739,25678.765625,0.5862830877304077,5.693591594696045
MNL,V10_Mixed,12,Test,176290.2159962373,115399.3359375,-0.514229416847229,53.03942108154297
CEB,V01_Simple,3,Train,20520.484984522172,16566.974609375,0.5757735967636108,12.921338081359863
CEB,V01_Simple,3,Test,33192.26897938735,19474.54296875,0.09088557958602905,28.303123474121094
CEB,V01_Simple,6,Train,21829.369574039465,18849.509765625,0.5310919880867004,15.287420272827148
CEB,V01_Simple,6,Test,46447.31656403845,37891.8671875,-0.7801883220672607,45.1098518371582
CEB,V01_Simple,12,Train,29866.34976022346,23834.765625,0.1772836446762085,17.17605209350586
CEB,V01_Simple,12,Test,54179.95260241559,41818.3671875,-1.234576940536499,57.10109329223633
CEB,V02_Deep,3,Train,21267.995110023887,18420.412109375,0.5443036556243896,15.444127082824707
CEB,V02_Deep,3,Test,39964.15513932454,27375.400390625,-0.3179105520248413,36.349796295166016
CEB,V02_Deep,6,Train,23978.178079245303,20712.724609375,0.4342329502105713,17.944244384765625
CEB,V02_Deep,6,Test,60726.84230223073,54965.9140625,-2.0430288314819336,60.27091598510742
CEB,V02_Deep,12,Train,29647.70426188173,24177.703125,0.18928539752960205,18.020153045654297
CEB,V02_Deep,12,Test,66536.28423649761,55879.8984375,-2.3700408935546875,72.09747314453125
CEB,V03_Wide,3,Train,20794.285368821886,17606.703125,0.5643773078918457,14.100883483886719
CEB,V03_Wide,3,Test,36225.63070534453,21358.4375,-0.0828707218170166,30.92255210876465
CEB,V03_Wide,6,Train,23205.486247868197,19997.21875,0.47010892629623413,17.181180953979492
CEB,V03_Wide,6,Test,62528.60183947823,57327.8203125,-2.226280450820923,62.01911163330078
CEB,V03_Wide,12,Train,28550.786188824994,22837.72265625,0.24816596508026123,16.4400634765625
CEB,V03_Wide,12,Test,57475.58118018469,46811.5234375,-1.5146920680999756,61.66459274291992
CEB,V04_Triple,3,Train,23326.692693135905,19517.802734375,0.45181286334991455,16.409517288208008
CEB,V04_Triple,3,Test,38035.841623395165,22380.416015625,-0.19379770755767822,32.5112419128418
CEB,V04_Triple,6,Train,24738.61435084835,21092.685546875,0.39777880907058716,18.030094146728516
CEB,V04_Triple,6,Test,53817.29803696949,46209.26953125,-1.3899478912353516,53.045074462890625
CEB,V04_Triple,12,Train,30487.147718341905,24786.40234375,0.14272642135620117,18.432340621948242
CEB,V04_Triple,12,Test,64900.790750190405,53480.98828125,-2.206402540206909,69.94363403320312
CEB,V05_Bidir,3,Train,19659.516169021048,16713.728515625,0.6106249094009399,13.531322479248047
CEB,V05_Bidir,3,Test,34577.214231340266,20351.384765625,0.013437271118164062,29.412174224853516
CEB,V05_Bidir,6,Train,21852.097016076055,19066.40234375,0.5301150679588318,16.110567092895508
CEB,V05_Bidir,6,Test,54904.84335648359,48676.31640625,-1.4875166416168213,54.302398681640625
CEB,V05_Bidir,12,Train,27770.11573616502,21725.361328125,0.28871893882751465,15.501091957092285
CEB,V05_Bidir,12,Test,53400.46921142173,42342.9140625,-1.1707420349121094,56.68777084350586
CEB,V06_Pyramid,3,Train,23471.40421875095,20282.134765625,0.44499021768569946,17.37794303894043
CEB,V06_Pyramid,3,Test,41059.04587298638,27678.572265625,-0.39111292362213135,37.1694221496582
CEB,V06_Pyramid,6,Train,24810.4610194974,21339.251953125,0.3942757844924927,18.395431518554688
CEB,V06_Pyramid,6,Test,57055.92372400959,50171.9140625,-1.6862483024597168,56.48866271972656
CEB,V06_Pyramid,12,Train,30514.591394937604,24738.43359375,0.1411823034286499,18.283143997192383
CEB,V06_Pyramid,12,Test,63807.06920083385,52367.3515625,-2.0992431640625,68.67550659179688
CEB,V07_DenseLSTM,3,Train,22858.193804410705,19668.236328125,0.47361159324645996,17.111417770385742
CEB,V07_DenseLSTM,3,Test,45647.05642207392,35653.73046875,-0.7193735837936401,43.631134033203125
CEB,V07_DenseLSTM,6,Train,23610.125285563394,20295.611328125,0.4514681100845337,17.552400588989258
CEB,V07_DenseLSTM,6,Test,62059.943151762556,56697.78515625,-2.1780991554260254,61.58128356933594
CEB,V07_DenseLSTM,12,Train,33450.50361354818,26118.59765625,-0.032027244567871094,18.048416137695312
CEB,V07_DenseLSTM,12,Test,53324.44512603952,39723.8984375,-1.1645655632019043,55.45989990234375
CEB,V08_Lite,3,Train,23691.973999648068,18238.501953125,0.43450993299484253,13.759342193603516
CEB,V08_Lite,3,Test,32003.914760541404,22727.919921875,0.15481668710708618,29.723819732666016
CEB,V08_Lite,6,Train,23254.683141251357,19029.267578125,0.46785974502563477,15.190351486206055
CEB,V08_Lite,6,Test,41984.057926789304,31050.01953125,-0.4544992446899414,39.45903015136719
CEB,V08_Lite,12,Train,28740.966163300774,22208.04296875,0.23811644315719604,15.695876121520996
CEB,V08_Lite,12,Test,48148.671092772645,35080.1796875,-0.7647643089294434,49.56406784057617
CEB,V09_BiDeep,3,Train,20214.386955829257,17442.92578125,0.5883352756500244,14.823934555053711
CEB,V09_BiDeep,3,Test,38407.269311941454,26752.26953125,-0.21722686290740967,35.07186508178711
CEB,V09_BiDeep,6,Train,21695.294973795586,18552.326171875,0.5368342995643616,15.898232460021973
CEB,V09_BiDeep,6,Test,51871.16100493607,45227.41015625,-1.2202231884002686,51.13663101196289
CEB,V09_BiDeep,12,Train,28842.33555036762,22953.48046875,0.2327326536178589,16.611879348754883
CEB,V09_BiDeep,12,Test,56788.92060956961,45180.44921875,-1.4549648761749268,60.45200729370117
CEB,V10_Mixed,3,Train,19869.216391191676,17160.3359375,0.6022740602493286,14.580122947692871
CEB,V10_Mixed,3,Test,39428.80977153635,28765.51171875,-0.2828385829925537,36.64373016357422
CEB,V10_Mixed,6,Train,20774.029941251167,18110.1640625,0.5753346681594849,15.229596138000488
CEB,V10_Mixed,6,Test,51008.09786690737,44468.1328125,-1.1469550132751465,50.25458526611328
CEB,V10_Mixed,12,Train,34017.62178636243,26712.85546875,-0.06731784343719482,17.9874324798584
CEB,V10_Mixed,12,Test,41505.39087877622,26554.19921875,-0.31137561798095703,40.4713020324707
DVO,V01_Simple,3,Train,13618.264794018363,11648.998046875,0.564816951751709,14.837688446044922
DVO,V01_Simple,3,Test,25282.932741278255,16912.40234375,0.11359292268753052,43.615928649902344
DVO,V01_Simple,6,Train,15302.429611012756,13501.5361328125,0.4978862404823303,17.589693069458008
DVO,V01_Simple,6,Test,30332.87009170085,18726.20703125,-0.27586686611175537,51.13325119018555
DVO,V01_Simple,12,Train,18890.360716513595,15514.478515625,0.2880862355232239,18.59491539001465
DVO,V01_Simple,12,Test,41119.70583552368,30927.712890625,-1.153167963027954,82.26248931884766
DVO,V02_Deep,3,Train,14051.085652005684,12429.5322265625,0.5367151498794556,16.221418380737305
DVO,V02_Deep,3,Test,26604.67447649003,16369.2861328125,0.018491089344024658,44.86553192138672
DVO,V02_Deep,6,Train,15494.897740869412,14187.6611328125,0.4851759672164917,19.099872589111328
DVO,V02_Deep,6,Test,35492.647125848474,26609.30859375,-0.7468481063842773,62.83269500732422
DVO,V02_Deep,12,Train,20118.976514723607,16266.443359375,0.19246995449066162,19.33496856689453
DVO,V02_Deep,12,Test,42027.521649509625,31620.46875,-1.2492902278900146,84.1109848022461
DVO,V03_Wide,3,Train,13514.650420932094,12297.3662109375,0.5714139938354492,16.151660919189453
DVO,V03_Wide,3,Test,27264.897872539335,16252.998046875,-0.030827641487121582,45.59727478027344
DVO,V03_Wide,6,Train,15498.341588699095,14282.2158203125,0.484947144985199,19.46893882751465
DVO,V03_Wide,6,Test,37359.46209462872,29334.041015625,-0.9354393482208252,66.63711547851562
DVO,V03_Wide,12,Train,20351.372631839848,16184.3984375,0.17370659112930298,18.51130485534668
DVO,V03_Wide,12,Test,37709.15899353896,26243.19140625,-0.8108047246932983,74.0766372680664
DVO,V04_Triple,3,Train,15747.230867679562,13721.787109375,0.4181155562400818,18.656024932861328
DVO,V04_Triple,3,Test,27133.969263637046,17266.62109375,-0.020951151847839355,46.299560546875
DVO,V04_Triple,6,Train,16931.52893273375,15188.5087890625,0.3852851390838623,20.842092514038086
DVO,V04_Triple,6,Test,33600.10857125316,23214.376953125,-0.5655238628387451,58.46149444580078
DVO,V04_Triple,12,Train,20146.7623205318,16597.57421875,0.19023793935775757,20.903690338134766
DVO,V04_Triple,12,Test,43217.68378800511,32689.75,-1.3784875869750977,86.61373138427734
DVO,V05_Bidir,3,Train,12545.323272040461,11435.8857421875,0.6306891441345215,15.212458610534668
DVO,V05_Bidir,3,Test,26420.020287653075,16047.373046875,0.03206843137741089,44.19013595581055
DVO,V05_Bidir,6,Train,14699.568429038996,13684.8486328125,0.536669909954071,18.65142059326172
DVO,V05_Bidir,6,Test,33408.231799962115,24290.572265625,-0.5476946830749512,58.63361358642578
DVO,V05_Bidir,12,Train,20436.64473439806,16415.70703125,0.16676771640777588,18.958768844604492
DVO,V05_Bidir,12,Test,39191.59256779443,27961.837890625,-0.9559770822525024,77.43618774414062
DVO,V06_Pyramid,3,Train,15271.832895890395,13727.6015625,0.4527185559272766,18.748971939086914
DVO,V06_Pyramid,3,Test,28016.444314009586,16598.837890625,-0.0884397029876709,46.84514236450195
DVO,V06_Pyramid,6,Train,17055.268276987026,15537.1875,0.37626737356185913,21.635841369628906
DVO,V06_Pyramid,6,Test,36626.1021677164,27615.927734375,-0.8602004051208496,64.9558334350586
DVO,V06_Pyramid,12,Train,20347.788872504058,16458.8203125,0.17399752140045166,20.128047943115234
DVO,V06_Pyramid,12,Test,43048.85708122807,32663.787109375,-1.3599412441253662,86.31707763671875
DVO,V07_DenseLSTM,3,Train,15380.879558724851,13957.44921875,0.4448750615119934,19.70440673828125
DVO,V07_DenseLSTM,3,Test,30571.141424552665,18800.513671875,-0.295989990234375,51.45231628417969
DVO,V07_DenseLSTM,6,Train,15868.83839479122,14576.6171875,0.4600275158882141,20.085887908935547
DVO,V07_DenseLSTM,6,Test,38437.47504714637,30658.830078125,-1.0487456321716309,68.70760345458984
DVO,V07_DenseLSTM,12,Train,21916.593895950165,17871.85546875,0.04171866178512573,20.158628463745117
DVO,V07_DenseLSTM,12,Test,37014.2735711509,24664.208984375,-0.7446823120117188,71.88945007324219
DVO,V08_Lite,3,Train,13919.11089114531,11759.8173828125,0.5453770160675049,14.849260330200195
DVO,V08_Lite,3,Test,25175.229730828672,17557.001953125,0.12112879753112793,43.958560943603516
DVO,V08_Lite,6,Train,16276.80410891524,13842.5888671875,0.4319067597389221,17.883081436157227
DVO,V08_Lite,6,Test,27692.617933304897,15940.4169921875,-0.063423752784729,45.84271240234375
DVO,V08_Lite,12,Train,17607.82553298391,14248.697265625,0.3814734220504761,16.609895706176758
DVO,V08_Lite,12,Test,35493.11414908531,24204.630859375,-0.604228138923645,69.1644058227539
DVO,V09_BiDeep,3,Train,13579.046800125552,12222.466796875,0.5673198699951172,17.086999893188477
DVO,V09_BiDeep,3,Test,29007.224479429256,18328.630859375,-0.16678452491760254,48.82225799560547
DVO,V09_BiDeep,6,Train,14427.194876343772,13429.3291015625,0.5536812543869019,18.32963752746582
DVO,V09_BiDeep,6,Test,33929.31570191182,25324.419921875,-0.5963516235351562,59.828819274902344
DVO,V09_BiDeep,12,Train,20547.05740489377,16515.564453125,0.15773999691009521,18.807825088500977
DVO,V09_BiDeep,12,Test,37141.13363913385,25417.96875,-0.756662130355835,72.57672882080078
DVO,V10_Mixed,3,Train,13438.391570422407,12184.46484375,0.5762370824813843,16.928945541381836
DVO,V10_Mixed,3,Test,28671.956473181246,17616.55078125,-0.1399688720703125,47.88765335083008
DVO,V10_Mixed,6,Train,14097.354645464517,13114.171875,0.5738557577133179,17.711519241333008
DVO,V10_Mixed,6,Test,33124.656677466104,24363.76953125,-0.5215320587158203,58.20781707763672
DVO,V10_Mixed,12,Train,18542.883486664094,15003.498046875,0.3140358328819275,17.51932144165039
DVO,V10_Mixed,12,Test,37583.64410218892,26841.07421875,-0.7987701892852783,74.19640350341797
MPH,V01_Simple,3,Train,7804.077139546995,5777.701171875,0.09834295511245728,11.621123313903809
MPH,V01_Simple,3,Test,18158.362040668755,14069.248046875,0.07363855838775635,40.70758819580078
MPH,V01_Simple,6,Train,7974.98689654096,5708.66015625,-0.015482664108276367,11.951380729675293
MPH,V01_Simple,6,Test,23075.60928773063,14853.421875,-0.49600648880004883,50.47593688964844
MPH,V01_Simple,12,Train,6107.957105284876,4965.47705078125,0.46940553188323975,9.081583023071289
MPH,V01_Simple,12,Test,26992.010669825988,18645.853515625,-1.0024433135986328,67.57200622558594
MPH,V02_Deep,3,Train,8284.060839950416,6152.32373046875,-0.015979290008544922,12.658308029174805
MPH,V02_Deep,3,Test,19522.39411547672,14299.7802734375,-0.07076287269592285,43.685333251953125
MPH,V02_Deep,6,Train,8826.913390308075,6392.81298828125,-0.24402832984924316,13.5435152053833
MPH,V02_Deep,6,Test,25263.7099413368,16097.28125,-0.7931697368621826,55.20310974121094
MPH,V02_Deep,12,Train,6248.537108795946,5190.3916015625,0.4447002410888672,9.48387336730957
MPH,V02_Deep,12,Test,27474.043022460308,18567.650390625,-1.0746026039123535,68.34576416015625
MPH,V03_Wide,3,Train,8147.4489258908525,6165.78955078125,0.017253398895263672,12.399209022521973
MPH,V03_Wide,3,Test,19054.82280159015,14288.1201171875,-0.02008640766143799,42.66956329345703
MPH,V03_Wide,6,Train,7672.034150080407,5536.53955078125,0.06020396947860718,11.479586601257324
MPH,V03_Wide,6,Test,23321.550548794992,14651.0224609375,-0.5280656814575195,50.62336730957031
MPH,V03_Wide,12,Train,6267.56539654753,5176.7919921875,0.4413130283355713,9.563904762268066
MPH,V03_Wide,12,Test,28795.65856166516,20228.384765625,-1.2789969444274902,72.63766479492188
MPH,V04_Triple,3,Train,8629.601613052599,6431.71435546875,-0.10250294208526611,13.42274284362793
MPH,V04_Triple,3,Test,20023.342378334342,14499.173828125,-0.12641990184783936,44.85435485839844
MPH,V04_Triple,6,Train,8661.924497477452,6251.39111328125,-0.19795739650726318,13.285396575927734
MPH,V04_Triple,6,Test,23650.987632655004,14486.470703125,-0.5715409517288208,51.02663803100586
MPH,V04_Triple,12,Train,7154.796712695616,5985.2578125,0.27194297313690186,11.283116340637207
MPH,V04_Triple,12,Test,28053.797461306374,18940.73046875,-1.1630823612213135,69.88943481445312
MPH,V05_Bidir,3,Train,7682.945789213926,5572.59423828125,0.12611597776412964,11.443316459655762
MPH,V05_Bidir,3,Test,18048.17819060971,13581.0556640625,0.0848466157913208,40.23338317871094
MPH,V05_Bidir,6,Train,7807.678015902039,5582.3125,0.02667844295501709,11.6337308883667
MPH,V05_Bidir,6,Test,22593.53040142244,14836.5087890625,-0.4341524839401245,49.64876937866211
MPH,V05_Bidir,12,Train,6342.013245019281,5219.0751953125,0.42796170711517334,9.602252006530762
MPH,V05_Bidir,12,Test,27816.383086231755,19329.146484375,-1.1266255378723145,69.76102447509766
MPH,V06_Pyramid,3,Train,8501.99505998445,6318.73486328125,-0.07013845443725586,13.119695663452148
MPH,V06_Pyramid,3,Test,19840.052419285592,14613.3642578125,-0.10589218139648438,44.60763168334961
MPH,V06_Pyramid,6,Train,9443.79838836048,6840.314453125,-0.4239867925643921,14.615737915039062
MPH,V06_Pyramid,6,Test,25222.81506890141,15682.0556640625,-0.7873692512512207,54.75199890136719
MPH,V06_Pyramid,12,Train,7115.713035248119,5941.03515625,0.27987539768218994,11.22714900970459
MPH,V06_Pyramid,12,Test,28564.53745468321,19604.787109375,-1.2425603866577148,71.58670806884766
MPH,V07_DenseLSTM,3,Train,8779.70204505825,6541.9248046875,-0.1411895751953125,13.663222312927246
MPH,V07_DenseLSTM,3,Test,20422.297618044842,14520.1494140625,-0.1717536449432373,45.6051139831543
MPH,V07_DenseLSTM,6,Train,8719.860549343664,6254.48388671875,-0.214036226272583,13.248525619506836
MPH,V07_DenseLSTM,6,Test,25693.37595568165,16584.900390625,-0.8546820878982544,56.37458038330078
MPH,V07_DenseLSTM,12,Train,6214.942316707372,5183.8056640625,0.4506552219390869,9.422429084777832
MPH,V07_DenseLSTM,12,Test,27642.28528902775,18516.509765625,-1.1000885963439941,68.57841491699219
MPH,V08_Lite,3,Train,7774.387178421203,5865.94921875,0.1051904559135437,11.757600784301758
MPH,V08_Lite,3,Test,17874.995272726646,13712.095703125,0.1023252010345459,39.86243438720703
MPH,V08_Lite,6,Train,7321.790218245808,5286.8125,0.14405250549316406,10.871800422668457
MPH,V08_Lite,6,Test,21487.759492324927,13724.248046875,-0.2972073554992676,46.67982482910156
MPH,V08_Lite,12,Train,6321.309358036514,5146.55615234375,0.4316905736923218,9.45843505859375
MPH,V08_Lite,12,Test,26463.48971696666,17904.109375,-0.9247927665710449,65.77067565917969
MPH,V09_BiDeep,3,Train,8214.519827719694,5879.08251953125,0.0010065436363220215,12.329290390014648
MPH,V09_BiDeep,3,Test,19085.692232664762,13681.1552734375,-0.023394227027893066,42.457035064697266
MPH,V09_BiDeep,6,Train,7733.964571938509,5502.75390625,0.04497021436691284,11.474275588989258
MPH,V09_BiDeep,6,Test,22590.779712086078,14917.576171875,-0.4338033199310303,49.73537063598633
MPH,V09_BiDeep,12,Train,6237.79191701679,5148.06689453125,0.44660842418670654,9.495794296264648
MPH,V09_BiDeep,12,Test,27277.40163578635,18941.87890625,-1.045011281967163,68.43560791015625
MPH,V10_Mixed,3,Train,8112.653573276749,5789.37548828125,0.02562946081161499,12.1163330078125
MPH,V10_Mixed,3,Test,18884.63671877222,13515.3193359375,-0.0019462108612060547,41.9080924987793
MPH,V10_Mixed,6,Train,7508.790315357061,5373.10546875,0.09977203607559204,11.137595176696777
MPH,V10_Mixed,6,Test,21905.379065425917,14284.4013671875,-0.34812045097351074,47.98089599609375
MPH,V10_Mixed,12,Train,6061.500144353706,4886.16552734375,0.47744619846343994,8.881254196166992
MPH,V10_Mixed,12,Test,26296.57924521743,18014.46484375,-0.900589108467102,65.57828521728516
ILO,V01_Simple,3,Train,10872.611461833812,7747.56494140625,0.5451507568359375,14.316001892089844
ILO,V01_Simple,3,Test,9821.399492943967,8124.0556640625,0.46087127923965454,19.274248123168945
ILO,V01_Simple,6,Train,9390.121191976172,7379.34130859375,0.6685938835144043,14.356427192687988
ILO,V01_Simple,6,Test,20044.911174659766,18444.00390625,-1.2457115650177002,41.69094467163086
ILO,V01_Simple,12,Train,10775.930586264929,7962.38427734375,0.5230076313018799,13.133257865905762
ILO,V01_Simple,12,Test,33643.64784026845,31903.06640625,-9.019906044006348,77.55316162109375
ILO,V02_Deep,3,Train,10347.220689634487,8363.84765625,0.5880475044250488,17.726133346557617
ILO,V02_Deep,3,Test,14511.385323255668,12170.240234375,-0.17696475982666016,29.01393699645996
ILO,V02_Deep,6,Train,9990.377370249835,8638.748046875,0.6248698830604553,18.077783584594727
ILO,V02_Deep,6,Test,26694.494413642675,25378.02734375,-2.9828054904937744,55.881072998046875
ILO,V02_Deep,12,Train,10606.831383594254,7759.3232421875,0.5378603935241699,12.644070625305176
ILO,V02_Deep,12,Test,32930.932813997235,31332.0,-8.599873542785645,75.96511840820312
ILO,V03_Wide,3,Train,10520.362351174032,7859.8056640625,0.5741455554962158,15.22960090637207
ILO,V03_Wide,3,Test,11122.024995476319,9206.3359375,0.30862540006637573,22.254709243774414
ILO,V03_Wide,6,Train,9836.798259596462,8498.392578125,0.6363147497177124,17.6375675201416
ILO,V03_Wide,6,Test,26422.451059657582,25240.375,-2.9020419120788574,55.355262756347656
ILO,V03_Wide,12,Train,11206.020167749119,7803.9091796875,0.4841722846031189,12.073078155517578
ILO,V03_Wide,12,Test,29572.85890812723,27974.09375,-6.741837501525879,68.1207275390625
ILO,V04_Triple,3,Train,11726.8444178304,9305.0009765625,0.47087037563323975,19.300607681274414
ILO,V04_Triple,3,Test,12028.018623198086,9901.2744140625,0.1913996934890747,23.961469650268555
ILO,V04_Triple,6,Train,11755.358948156369,10308.9130859375,0.4806143045425415,21.88800048828125
ILO,V04_Triple,6,Test,23576.460124454647,21304.259765625,-2.1067256927490234,48.75938415527344
ILO,V04_Triple,12,Train,11407.383573808676,9241.041015625,0.4654676914215088,16.506492614746094
ILO,V04_Triple,12,Test,34902.40748143314,32639.21484375,-9.783710479736328,80.1576156616211
ILO,V05_Bidir,3,Train,9468.955591827433,7494.498046875,0.6550120711326599,15.245924949645996
ILO,V05_Bidir,3,Test,11800.120677349025,9301.470703125,0.22175097465515137,22.926525115966797
ILO,V05_Bidir,6,Train,9558.95349920691,8193.7822265625,0.6565694808959961,16.94232940673828
ILO,V05_Bidir,6,Test,22820.05363709735,21572.21484375,-1.910576581954956,47.7802848815918
ILO,V05_Bidir,12,Train,11815.637096661356,8124.79443359375,0.42652279138565063,12.357854843139648
ILO,V05_Bidir,12,Test,25998.72858429812,24095.224609375,-4.983588218688965,59.51148223876953
ILO,V06_Pyramid,3,Train,11493.398453025111,9532.6572265625,0.49172741174697876,20.698305130004883
ILO,V06_Pyramid,3,Test,14471.120481842448,11649.2685546875,-0.1704423427581787,28.45271873474121
ILO,V06_Pyramid,6,Train,11043.027483439493,9711.8779296875,0.5416529178619385,20.708393096923828
ILO,V06_Pyramid,6,Test,26997.164888187795,25281.453125,-3.073634147644043,56.3636360168457
ILO,V06_Pyramid,12,Train,11255.068547103567,8634.6591796875,0.47964686155319214,14.603053092956543
ILO,V06_Pyramid,12,Test,34528.187209872456,32314.48046875,-9.553706169128418,79.30806732177734
ILO,V07_DenseLSTM,3,Train,10889.423859874314,9142.970703125,0.5437430143356323,19.86480140686035
ILO,V07_DenseLSTM,3,Test,15202.981812789227,12843.740234375,-0.29182374477386475,30.519792556762695
ILO,V07_DenseLSTM,6,Train,11835.145626480478,10839.75,0.4735400080680847,23.971574783325195
ILO,V07_DenseLSTM,6,Test,33816.3321488301,32957.56640625,-5.391439914703369,70.720947265625
ILO,V07_DenseLSTM,12,Train,10991.859533309183,7912.5849609375,0.5037000179290771,12.731009483337402
ILO,V07_DenseLSTM,12,Test,33457.0463729242,31635.14453125,-8.909064292907715,77.0660400390625
ILO,V08_Lite,3,Train,11334.19286936657,8033.859375,0.5057109594345093,14.609914779663086
ILO,V08_Lite,3,Test,9531.48424958044,7906.6572265625,0.4922303557395935,18.24180030822754
ILO,V08_Lite,6,Train,9996.378544252913,7707.88671875,0.624419093132019,14.682785987854004
ILO,V08_Lite,6,Test,17748.979463619875,15532.8291015625,-0.7607289552688599,36.2657585144043
ILO,V08_Lite,12,Train,9882.666037057004,7388.578125,0.5988099575042725,12.129996299743652
ILO,V08_Lite,12,Test,27546.021418709453,26261.61328125,-5.7169976234436035,63.56904983520508
ILO,V09_BiDeep,3,Train,9741.038958961206,7954.70703125,0.6349012851715088,16.92125129699707
ILO,V09_BiDeep,3,Test,13841.603953299633,11747.6044921875,-0.07082509994506836,27.831363677978516
ILO,V09_BiDeep,6,Train,9495.41236597969,8337.6826171875,0.6611200571060181,17.481576919555664
ILO,V09_BiDeep,6,Test,25057.964163115885,23965.548828125,-2.5094356536865234,52.49509811401367
ILO,V09_BiDeep,12,Train,10233.27083585693,7819.1044921875,0.5698391795158386,13.031038284301758
ILO,V09_BiDeep,12,Test,33336.69401725372,31748.125,-8.837903022766113,76.92559051513672
ILO,V10_Mixed,3,Train,9833.926580974661,8346.8876953125,0.6279051303863525,18.232376098632812
ILO,V10_Mixed,3,Test,15206.159804500281,13670.8154296875,-0.29236388206481934,31.3082275390625
ILO,V10_Mixed,6,Train,10214.485009044754,9019.4921875,0.6078510284423828,19.53341293334961
ILO,V10_Mixed,6,Test,27561.83680381262,26823.28125,-3.2458243370056152,57.67070770263672
ILO,V10_Mixed,12,Train,10040.195615624229,7465.48681640625,0.5859180688858032,12.13770866394043
ILO,V10_Mixed,12,Test,30702.230277294188,29382.1875,-7.3444414138793945,70.9020004272461
BCD,V01_Simple,3,Train,3772.9325464418257,3106.379638671875,0.3799930810928345,8.468729972839355
BCD,V01_Simple,3,Test,10926.082188964167,6774.5380859375,-0.050811171531677246,38.93305587768555
BCD,V01_Simple,6,Train,3913.508017112013,2977.986572265625,0.3596650958061218,8.509687423706055
BCD,V01_Simple,6,Test,13965.652150902228,10003.900390625,-0.7167940139770508,52.33896255493164
BCD,V01_Simple,12,Train,3453.043295413482,2869.330322265625,0.2820001244544983,7.137260437011719
BCD,V01_Simple,12,Test,15964.58330179651,12011.6669921875,-1.1668713092803955,67.92301177978516
BCD,V02_Deep,3,Train,4086.537409592625,3215.939453125,0.2726399898529053,9.248238563537598
BCD,V02_Deep,3,Test,12528.976334880675,8798.1787109375,-0.381742000579834,46.5450439453125
BCD,V02_Deep,6,Train,3718.082166924233,2863.267333984375,0.42202019691467285,8.052257537841797
BCD,V02_Deep,6,Test,13722.979851329666,9852.5478515625,-0.6576492786407471,51.45041275024414
BCD,V02_Deep,12,Train,3392.4850773437456,2917.0185546875,0.30696332454681396,7.275061130523682
BCD,V02_Deep,12,Test,16955.128545664287,13206.1044921875,-1.4441063404083252,72.8695297241211
BCD,V03_Wide,3,Train,3741.955504812958,3029.70654296875,0.39013218879699707,8.520600318908691
BCD,V03_Wide,3,Test,11702.243887391853,7889.0146484375,-0.205407977104187,42.98615264892578
BCD,V03_Wide,6,Train,3782.711857913579,2876.579345703125,0.4017520546913147,8.155534744262695
BCD,V03_Wide,6,Test,13823.04510590919,10133.7490234375,-0.681911826133728,52.13261413574219
BCD,V03_Wide,12,Train,3899.0148755807536,3291.67822265625,0.08455955982208252,8.064708709716797
BCD,V03_Wide,12,Test,15560.454492077022,11478.029296875,-1.0585551261901855,65.81085968017578
BCD,V04_Triple,3,Train,4071.8264943388735,3198.748046875,0.27786731719970703,9.179609298706055
BCD,V04_Triple,3,Test,12377.645010259423,8301.896484375,-0.34856486320495605,45.44483947753906
BCD,V04_Triple,6,Train,4212.859361526325,3093.950439453125,0.2579577565193176,9.005078315734863
BCD,V04_Triple,6,Test,14547.337900798208,10605.482421875,-0.8627853393554688,54.834632873535156
BCD,V04_Triple,12,Train,3629.3285880449016,3009.0751953125,0.20681792497634888,7.463873863220215
BCD,V04_Triple,12,Test,16435.68605200282,12274.154296875,-1.2966434955596924,69.82633972167969
BCD,V05_Bidir,3,Train,3815.8926871703297,3107.25146484375,0.3657933473587036,8.73046588897705
BCD,V05_Bidir,3,Test,10995.192767750823,7131.6962890625,-0.06414663791656494,39.7396240234375
BCD,V05_Bidir,6,Train,3775.5227452632303,2921.5078125,0.40402382612228394,8.214662551879883
BCD,V05_Bidir,6,Test,13001.803567197898,9252.2177734375,-0.48800015449523926,48.513309478759766
BCD,V05_Bidir,12,Train,3429.7480957061557,2917.9658203125,0.29165512323379517,7.269767761230469
BCD,V05_Bidir,12,Test,16125.297392606439,12361.484375,-1.2107183933258057,68.93492889404297
BCD,V06_Pyramid,3,Train,4151.421684194464,3252.314697265625,0.249359130859375,9.375968933105469
BCD,V06_Pyramid,3,Test,12691.560030193294,8757.7626953125,-0.4178352355957031,46.98427200317383
BCD,V06_Pyramid,6,Train,3933.5810656448916,2987.852783203125,0.35307949781417847,8.562568664550781
BCD,V06_Pyramid,6,Test,14163.065769811281,10085.193359375,-0.7656731605529785,53.00358581542969
BCD,V06_Pyramid,12,Train,3700.802345438081,3052.748291015625,0.17526942491531372,7.537994384765625
BCD,V06_Pyramid,12,Test,16380.686188313357,12228.9638671875,-1.2812986373901367,69.5761947631836
BCD,V07_DenseLSTM,3,Train,4055.2410532544177,3203.961181640625,0.2837381362915039,9.201982498168945
BCD,V07_DenseLSTM,3,Test,12464.990974725975,8714.7998046875,-0.3676649332046509,46.26000213623047
BCD,V07_DenseLSTM,6,Train,3859.5866358976837,2902.740234375,0.3771889805793762,8.309305191040039
BCD,V07_DenseLSTM,6,Test,14245.202420464231,10598.7841796875,-0.7862119674682617,53.97780990600586
BCD,V07_DenseLSTM,12,Train,3639.409292728698,3033.324951171875,0.20240557193756104,7.489335536956787
BCD,V07_DenseLSTM,12,Test,16345.496260438225,12407.921875,-1.2715075016021729,69.74528503417969
BCD,V08_Lite,3,Train,3751.2325974271444,3082.8837890625,0.38710445165634155,8.436450958251953
BCD,V08_Lite,3,Test,10932.996661483072,6805.5634765625,-0.052141547203063965,39.011531829833984
BCD,V08_Lite,6,Train,3876.9747226413533,2964.350341796875,0.3715645670890808,8.409839630126953
BCD,V08_Lite,6,Test,13118.779211496778,9086.626953125,-0.5148952007293701,48.56446838378906
BCD,V08_Lite,12,Train,3686.607383489595,3108.70654296875,0.18158406019210815,7.656523704528809
BCD,V08_Lite,12,Test,15244.7541141207,11171.8544921875,-0.9758720397949219,64.31199645996094
BCD,V09_BiDeep,3,Train,3924.639219087533,3135.18115234375,0.3291306495666504,8.927586555480957
BCD,V09_BiDeep,3,Test,11379.76871469715,7849.59716796875,-0.13988924026489258,41.89567565917969
BCD,V09_BiDeep,6,Train,3936.4928553218538,2905.5078125,0.35212141275405884,8.348884582519531
BCD,V09_BiDeep,6,Test,13712.337218723875,10153.052734375,-0.6550791263580322,51.8045768737793
BCD,V09_BiDeep,12,Train,3601.480528893638,3014.66845703125,0.21894347667694092,7.458420753479004
BCD,V09_BiDeep,12,Test,15976.10866262495,11978.1904296875,-1.1700010299682617,67.90850830078125
BCD,V10_Mixed,3,Train,3796.185980691673,3090.776123046875,0.3723270297050476,8.710432052612305
BCD,V10_Mixed,3,Test,11043.438957136495,7540.48193359375,-0.07350587844848633,40.53001022338867
BCD,V10_Mixed,6,Train,3733.2448352606075,2974.400390625,0.41729646921157837,8.242204666137695
BCD,V10_Mixed,6,Test,12454.560610475184,8374.0078125,-0.3653770685195923,45.60661697387695
BCD,V10_Mixed,12,Train,4528.6106037061745,3943.26416015625,-0.23495256900787354,9.562727928161621
BCD,V10_Mixed,12,Test,13897.520354365379,9581.490234375,-0.6420735120773315,57.406776428222656
CGY,V01_Simple,3,Train,5671.925246333912,4499.30078125,0.25519031286239624,13.122299194335938
CGY,V01_Simple,3,Test,13230.163113129029,11417.791015625,0.032003581523895264,49.576560974121094
CGY,V01_Simple,6,Train,5990.353245009846,5011.873046875,0.1888880729675293,14.936224937438965
CGY,V01_Simple,6,Test,14263.841838719329,11194.03125,-0.12516546249389648,54.10860824584961
CGY,V01_Simple,12,Train,5560.959269766323,4258.6630859375,0.4435543417930603,13.211798667907715
CGY,V01_Simple,12,Test,19111.060671768064,12786.814453125,-0.6501733064651489,78.99441528320312
CGY,V02_Deep,3,Train,5720.723031226035,4579.35009765625,0.24231940507888794,13.73128890991211
CGY,V02_Deep,3,Test,13619.394993904833,11505.859375,-0.025791287422180176,51.201171875
CGY,V02_Deep,6,Train,5908.864527132096,4886.03125,0.21080559492111206,15.07589054107666
CGY,V02_Deep,6,Test,15096.480119551046,10011.3642578125,-0.26036036014556885,55.44378662109375
CGY,V02_Deep,12,Train,5589.448988943364,4131.96630859375,0.43783825635910034,12.90713882446289
CGY,V02_Deep,12,Test,19948.531374514765,13243.5810546875,-0.7979675531387329,82.25922393798828
CGY,V03_Wide,3,Train,5653.1518642258325,4473.06201171875,0.2601126432418823,13.457408905029297
CGY,V03_Wide,3,Test,13662.790344581885,10954.9912109375,-0.032338500022888184,51.2826042175293
CGY,V03_Wide,6,Train,5874.730632122633,4967.71337890625,0.21989721059799194,15.461094856262207
CGY,V03_Wide,6,Test,15908.055820872643,9517.1640625,-0.39951491355895996,56.64445114135742
CGY,V03_Wide,12,Train,5506.982839995055,4160.99462890625,0.4543039798736572,12.88160514831543
CGY,V03_Wide,12,Test,20089.242494429698,13438.767578125,-0.8234215974807739,82.93831634521484
CGY,V04_Triple,3,Train,5898.834800195713,4847.57470703125,0.19440501928329468,14.480363845825195
CGY,V04_Triple,3,Test,13820.989255476614,12225.748046875,-0.056383490562438965,51.37928771972656
CGY,V04_Triple,6,Train,6105.0395576114,5041.86083984375,0.15753298997879028,15.637042999267578
CGY,V04_Triple,6,Test,14489.875085727965,10809.783203125,-0.16110801696777344,54.76609420776367
CGY,V04_Triple,12,Train,6321.933881337261,4618.02880859375,0.2808437943458557,14.873309135437012
CGY,V04_Triple,12,Test,20581.16109455441,13724.9423828125,-0.9138139486312866,85.01956939697266
CGY,V05_Bidir,3,Train,5475.836191852346,4330.75341796875,0.3057990074157715,12.897700309753418
CGY,V05_Bidir,3,Test,12990.214778824868,11027.3408203125,0.06679731607437134,48.846622467041016
CGY,V05_Bidir,6,Train,5691.5634056030685,4693.55322265625,0.2677842378616333,14.292038917541504
CGY,V05_Bidir,6,Test,14216.707917095293,10346.6669921875,-0.11774158477783203,53.19908142089844
CGY,V05_Bidir,12,Train,5515.825958095487,4220.7509765625,0.4525500535964966,13.057473182678223
CGY,V05_Bidir,12,Test,19266.236581128138,12905.15625,-0.6770799160003662,79.54512786865234
CGY,V06_Pyramid,3,Train,5875.369264990924,4806.49072265625,0.2008015513420105,14.323078155517578
CGY,V06_Pyramid,3,Test,13825.015587694648,12055.408203125,-0.0569990873336792,51.65053176879883
CGY,V06_Pyramid,6,Train,6104.501945285954,5035.31884765625,0.157681405544281,15.621024131774902
CGY,V06_Pyramid,6,Test,14747.547050272462,10542.5517578125,-0.20277082920074463,55.29915237426758
CGY,V06_Pyramid,12,Train,5903.209635444095,4152.51708984375,0.37295353412628174,13.06714153289795
CGY,V06_Pyramid,12,Test,19410.731052693507,12980.1201171875,-0.7023299932479858,80.40677642822266
CGY,V07_DenseLSTM,3,Train,5889.243075302632,4970.66064453125,0.19702261686325073,15.571596145629883
CGY,V07_DenseLSTM,3,Test,14278.734397697857,9891.0986328125,-0.12751615047454834,52.27652359008789
CGY,V07_DenseLSTM,6,Train,6263.000239501832,5125.94580078125,0.11337333917617798,16.47175407409668
CGY,V07_DenseLSTM,6,Test,16542.576341066102,9282.515625,-0.5133857727050781,57.81623840332031
CGY,V07_DenseLSTM,12,Train,5581.87101248318,4167.57470703125,0.4393615126609802,12.928083419799805
CGY,V07_DenseLSTM,12,Test,19650.936262682244,13100.541015625,-0.744722843170166,81.15997314453125
CGY,V08_Lite,3,Train,5834.316755199361,4789.94482421875,0.21193087100982666,13.918407440185547
CGY,V08_Lite,3,Test,13451.671717671377,12218.939453125,-0.0006815195083618164,49.29328536987305
CGY,V08_Lite,6,Train,6062.36158604879,5116.5048828125,0.16927051544189453,15.115793228149414
CGY,V08_Lite,6,Test,13998.091869965707,11533.279296875,-0.08362996578216553,53.20128631591797
CGY,V08_Lite,12,Train,6165.646113749961,4527.94287109375,0.3159615993499756,14.447248458862305
CGY,V08_Lite,12,Test,18908.03173257333,12643.3955078125,-0.6152979135513306,78.33623504638672
CGY,V09_BiDeep,3,Train,5357.384809774261,4206.2978515625,0.3355076313018799,12.851099967956543
CGY,V09_BiDeep,3,Test,13052.007355192534,10246.220703125,0.057897984981536865,48.91872787475586
CGY,V09_BiDeep,6,Train,5654.730585978434,4746.890625,0.27723056077957153,14.799793243408203
CGY,V09_BiDeep,6,Test,14921.583830143501,9358.5107421875,-0.23132634162902832,53.734832763671875
CGY,V09_BiDeep,12,Train,5542.259467040496,4157.5478515625,0.4472903609275818,12.88294506072998
CGY,V09_BiDeep,12,Test,19154.59631524507,12814.775390625,-0.6577001810073853,79.13025665283203
CGY,V10_Mixed,3,Train,5320.2830751756055,4307.19482421875,0.34467941522598267,13.315765380859375
CGY,V10_Mixed,3,Test,13180.21486926522,9418.943359375,0.03929877281188965,48.41718673706055
CGY,V10_Mixed,6,Train,5680.978260827971,4803.357421875,0.2705051898956299,15.047367095947266
CGY,V10_Mixed,6,Test,15383.207987932816,9219.720703125,-0.308691143989563,54.61267852783203
CGY,V10_Mixed,12,Train,5524.840993187044,4195.24609375,0.45075905323028564,13.210039138793945
CGY,V10_Mixed,12,Test,20129.048462359067,13692.1904296875,-0.8306548595428467,83.3285140991211
PPS,V01_Simple,3,Train,7513.068614088387,5201.8818359375,0.5660490989685059,13.932195663452148
PPS,V01_Simple,3,Test,9394.708723531561,7771.93408203125,0.2911991477012634,22.69767951965332
PPS,V01_Simple,6,Train,7375.083728338275,5605.49609375,0.568822979927063,15.760281562805176
PPS,V01_Simple,6,Test,13936.855886461623,9924.689453125,-0.5598658323287964,32.157073974609375
PPS,V01_Simple,12,Train,7814.473494740385,5987.3818359375,0.5735870599746704,16.524147033691406
PPS,V01_Simple,12,Test,21694.51174836622,18220.01953125,-2.9435017108917236,58.9433479309082
PPS,V02_Deep,3,Train,7995.582530372631,6450.29638671875,0.5085196495056152,19.29263687133789
PPS,V02_Deep,3,Test,10875.685173817787,7538.6259765625,0.050115346908569336,24.538074493408203
PPS,V02_Deep,6,Train,8097.642866908864,6969.615234375,0.48019689321517944,21.23335075378418
PPS,V02_Deep,6,Test,17506.60492499902,14418.296875,-1.46128249168396,43.339210510253906
PPS,V02_Deep,12,Train,7749.347843528512,5796.55810546875,0.580664873123169,15.613213539123535
PPS,V02_Deep,12,Test,22949.74544521137,19410.81640625,-3.413041591644287,62.554561614990234
PPS,V03_Wide,3,Train,7674.723708381951,5411.06591796875,0.5471739172935486,14.731344223022461
PPS,V03_Wide,3,Test,9913.619318896606,7777.3583984375,0.21073639392852783,23.6291446685791
PPS,V03_Wide,6,Train,7222.1999418459745,5882.06103515625,0.5865141153335571,16.94947052001953
PPS,V03_Wide,6,Test,17063.877167865456,14167.1982421875,-1.3383688926696777,42.37129211425781
PPS,V03_Wide,12,Train,7841.199142988271,5717.970703125,0.5706653594970703,14.58465576171875
PPS,V03_Wide,12,Test,21293.960082614976,17601.39453125,-2.7992260456085205,57.440887451171875
PPS,V04_Triple,3,Train,8631.381812896472,6819.5068359375,0.4272480010986328,20.228303909301758
PPS,V04_Triple,3,Test,10259.831967434944,8607.2919921875,0.15464699268341064,24.80990982055664
PPS,V04_Triple,6,Train,8554.312128979162,7466.2578125,0.41991472244262695,22.607059478759766
PPS,V04_Triple,6,Test,15406.395555093346,11377.7919921875,-0.9061614274978638,36.228389739990234
PPS,V04_Triple,12,Train,8932.759036266454,7171.51953125,0.4428114891052246,21.047273635864258
PPS,V04_Triple,12,Test,24383.582673594134,20359.521484375,-3.981696605682373,66.12977600097656
PPS,V05_Bidir,3,Train,7168.56136194704,5262.39794921875,0.6049337387084961,14.726879119873047
PPS,V05_Bidir,3,Test,9401.55604142208,7336.70263671875,0.2901655435562134,22.317197799682617
PPS,V05_Bidir,6,Train,7650.353194461024,6493.91552734375,0.5360356569290161,19.346492767333984
PPS,V05_Bidir,6,Test,15665.44579640171,12479.8955078125,-0.9708025455474854,38.174015045166016
PPS,V05_Bidir,12,Train,7908.788023458462,5842.50244140625,0.5632320046424866,14.807107925415039
PPS,V05_Bidir,12,Test,21487.2695333772,17483.8984375,-2.8685190677642822,57.54856491088867
PPS,V06_Pyramid,3,Train,8639.402294140493,6845.69140625,0.4261831045150757,20.343856811523438
PPS,V06_Pyramid,3,Test,10273.17944942071,8616.224609375,0.15244609117507935,24.843273162841797
PPS,V06_Pyramid,6,Train,8782.102254016403,7706.40869140625,0.3886095881462097,24.22751808166504
PPS,V06_Pyramid,6,Test,19663.51179214944,16784.41015625,-2.1051299571990967,49.4036979675293
PPS,V06_Pyramid,12,Train,8379.390431290334,6642.37353515625,0.5097069144248962,18.776988983154297
PPS,V06_Pyramid,12,Test,24259.44830370221,20205.912109375,-3.931103229522705,65.70960235595703
PPS,V07_DenseLSTM,3,Train,8234.658948614691,6897.1005859375,0.47868865728378296,21.092029571533203
PPS,V07_DenseLSTM,3,Test,12006.793410398965,8369.052734375,-0.15774166584014893,27.32164764404297
PPS,V07_DenseLSTM,6,Train,8565.500569143638,7637.3671875,0.41839635372161865,23.74750518798828
PPS,V07_DenseLSTM,6,Test,21376.92288426938,18999.189453125,-2.669847249984741,54.496253967285156
PPS,V07_DenseLSTM,12,Train,7703.588774071472,5658.91650390625,0.5856025218963623,14.960604667663574
PPS,V07_DenseLSTM,12,Test,22837.46746029428,19322.025390625,-3.369966983795166,62.253700256347656
PPS,V08_Lite,3,Train,8830.538375433289,5950.00244140625,0.4005122780799866,15.017136573791504
PPS,V08_Lite,3,Test,10663.870591862975,10252.75,0.08675491809844971,25.470075607299805
PPS,V08_Lite,6,Train,7955.014267743333,6080.67041015625,0.49834680557250977,16.308067321777344
PPS,V08_Lite,6,Test,11531.349964336352,7616.27587890625,-0.06786882877349854,25.52252960205078
PPS,V08_Lite,12,Train,7673.605150123376,5788.0595703125,0.5888220071792603,15.801019668579102
PPS,V08_Lite,12,Test,20467.887824590012,17021.619140625,-2.510171413421631,55.35971450805664
PPS,V09_BiDeep,3,Train,7218.928175290291,5800.67822265625,0.5993627309799194,17.21101951599121
PPS,V09_BiDeep,3,Test,10086.326189450745,6959.68310546875,0.18299704790115356,22.62053108215332
PPS,V09_BiDeep,6,Train,7825.184981839087,6870.623046875,0.5145875811576843,20.862730026245117
PPS,V09_BiDeep,6,Test,17723.69803398828,15147.576171875,-1.5227041244506836,44.50197219848633
PPS,V09_BiDeep,12,Train,7573.338497650821,5491.13134765625,0.5994970798492432,14.479991912841797
PPS,V09_BiDeep,12,Test,21196.87826072509,17598.138671875,-2.764662742614746,57.283782958984375
PPS,V10_Mixed,3,Train,7239.691153633558,5838.32421875,0.5970547795295715,17.254552841186523
PPS,V10_Mixed,3,Test,10873.899392582221,7597.59033203125,0.050427258014678955,24.68317985534668
PPS,V10_Mixed,6,Train,8269.534932509809,7387.7265625,0.4578944444656372,22.695714950561523
PPS,V10_Mixed,6,Test,19378.70088525028,17186.623046875,-2.0158305168151855,49.30034255981445
PPS,V10_Mixed,12,Train,7454.467117105018,5282.83203125,0.6119710206985474,13.195204734802246
PPS,V10_Mixed,12,Test,18652.43962595778,15473.130859375,-1.9151005744934082,50.331939697265625
TAG,V01_Simple,3,Train,3443.092505292299,2623.41845703125,0.40470612049102783,8.930069923400879
TAG,V01_Simple,3,Test,9107.56125425462,7406.21435546875,0.14949464797973633,35.55347442626953
TAG,V01_Simple,6,Train,3961.727527228494,3275.362548828125,0.2699589729309082,11.689719200134277
TAG,V01_Simple,6,Test,12226.554052552992,9547.0244140625,-0.532784104347229,48.553714752197266
TAG,V01_Simple,12,Train,3910.328502824283,3236.845458984375,0.45935648679733276,11.044098854064941
TAG,V01_Simple,12,Test,16665.18382736896,14377.009765625,-2.805429458618164,76.05878448486328
TAG,V02_Deep,3,Train,4012.197901400179,3349.03466796875,0.1916513442993164,11.869970321655273
TAG,V02_Deep,3,Test,10505.674657060345,8638.7666015625,-0.13167238235473633,42.13848876953125
TAG,V02_Deep,6,Train,4370.530402594175,3696.516357421875,0.11152267456054688,13.270214080810547
TAG,V02_Deep,6,Test,13718.311849495185,10498.8994140625,-0.9296305179595947,54.04859161376953
TAG,V02_Deep,12,Train,4058.343258030301,3218.08349609375,0.4176526665687561,10.92944622039795
TAG,V02_Deep,12,Test,16379.13843888011,13627.603515625,-2.6759159564971924,73.97683715820312
TAG,V03_Wide,3,Train,3558.170456849981,2783.76904296875,0.36424827575683594,9.60079574584961
TAG,V03_Wide,3,Test,9747.970865775093,8063.24658203125,0.025680720806121826,38.88695526123047
TAG,V03_Wide,6,Train,4010.686599573694,3355.059814453125,0.25180381536483765,11.921367645263672
TAG,V03_Wide,6,Test,13411.580667467948,10338.8369140625,-0.844305157661438,52.91434097290039
TAG,V03_Wide,12,Train,3751.191410738727,3108.15087890625,0.5024657249450684,10.491352081298828
TAG,V03_Wide,12,Test,16755.111458895164,14375.478515625,-2.846609354019165,76.36005401611328
TAG,V04_Triple,3,Train,4076.3060483727177,3329.35107421875,0.1656128168106079,11.882740020751953
TAG,V04_Triple,3,Test,10363.932072336253,8375.669921875,-0.1013413667678833,41.22377014160156
TAG,V04_Triple,6,Train,5007.966453561765,4249.15380859375,-0.1665433645248413,15.418171882629395
TAG,V04_Triple,6,Test,14123.597275481909,10716.2275390625,-1.04533052444458,55.556434631347656
TAG,V04_Triple,12,Train,4763.8205255865805,3709.22412109375,0.1975919008255005,13.025578498840332
TAG,V04_Triple,12,Test,17394.548111405482,14748.984375,-3.145813465118408,79.0765380859375
TAG,V05_Bidir,3,Train,3428.4712336550238,2682.951171875,0.4097512364387512,9.33934211730957
TAG,V05_Bidir,3,Test,9281.204232210386,7723.0224609375,0.11675435304641724,37.07523727416992
TAG,V05_Bidir,6,Train,4081.5892738000966,3417.098876953125,0.2251160740852356,12.20571517944336
TAG,V05_Bidir,6,Test,12539.166798475886,9726.2451171875,-0.6121675968170166,49.63958740234375
TAG,V05_Bidir,12,Train,3943.7687558983475,3271.307861328125,0.45007002353668213,11.09343433380127
TAG,V05_Bidir,12,Test,16035.395349039574,13625.0107421875,-2.523244619369507,72.85448455810547
TAG,V06_Pyramid,3,Train,4383.029317720793,3736.185302734375,0.03532111644744873,13.329951286315918
TAG,V06_Pyramid,3,Test,10956.031398275563,8871.00390625,-0.23077702522277832,43.73698806762695
TAG,V06_Pyramid,6,Train,4439.314136215188,3679.278564453125,0.08333683013916016,13.27850341796875
TAG,V06_Pyramid,6,Test,13491.884375431031,10318.8837890625,-0.8664572238922119,53.332359313964844
TAG,V06_Pyramid,12,Train,4549.052208977162,3531.071044921875,0.2683113217353821,12.288904190063477
TAG,V06_Pyramid,12,Test,16791.169107599388,14041.828125,-2.8631832599639893,75.99252319335938
TAG,V07_DenseLSTM,3,Train,4085.202075785236,3443.854248046875,0.1619669795036316,12.200302124023438
TAG,V07_DenseLSTM,3,Test,10675.114612967862,8772.25,-0.16847097873687744,42.797359466552734
TAG,V07_DenseLSTM,6,Train,4281.319656367648,3604.5078125,0.14742344617843628,12.919816017150879
TAG,V07_DenseLSTM,6,Test,13556.561806003763,10393.5703125,-0.8843951225280762,53.46855545043945
TAG,V07_DenseLSTM,12,Train,3921.211419956848,3195.433349609375,0.4563429355621338,10.862100601196289
TAG,V07_DenseLSTM,12,Test,16700.35688241422,14187.2890625,-2.821509599685669,75.9084243774414
TAG,V08_Lite,3,Train,3550.2942131603686,2582.784423828125,0.36705970764160156,8.607855796813965
TAG,V08_Lite,3,Test,8827.687352868814,7215.29931640625,0.2009633183479309,33.8498420715332
TAG,V08_Lite,6,Train,3668.5851496183104,2827.39453125,0.37399864196777344,9.973033905029297
TAG,V08_Lite,6,Test,11561.029365934506,9038.099609375,-0.37045836448669434,45.90983581542969
TAG,V08_Lite,12,Train,4003.24306031997,3347.04296875,0.43335843086242676,11.382609367370605
TAG,V08_Lite,12,Test,15831.100530285315,13463.275390625,-2.434042453765869,71.95011138916016
TAG,V09_BiDeep,3,Train,3730.601023963833,3077.71923828125,0.30113762617111206,10.899471282958984
TAG,V09_BiDeep,3,Test,9677.662527697481,8094.6748046875,0.039684832096099854,38.965789794921875
TAG,V09_BiDeep,6,Train,4181.978718262445,3549.484619140625,0.1865297555923462,12.676942825317383
TAG,V09_BiDeep,6,Test,12986.059602512227,10041.9013671875,-0.7291300296783447,51.19452667236328
TAG,V09_BiDeep,12,Train,3966.236503286207,3191.65673828125,0.4437862038612366,10.898457527160645
TAG,V09_BiDeep,12,Test,16174.68639572341,13723.09375,-2.584719657897949,73.48757934570312
TAG,V10_Mixed,3,Train,3714.2754340517076,3074.595458984375,0.3072408437728882,10.837146759033203
TAG,V10_Mixed,3,Test,9829.78250013702,8242.8359375,0.009257853031158447,39.577518463134766
TAG,V10_Mixed,6,Train,4358.21133035102,3767.810791015625,0.11652421951293945,13.448958396911621
TAG,V10_Mixed,6,Test,13119.314006456283,10136.8779296875,-0.7647984027862549,51.48261260986328
TAG,V10_Mixed,12,Train,3458.109599188551,2936.458251953125,0.57717365026474,9.65306282043457
TAG,V10_Mixed,12,Test,14954.076902303264,12793.9580078125,-2.064098358154297,68.01349639892578
TAC,V01_Simple,3,Train,3340.3389049615907,2651.1337890625,0.27450472116470337,9.549704551696777
TAC,V01_Simple,3,Test,12153.597656661175,8333.8525390625,-0.009061932563781738,1107.2137451171875
TAC,V01_Simple,6,Train,3107.768813795518,2379.256103515625,0.20972734689712524,8.435919761657715
TAC,V01_Simple,6,Test,13815.538498372041,7976.6982421875,-0.3038984537124634,1281.0205078125
TAC,V01_Simple,12,Train,2658.248765635,1954.604248046875,0.3345966339111328,6.32310676574707
TAC,V01_Simple,12,Test,17408.060661659012,11676.548828125,-0.8111129999160767,1901.470703125
TAC,V02_Deep,3,Train,3371.501445943632,2689.128173828125,0.26090508699417114,9.940912246704102
TAC,V02_Deep,3,Test,12700.705492215777,8244.3388671875,-0.10195493698120117,1162.6748046875
TAC,V02_Deep,6,Train,3424.074181439415,2783.845703125,0.040674686431884766,9.959312438964844
TAC,V02_Deep,6,Test,15051.866595210044,9393.0029296875,-0.5477073192596436,1383.838134765625
TAC,V02_Deep,12,Train,2623.4837525702346,1929.3232421875,0.3518872857093811,6.23591947555542
TAC,V02_Deep,12,Test,17672.621989959498,11938.775390625,-0.8665803670883179,1924.2437744140625
TAC,V03_Wide,3,Train,3306.1326349679316,2638.4619140625,0.28928738832473755,9.519577026367188
TAC,V03_Wide,3,Test,12370.323843780323,8307.9814453125,-0.04537057876586914,1127.7471923828125
TAC,V03_Wide,6,Train,3154.235248043494,2324.379150390625,0.18591880798339844,8.135013580322266
TAC,V03_Wide,6,Test,14493.789566569538,8403.8447265625,-0.4350665807723999,1349.64306640625
TAC,V03_Wide,12,Train,2785.4366803070575,1998.7379150390625,0.26939886808395386,6.323878288269043
TAC,V03_Wide,12,Test,16873.67085135893,11234.5263671875,-0.7016251087188721,1848.537109375
TAC,V04_Triple,3,Train,3499.624551291181,2750.59814453125,0.2036638855934143,10.170546531677246
TAC,V04_Triple,3,Test,12688.410459943358,8439.33984375,-0.09982240200042725,1167.643798828125
TAC,V04_Triple,6,Train,3341.427988151174,2735.285888671875,0.08642596006393433,9.811630249023438
TAC,V04_Triple,6,Test,14161.076795215822,7925.14501953125,-0.36993730068206787,1329.992431640625
TAC,V04_Triple,12,Train,2621.3319133600767,2081.298583984375,0.3529500961303711,6.823445796966553
TAC,V04_Triple,12,Test,17837.715548802767,12035.333984375,-0.9016176462173462,1945.625732421875
TAC,V05_Bidir,3,Train,3185.2599579940097,2510.168212890625,0.3403049111366272,9.257883071899414
TAC,V05_Bidir,3,Test,12019.550074774013,7942.4619140625,0.013074159622192383,1093.5452880859375
TAC,V05_Bidir,6,Train,3106.4853130185566,2392.244384765625,0.210379958152771,8.458876609802246
TAC,V05_Bidir,6,Test,13968.166092941477,8252.2861328125,-0.33286726474761963,1285.3685302734375
TAC,V05_Bidir,12,Train,2678.8958546386234,1957.6591796875,0.32421982288360596,6.3110032081604
TAC,V05_Bidir,12,Test,17794.33617755942,11988.828125,-0.8923797607421875,1940.0584716796875
TAC,V06_Pyramid,3,Train,3483.9619687935747,2735.830078125,0.21077591180801392,10.170241355895996
TAC,V06_Pyramid,3,Test,12875.284851217855,8378.10546875,-0.13245725631713867,1184.0831298828125
TAC,V06_Pyramid,6,Train,3489.9444121647552,2937.805908203125,0.003409862518310547,10.52059555053711
TAC,V06_Pyramid,6,Test,15119.320090533172,9310.9619140625,-0.5616103410720825,1403.1854248046875
TAC,V06_Pyramid,12,Train,2621.9702515474883,2017.5963134765625,0.35263490676879883,6.546406269073486
TAC,V06_Pyramid,12,Test,17744.504952238032,11953.623046875,-0.8817958831787109,1937.2724609375
TAC,V07_DenseLSTM,3,Train,3395.2628764206165,2741.45751953125,0.2504504919052124,10.147602081298828
TAC,V07_DenseLSTM,3,Test,12907.107499358639,8175.90625,-0.13806211948394775,1176.8779296875
TAC,V07_DenseLSTM,6,Train,3287.934153841892,2603.536376953125,0.11544311046600342,9.246971130371094
TAC,V07_DenseLSTM,6,Test,14847.74407107019,9068.7548828125,-0.5060142278671265,1369.95751953125
TAC,V07_DenseLSTM,12,Train,2622.750464683974,1913.6666259765625,0.3522495627403259,6.1826491355896
TAC,V07_DenseLSTM,12,Test,17873.730444425975,12134.890625,-0.9093042612075806,1940.6217041015625
TAC,V08_Lite,3,Train,3307.0320530651043,2637.638916015625,0.28890061378479004,9.461474418640137
TAC,V08_Lite,3,Test,12039.020558168342,8277.341796875,0.009874045848846436,1093.8885498046875
TAC,V08_Lite,6,Train,3027.0399733072572,2218.440185546875,0.25025105476379395,7.708937644958496
TAC,V08_Lite,6,Test,13360.001796407065,7689.69189453125,-0.21932971477508545,1250.0799560546875
TAC,V08_Lite,12,Train,2727.8595088457178,2099.278564453125,0.29929089546203613,6.7914581298828125
TAC,V08_Lite,12,Test,17058.283149250397,11240.724609375,-0.7390632629394531,1880.0687255859375
TAC,V09_BiDeep,3,Train,3224.7992185560947,2571.798828125,0.3238253593444824,9.576568603515625
TAC,V09_BiDeep,3,Test,12220.352204417024,7804.47607421875,-0.020177125930786133,1108.215087890625
TAC,V09_BiDeep,6,Train,3041.1690186505584,2311.35595703125,0.24323558807373047,8.130650520324707
TAC,V09_BiDeep,6,Test,13731.385363465699,7999.97216796875,-0.2880622148513794,1266.6104736328125
TAC,V09_BiDeep,12,Train,2666.019504804869,1924.1683349609375,0.3307006359100342,6.135429859161377
TAC,V09_BiDeep,12,Test,16756.35664456925,11243.302734375,-0.6780463457107544,1827.1953125
TAC,V10_Mixed,3,Train,3250.8678841195624,2605.078125,0.3128490447998047,9.726700782775879
TAC,V10_Mixed,3,Test,12289.86769660276,7871.69091796875,-0.03181660175323486,1106.9183349609375
TAC,V10_Mixed,6,Train,3213.873519602164,2558.088623046875,0.1548435091972351,9.11685562133789
TAC,V10_Mixed,6,Test,14164.1965532818,8637.5927734375,-0.3705408573150635,1292.1162109375
TAC,V10_Mixed,12,Train,2938.4518032460564,2209.018798828125,0.18692439794540405,6.940769195556641
TAC,V10_Mixed,12,Test,15784.172325465786,10447.8681640625,-0.4889782667160034,1732.8314208984375
